Unnamed: 0,slug,status_3_ratio_mean,status_3_ratio_var,latitude,longitude,ratios,ratios_length,minCapacity,maxCapacity
329,x5623z,0.7597597597597597,0.1825670402380203,55.732861,12.38663,[0.7597597597597597],1,50,50
47,5nykwy,0.5791907514450867,0.2437851914038062,55.858522,9.851593,[0.5791907514450867],1,75,75
196,jq8xwm,0.5573961735884274,0.2467632535116097,55.723784,9.58365,[0.5573961735884274],1,50,50
12,2j72qy,0.5407245039224735,0.1507182379546926,55.6146,12.3552,"[0.5385325334563913, 0.5429164743885556]",2,43,50
214,kj9rwe,0.5364607524384579,0.1194600840574128,55.626754,12.575313,"[0.41407338597306087, 0.6588481189038551]",2,43,50
275,qk7jyq,0.5121426911457123,0.0736662992532859,55.489341,12.161393,"[0.5177782942133395, 0.4991866139902394, 0.4782709737392517, 0.4945386939344643, 0.4926795259121543, 0.5205670462468046, 0.56983499883802, 0.49151754589821056, 0.46595398559144785, 0.5372995584475947, 0.5231234022774808, 0.5440390425284685, 0.539855914478271, 0.48570764582849174, 0.5221938182663258, 0.5117359981408319]",16,300,300
315,wj3qw6,0.5121247381894345,0.0648645952375067,55.67612,12.559046,"[0.6290435187340004, 0.533395392134047, 0.6032115429369328, 0.5180358389574121, 0.2769373981847801]",5,11,50
97,7w9qrp,0.4949121184088806,0.1400388773085804,56.182788,10.103635,"[0.4364014801110083, 0.553422756706753]",2,22,50
179,gex3n7,0.4937640405918351,0.1244962037244419,55.714602,11.717588,"[0.5340460144085521, 0.505228910062747, 0.44201719730420636]",3,50,300
125,995rxg,0.4879210220673635,0.1361226517536022,55.654635,12.620347,"[0.3698025551684088, 0.6060394889663182]",2,43,50
0,25286j,0.4834414080592867,0.1524359649470092,56.113159,10.132036,"[0.5159796201945345, 0.4509031959240389]",2,300,300
149,dne2kr,0.4810860988628452,0.2497002128731024,54.913956,9.793496,[0.4810860988628452],1,50,50
23,39g88z,0.476733471550334,0.1032603872411483,55.678422,12.529694,"[0.47777009905551715, 0.48882745911080394, 0.4865238424326192, 0.4538124856023958]",4,300,300
318,wj6pz7,0.4661331477615402,0.132611470898651,55.711324,12.540379,"[0.495940617026212, 0.4363256784968685]",2,43,50
162,eeq85m,0.4576388888888889,0.1292539746854982,55.453194,11.789021,"[0.42083333333333334, 0.49444444444444446]",2,43,50
25,39g8qx,0.4508537148131056,0.1323636836499404,55.847837,12.065215,"[0.467005076142132, 0.4347023534840794]",2,43,50
120,8zxw8,0.4484148227456578,0.0690499095684299,55.786395,9.667926,"[0.4848917439923864, 0.46157506542945514, 0.37044967880085655, 0.5105876754699025, 0.5065429455151083, 0.4784677611230074, 0.38329764453961457, 0.2928860337853914, 0.43397573162027125, 0.3402331667856293, 0.5726861765405663, 0.5298596240780395, 0.4739471805852962, 0.4318344039971449, 0.38639067332857485, 0.5170116583392814]",16,150,150
299,rggmqx,0.4455932743644912,0.0836986270316453,55.772665,12.504799,"[0.462347597418121, 0.43652880707626107, 0.42027253167583073, 0.4456131962706192, 0.3810662204159694, 0.3875209180014344, 0.4061678221372221, 0.39206311259861343, 0.5094429835046618, 0.4762132440831939, 0.47979918718623, 0.5500836720057375]",12,250,250
366,yr68wy,0.4442374854481956,0.131787349269875,55.728455,12.439682,"[0.4281722933643772, 0.460302677532014]",2,43,50
210,kdp2q,0.4414471071097577,0.0613519026052458,55.929234,12.291381,"[0.3113994439295644, 0.25648748841519925, 0.5544485634847081, 0.5662650602409639, 0.5433271547729379, 0.5217794253938832, 0.33642261353104724]",7,22,300
365,yr68rq,0.4406307977736549,0.1065804107856001,55.252667,11.78572,"[0.32490723562152135, 0.35528756957328383, 0.6416975881261595]",3,11,50
195,jq8xmg,0.4392890120036934,0.246371048292997,57.455262,9.993931,[0.43928901200369347],1,50,50
229,mw5ppj,0.4350197261545602,0.1427125170202591,55.906489,12.474888,"[0.3826873984683221, 0.4873520538407983]",2,43,50
1,256kqp,0.4335266821345707,0.1504305858509061,55.642697,12.590875,"[0.4194895591647332, 0.44756380510440835]",2,150,150
57,5yw3gj,0.4322467986030268,0.1443371724251241,55.046193,9.419178,"[0.43213038416763677, 0.43236321303841674]",2,22,50
281,qkex2x,0.4308212337712222,0.0881067456337524,55.708968,9.54478,"[0.3701313666743489, 0.42406084351233003, 0.49827149112698776]",3,22,50
359,ymrgmd,0.4305523457360758,0.1573927369148614,57.004812,9.879316,"[0.4097527155072799, 0.45135197596487175]",2,300,300
89,7nn8my,0.4254730041532072,0.0946572819210034,55.308471,10.808783,"[0.446931241347485, 0.3940932164282418, 0.41808952468850946, 0.3991693585602215, 0.4580064605445316, 0.4365482233502538]",6,300,300
26,39g8wp,0.4241443108233117,0.1294516155332056,56.160485,10.222005,"[0.459990749306198, 0.3882978723404255]",2,43,50
148,dne2kp,0.4221198156682028,0.1311768835436397,56.092085,8.242567,"[0.4997695852534562, 0.3444700460829493]",2,43,50
277,qke323,0.4049883990719257,0.1281835111208991,56.153496,10.136087,"[0.38167053364269143, 0.4283062645011601]",2,43,50
16,2n9kg,0.4026599739864803,0.043039569466868,55.489025,12.163113,"[0.39628482972136225, 0.5096451536080019, 0.4243867587520838, 0.44391521790902594, 0.5308406763515122, 0.34031912360085737, 0.3850916884972613, 0.49511788521076444, 0.3984281971898071, 0.4134317694689212, 0.4198618718742558, 0.410335794236723, 0.38604429626101455, 0.4205763276970707, 0.33507978090021434, 0.40200047630388186, 0.4070016670635866, 0.40414384377232676, 0.45296499166468207, 0.4227196951655156, 0.4070016670635866, 0.4100976422957847, 0.2093355560847821, 0.25005953798523456, 0.40985949035484637, 0.38461538461538464]",26,150,150
390,zne2gp,0.4012158054711246,0.0869711594507834,55.669914,12.622625,"[0.3563245265372925, 0.45265372924947395, 0.3104980126256722, 0.48538695347205985]",4,300,300
250,nz32d8,0.4003241491085899,0.1362527897617527,55.975025,10.14949,"[0.3584163000694605, 0.44223199814771935]",2,43,50
163,eeq8wm,0.3981119042136772,0.1247500040567831,55.255631,9.481963,"[0.35804743265024175, 0.4381763757771126]",2,43,50
153,drjk6y,0.3957175925925926,0.10083833652766,56.168303,9.551111,"[0.3386574074074074, 0.39861111111111114, 0.4013888888888889, 0.444212962962963]",4,300,300
213,kj9r83,0.3933906044423806,0.097130274884093,54.767519,11.873621,"[0.3663803111214302, 0.4332482006036684, 0.3805433016020432]",3,22,50
278,qke39y,0.3894297635605007,0.1283927654111659,55.567308,9.721277,"[0.45387111729253593, 0.32498840982846544]",2,43,50
84,7n3j3y,0.3779527559055118,0.1357843646889516,57.005642,9.876272,"[0.3209819360815192, 0.4349235757295044]",2,43,50
11,2j72ky,0.3739316239316239,0.0868786237894371,55.582747,12.295032,"[0.4737814737814738, 0.4670824670824671, 0.2822822822822823, 0.27258027258027256]",4,43,300
296,reqydq,0.3729441741950428,0.1246663298299302,56.48239,10.025751,"[0.359740560574473, 0.3861477878156127]",2,43,50
368,yr6w8k,0.3723084047233155,0.0749161846236471,55.378059,10.433246,"[0.2996063903681408, 0.30863625839314657, 0.4690900671451725, 0.4505672609400324, 0.3336420467700857]",5,11,300
215,kjdxe9,0.3682012292464878,0.0585501146135252,55.386511,10.426722,"[0.3481800766283525, 0.3184865900383142, 0.28400383141762453, 0.3903256704980843, 0.41522988505747127, 0.42265325670498083, 0.3414750957854406, 0.25383141762452105, 0.444683908045977, 0.2962164750957854, 0.31082375478927204, 0.4818007662835249, 0.45162835249042144, 0.3546455938697318, 0.47174329501915707]",15,250,250
235,mzjgpp,0.3662695631861714,0.0098962597174649,55.486708,12.157368,"[1.0, 0.0, 0.09880868955851436]",3,22,50
280,qke3yy,0.3650921658986175,0.1335011438427386,55.651352,12.380832,"[0.3076036866359447, 0.42258064516129035]",2,22,50
13,2j72r2,0.3594544613962089,0.2303001878679523,56.376929,8.621127,[0.35945446139620896],1,50,50
340,xpmnk7,0.3585298196948682,0.1477272253533548,55.012248,11.908791,"[0.35436893203883496, 0.36269070735090153]",2,300,300
303,rp535z,0.3561043157165935,0.1396655218950362,55.782198,12.519621,"[0.36995153473344106, 0.34225709669974613]",2,300,300
169,ejqeg3,0.3542249145697421,0.0324682279174038,55.663749,9.547091,"[0.08946877912395154, 0.6644920782851818, 0.032851817334575956, 0.6311742777260019, 0.06104380242311277, 0.05964585274930102, 0.6663560111835974, 0.6749767008387698, 0.06337371854613234, 0.6288443616029823, 0.6407269338303822, 0.03774464119291705]",12,22,150
227,mw5pde,0.3508731262556019,0.1045174897859166,55.39434,10.376846,"[0.3507185906351414, 0.32962447844228093, 0.3722763096893834]",3,50,300
251,nz32ey,0.3469599263012436,0.1344286733534156,56.032527,9.93137,"[0.28972823583602025, 0.4041916167664671]",2,43,50
63,628ydg,0.3411518810961449,0.1270842942322324,56.562711,9.026866,"[0.26497909893172317, 0.39526242452392013]",2,43,50
242,nj37zx,0.3367113198793783,0.0395510744750787,57.088541,9.968678,"[0.3277661795407098, 0.35258640686615633, 0.48341452099280907, 0.4154488517745303, 0.2407794015309673, 0.42240779401530965, 0.33356529807469265, 0.20598469032707029, 0.40964973324054743, 0.1936905590350267, 0.49826026443980515, 0.24913013221990257, 0.47923915564834146, 0.25516121549524473, 0.26351194618418, 0.2567849686847599]",16,300,300
330,x562jz,0.3339916356877323,0.06372125941307,55.637265,12.082179,"[0.30088289962825276, 0.383364312267658, 0.4354089219330855, 0.5185873605947955, 0.14451672862453532, 0.2211895910780669]",6,43,300
74,6keynk,0.3290657439446366,0.1340188546984253,55.429386,11.790184,"[0.3441753171856978, 0.31395617070357557]",2,300,300
237,mzx6r2,0.3280453913849004,0.1356436653007384,55.595629,12.659088,"[0.3223714682723483, 0.3337193144974525]",2,300,300
124,995rn9,0.3277777777777778,0.1172416454426178,54.83204,9.351111,"[0.23333333333333334, 0.4222222222222222]",2,43,50
392,zpndpr,0.3244675925925926,0.0474701957543325,55.712953,12.560574,"[0.3398148148148148, 0.26851851851851855, 0.36921296296296297, 0.24421296296296297, 0.3729166666666667, 0.32916666666666666, 0.28912037037037036, 0.3425925925925926, 0.325, 0.36412037037037037]",10,300,300
55,5yw393,0.322075208913649,0.1195427554289093,56.413489,10.881871,"[0.29619312906220985, 0.3479572887650882]",2,43,50
82,7n35ke,0.3214698405361682,0.2181774044877926,56.794238,8.854229,[0.3214698405361682],1,50,50
328,x5622x,0.3200668337510443,0.0588026274881221,56.134818,8.969948,"[0.3649122807017544, 0.3433918128654971, 0.3160233918128655, 0.28842105263157897, 0.3146198830409357, 0.35578947368421054, 0.2573099415204678]",7,22,300
264,pjydnq,0.3188238018059736,0.217225480526441,55.722734,11.464672,[0.3188238018059736],1,50,50
353,y9gre,0.3175590302455974,0.0521816679535195,55.51131,9.764768,"[0.30514096185737977, 0.2688936271025823, 0.30443022980336415, 0.32859511963989574, 0.3079838900734423, 0.30561478322672353, 0.2942430703624733, 0.33001658374792703, 0.4581852641554134, 0.2977967306325515, 0.31272210376687987, 0.2970859985785359]",12,150,150
64,628yrm,0.3161252900232018,0.1209165217784611,55.510032,8.456897,"[0.2591647331786543, 0.3730858468677494]",2,43,50
308,rpnyj2,0.3149349361263192,0.0492757537021923,55.534483,9.716938,"[0.3622946917400619, 0.3025470126160438, 0.36181861461556775, 0.43013568198048086, 0.3234944060937872, 0.3218281361580576, 0.29469174006189003, 0.33444417995715303, 0.3156391335396334, 0.32611283027850513, 0.2599381099738158, 0.31064032373244466, 0.2713639609616758, 0.2982623184955963, 0.33015948583670557, 0.30778386098547966, 0.3546774577481552, 0.3434896453225422, 0.3070697452987384, 0.2939776243751488, 0.34372768388478936, 0.25232087598190905, 0.18876457986193762, 0.32325636753154013]",24,250,250
386,z6dzz,0.3062347653869591,0.0381813727837266,55.535763,9.718525,"[0.4008226691042048, 0.25, 0.3679159049360146, 0.3756855575868373, 0.5303930530164533, 0.035877513711151734, 0.5009140767824497, 0.3852833638025594, 0.296617915904936, 0.27513711151736747, 0.023994515539305303, 0.23217550274223034]",12,62,270
54,5yw339,0.3050834303453628,0.076725951092924,56.17035,10.189372,"[0.2619324796274738, 0.23445867287543656, 0.41885913853317813]",3,11,50
50,5y3yrq,0.3004553612976135,0.0425196628917734,55.668863,12.571808,"[0.07127882599580712, 0.48255002326663565, 0.211493718008376, 0.40483946021405304, 0.16387337057728119, 0.38268156424581007, 0.2308050255932992, 0.45532805956258726]",8,300,300
364,yr68n5,0.2993055555555555,0.0841335764451649,56.20273,10.678898,"[0.2898148148148148, 0.23148148148148148, 0.33449074074074076, 0.3414351851851852]",4,22,300
355,ym6rkk,0.2988865692414753,0.1310057205411506,57.265867,9.948698,"[0.30712131755973093, 0.2906518209232197]",2,300,300
347,xrqjqj,0.2969900497512437,0.0065920825085817,56.70528,8.213788,"[0.026119402985074626, 0.029104477611940297, 0.9427860696517413, 0.9412935323383085, 0.0, 0.9447761194029851, 0.02437810945273632, 0.01791044776119403, 0.0012437810945273632, 0.04228855721393035]",10,11,80
83,7n35q8,0.2941002601087727,0.0898534298698474,55.55561,8.14186,"[0.30409080160794516, 0.2830456372664933, 0.32513596594939703, 0.2641286356112556]",4,11,150
255,nzn6mp,0.2904972265586076,0.0352873934296578,55.352714,10.419778,"[0.20437107649383865, 0.24017670309230413, 0.39641943734015345, 0.22459893048128343, 0.24203673564287376, 0.28225993954894213, 0.17089049058358521, 0.24133922343641015, 0.11648453847942339, 0.415252266914671, 0.3994419902348291, 0.42292490118577075, 0.3394559404789584, 0.47779586142757496, 0.27435480120902117, 0.43780516159032784, 0.3289932573820042, 0.3359683794466403, 0.17856312485468495, 0.4282724947686585, 0.20390606835619624, 0.24250174378051617, 0.2962101836782144, 0.25203441060218557, 0.25691699604743085, 0.2397116949546617, 0.1969309462915601, 0.28830504533829343]",28,300,300
228,mw5pee,0.2850089417619159,0.0608998074328586,54.758914,11.855202,"[0.311173314672265, 0.3610916724982505, 0.3291345929554467, 0.2866806624679263, 0.2834149755073478, 0.13855843247025892]",6,43,300
98,7w9qxx,0.2847766006448641,0.1129057206410099,56.451983,9.406735,"[0.2224781206817135, 0.34707508060801473]",2,43,50
108,8ndx35,0.2844408427876823,0.1119301585538057,54.939782,8.854387,"[0.24866867330400555, 0.3202130122713591]",2,43,50
118,8zdpp,0.2832443471381524,0.0338171543752067,55.38791,11.361842,"[0.22984931834489356, 0.2276967232719445, 0.24778761061946902, 0.2501793829227458, 0.46998325759387705, 0.17436020090887347, 0.17483855536952883, 0.12030614685481943, 0.09758430997369051, 0.3417842621382444, 0.22817507773259985, 0.2033006457785219, 0.3147572351112174, 0.23941640755800048, 0.3738340110021526, 0.38250790305584825, 0.2939488160727099, 0.28749103085386274, 0.30279837359483375, 0.3149964123415451, 0.2929921071513992, 0.2946663477636929, 0.4187993303037551, 0.3195407797177709, 0.37981344176034443, 0.3934465438890218]",26,150,250
261,pjyd3w,0.2816705336426914,0.1216180023573385,55.488446,9.474084,"[0.20139211136890953, 0.3619489559164733]",2,43,50
326,wxqw7y,0.2813877929914133,0.123738927808243,56.23427,10.29953,"[0.22998375493153864, 0.332791831051288]",2,300,300
262,pjyd79,0.2809236481782316,0.0678254233705318,56.149999,10.252163,"[0.17498259456950568, 0.15966581573450916, 0.4172661870503597, 0.3717799953585519]",4,300,300
265,pjym7r,0.2778035217794254,0.0502406900084515,54.929495,9.805633,"[0.33804448563484707, 0.26946246524559775, 0.11283595922150139, 0.39087117701575536]",4,22,50
119,8zg52,0.2749791468064824,0.0392513032003207,55.068158,9.360839,"[0.3117254528122021, 0.2023355576739752, 0.4408960915157293, 0.31291706387035273, 0.23141086749285034, 0.19494756911344138, 0.21568160152526217, 0.22163965681601525, 0.30028598665395617, 0.23760724499523356, 0.2785986653956149, 0.3753574833174452, 0.32721639656816015, 0.3317445185891325, 0.2152049571020019, 0.2020972354623451]",16,150,150
58,5yw3p3,0.2727167896678967,0.1044434593351122,55.740854,12.544981,"[0.1907287822878229, 0.3547047970479705]",2,43,50
252,nz32kr,0.2720876585928489,0.1019433794854027,55.649424,12.198053,"[0.23806228373702423, 0.3061130334486736]",2,43,50
194,jq8x28,0.2707122937485475,0.0503430710877872,55.711175,12.478455,"[0.2616778991401348, 0.25075528700906347, 0.27236811526841737, 0.2572623750871485, 0.3339530560074367, 0.35788984429467813, 0.22565651870787823, 0.20613525447362305]",8,43,300
161,eek65z,0.2672936093988725,0.0278617872657314,55.647185,12.541627,"[0.5042674253200569, 0.027738264580369845, 0.4193930772878141, 0.33712660028449504, 0.2797534376481745, 0.013276434329065908, 0.3840682788051209, 0.41536273115220484, 0.024656235182550973]",9,60,300
389,zn6djm,0.2669902912621359,0.060520511813233,57.036654,9.934661,"[0.3324086916319926, 0.31044845122515025, 0.2034211742949607, 0.22168284789644013]",4,43,300
259,pj78qw,0.2669068092028817,0.0897739492400023,55.966992,12.404039,"[0.12270508947246107, 0.41110852893330235]",2,43,50
112,8ndxx9,0.2667824074074074,0.1022883249509062,55.687109,12.52594,"[0.17847222222222223, 0.35509259259259257]",2,43,50
269,pzg7je,0.2661178107606679,0.1233773630601099,55.854067,11.578983,"[0.2680890538033395, 0.2641465677179963]",2,150,150
297,reqyyp,0.2660041599260457,0.1952910799641979,55.698081,12.557008,[0.26600415992604576],1,50,50
147,dne2jp,0.2657657657657657,0.0627568129589846,55.509767,9.767765,"[0.18757218757218758, 0.3051513051513052, 0.21667821667821668, 0.35366135366135365]",4,43,50
361,ymz9ek,0.262421639192013,0.0762506833031183,57.018276,9.993176,"[0.2971906199210587, 0.2303227304388205, 0.2154631994427676, 0.3067100069654052]",4,300,300
246,njjg6y,0.2603798065581505,0.0419742894080796,56.430273,10.061784,"[0.2208067940552017, 0.1910828025477707, 0.32554847841472045, 0.25218211842415666, 0.3161122906345836, 0.18895966029723993, 0.24062278839348902, 0.24015097900448218, 0.2356687898089172, 0.24722811983958481, 0.29653220099079974, 0.3996225524887945, 0.20547298891247937, 0.386411889596603, 0.25359754659117717, 0.1660769049304081]",16,250,250
369,yr7g6z,0.2577469711090401,0.0662852279679852,55.731753,12.389059,"[0.3337998600419874, 0.2234389561975769, 0.1337371854613234, 0.34040074557315936]",4,300,300
387,zee2q,0.2570376368964985,0.0499404959474294,55.536776,9.717684,"[0.19438444924406048, 0.3444924406047516, 0.31533477321814257, 0.0, 0.33659066232356133, 0.3801295896328294]",6,350,350
95,7w9qj2,0.2560296846011132,0.1905226694967223,55.465691,8.445434,[0.2560296846011132],1,50,50
176,eypyn,0.2539684898929845,0.0382876116971719,56.783309,9.690891,"[0.26254458977407846, 0.38287752675386444, 0.15005945303210463, 0.24684898929845422, 0.12604042806183116, 0.0925089179548157, 0.3288941736028537, 0.33507728894173605, 0.37883472057074913, 0.28109393579072534, 0.3895362663495838, 0.2858501783590963, 0.238525564803805, 0.12152199762187872, 0.16504161712247326, 0.27824019024970276]",16,150,150
338,xdrg7,0.2520271070075757,0.0343270451447424,56.122406,9.173014,"[0.11576704545454546, 0.25804924242424243, 0.3802083333333333, 0.22916666666666666, 0.4109848484848485, 0.16808712121212122, 0.31889204545454547, 0.21401515151515152, 0.23200757575757575, 0.4550189393939394, 0.10108901515151515, 0.18394886363636365, 0.34398674242424243, 0.1337594696969697, 0.2774621212121212, 0.2099905303030303]",16,250,250
293,r32mkw,0.2510980392156862,0.0357098109974357,55.668659,12.605793,"[0.05341176470588235, 0.3221176470588235, 0.3527058823529412, 0.3225882352941176, 0.09670588235294118, 0.35905882352941176]",6,60,300
93,7w2p9w,0.2463878832165277,0.0444995860279952,55.347721,11.120159,"[0.2931876307835387, 0.265054638456173, 0.26761218321320623, 0.30597535456870495, 0.2945826551964659, 0.028365496396186934, 0.2699372239014183]",7,62,270
27,39gnqe,0.2440933426443203,0.0355988343584632,55.063927,10.615416,"[0.0, 0.0, 0.35591247672253257, 0.3817504655493482, 0.39501862197392923, 0.3784916201117318, 0.2881750465549348, 0.15339851024208567]",8,22,300
111,8ndxk7,0.2432463903120633,0.0969436630139875,55.390728,11.353155,"[0.16557987890079182, 0.32091290172333486]",2,43,50
65,628yye,0.2419653179190751,0.0947116777978,55.007167,11.915802,"[0.2945664739884393, 0.18936416184971097]",2,43,50
100,7wmq3r,0.2362627197039778,0.0517959763012761,55.297279,10.840271,"[0.2511563367252544, 0.26595744680851063, 0.2791396854764107, 0.08371877890841813, 0.3013413506012951]",5,75,215
146,dne2dr,0.2354549685827321,0.0600479365773792,55.496577,9.759053,"[0.26599953455899467, 0.13777053758436117, 0.25971608098673493, 0.27833372120083777]",4,22,300
398,zpx6mk,0.2347009735744089,0.1070288115594507,55.330264,11.139881,"[0.23157162726008346, 0.23783031988873435]",2,300,300
207,k2z5z5,0.2321974148061104,0.0207693566197583,55.661315,12.4744,"[0.49776733254994127, 0.10105757931844889, 0.4397179788484136, 0.1309048178613396, 0.08836662749706228, 0.07285546415981199, 0.09165687426556991, 0.07802585193889541, 0.21950646298472384, 0.4484136310223267, 0.1600470035252644, 0.4580493537015276]",12,22,300
24,39g8nx,0.2316253188036169,0.1256044310100156,55.66562,12.400319,"[0.23858103408300488, 0.22466960352422907]",2,43,50
305,rpe5py,0.2306797020484171,0.0406821300589877,55.663867,12.53512,"[0.17574487895716945, 0.20763500931098697, 0.24068901303538176, 0.2918994413407821, 0.2413873370577281, 0.22672253258845437]",6,300,300
160,ee9wx8,0.2289420221909673,0.0637123778804583,55.733887,12.476643,"[0.323019221753399, 0.04875761837787154, 0.3150492264416315]",3,60,300
317,wj6pe7,0.227062094531974,0.0988364188548468,56.951909,8.692122,"[0.26413345690454126, 0.18999073215940684]",2,43,50
279,qke3nz,0.2201612903225806,0.0920456066136837,55.216359,9.376607,"[0.09032258064516129, 0.35]",2,43,50
132,9ek9ew,0.2199040767386091,0.034553819235918,56.784101,9.695102,"[0.3502158273381295, 0.02302158273381295, 0.29726618705035973, 0.27424460431654674, 0.04201438848920863, 0.33266187050359713]",6,62,300
352,y7ypj,0.2196215293935163,0.0481350621671533,55.06505,9.3663,"[0.3802197802197802, 0.0, 0.34175824175824177, 0.378021978021978, 0.16373626373626374, 0.38571428571428573]",6,350,350
331,x562z8,0.2174763988026709,0.0882873195142504,55.215624,9.371837,"[0.08128022104536035, 0.3536725765599816]",2,43,50
175,exxrn6,0.216984505363528,0.02550383125383,55.643012,12.274821,"[0.24839094159713945, 0.2433849821215733, 0.2069129916567342, 0.2362336114421931, 0.20905840286054828, 0.19594755661501786, 0.21549463647199046, 0.20119189511323005, 0.21120381406436234, 0.2171632896305125, 0.19284862932061977, 0.21239570917759237, 0.20882002383790227, 0.24266984505363529, 0.20715137067938022, 0.19880810488676998, 0.3032181168057211, 0.3775923718712753, 0.21239570917759237, 0.2133492252681764, 0.17497020262216925, 0.19499404052443384, 0.1902264600715137, 0.20572109654350418, 0.18212157330154946, 0.16924910607866508, 0.19785458879618595, 0.2061978545887962]",28,250,250
230,mw6eqe,0.2159463831754102,0.0474479194546687,54.948674,11.98818,"[0.2870348971573839, 0.2743240120175641, 0.23988906863877976, 0.04090593944996533, 0.237577998613358]",5,75,300
159,ee9pqp,0.2137022549470777,0.0393611117877794,55.521225,8.548019,"[0.17901518637827887, 0.19098021168890933, 0.21675103543488264, 0.2823285780027612, 0.21974229176254026, 0.20409572020248504, 0.18292682926829268, 0.23377818683847215]",8,300,300
335,x675q,0.2131718829263989,0.0376285589081645,55.66017,12.28545,"[0.32105628908964556, 0.2918693537178596, 0.32267778549918924, 0.2128793143386611, 0.1553960166743863, 0.0444650301065308, 0.14381658175081055]",7,22,75
288,qpzd63,0.2107831468697929,0.0361650452651107,55.465674,8.444136,"[0.14948821709116877, 0.20304689359676267, 0.19328731254463222, 0.21280647464889313, 0.19328731254463222, 0.2563675315401095, 0.19138300404665556, 0.2818376577005475, 0.20947393477743395, 0.2073315877172102, 0.18400380861699595, 0.24708402761247322]",12,250,250
339,xp67g9,0.2078541374474053,0.0251101475290547,55.53418,12.21714,"[0.12155212716222534, 0.40042075736325383, 0.1456287985039738, 0.4277699859747546, 0.16806919121084618, 0.16666666666666666, 0.15497896213183732, 0.18676951846657316, 0.19682094436652642, 0.10986442262739599]",10,22,150
258,p5zr9g,0.2074798619102416,0.0973082192651744,55.31711,10.789783,"[0.2193325661680092, 0.1956271576524741]",2,300,300
334,x62zj,0.2056852322625375,0.0908322106533384,55.561581,12.229786,"[0.18581003004391033, 0.22556043448116478]",2,75,175
298,rewedg,0.2051764705882353,0.0567394957983192,55.745197,12.556573,"[0.30211764705882355, 0.01811764705882353, 0.2952941176470588]",3,60,300
180,gex3p9,0.2028126452812645,0.0572938774685182,55.333163,8.770313,"[0.24848907484890748, 0.27405857740585776, 0.08391445839144585, 0.20478847047884705]",4,43,300
127,998pnx,0.2024326404926866,0.0337237079561943,55.658104,12.335245,"[0.28819043217009477, 0.04549653579676674, 0.15265588914549655, 0.40115473441108546, 0.09030023094688222, 0.2369515011547344]",6,22,150
106,8ey33w,0.2002845399936769,0.1013187045901346,55.73557,12.362379,"[0.20518495099589, 0.1953841289914638]",2,300,300
226,mr3ge,0.1980033919210607,0.0429109122664884,55.309395,10.804939,"[0.2555309734513274, 0.3064159292035398, 0.27101769911504425, 0.26327433628318586, 0.24225663716814158, 0.0]",6,350,350
51,5y3zkg,0.1978130975143403,0.028867493238646,55.512586,9.462869,"[0.2038718929254302, 0.21056405353728488, 0.3711759082217973, 0.11806883365200765, 0.33604206500956024, 0.18905353728489482, 0.1842734225621415, 0.10922562141491396, 0.30664435946462715, 0.07409177820267686, 0.1747131931166348, 0.15152963671128106, 0.15105162523900573, 0.1111376673040153, 0.36233269598470363, 0.21582217973231357, 0.3809751434034417, 0.13217017208413, 0.1828393881453155, 0.16252390057361377]",20,250,250
52,5y6n8g,0.1958041958041958,0.0652760363648684,55.41794,11.33802,"[0.2177156177156177, 0.16736596736596737, 0.20233100233100232]",3,13,50
375,yy6gn,0.1955524453774978,0.0403913724173479,56.068124,9.978392,"[0.35920177383592017, 0.1278941565600882, 0.27342888643880925, 0.12458654906284454, 0.2006651884700665, 0.15853658536585366]",6,350,350
21,33gq7y,0.1932542903525046,0.0275643418976173,55.478189,9.87785,"[0.17648423005565864, 0.16117810760667903, 0.1614100185528757, 0.1553803339517625, 0.17509276437847868, 0.23098330241187384, 0.17115027829313545, 0.24605751391465677, 0.20570500927643784, 0.12917439703153988, 0.2625231910946197, 0.22727272727272727, 0.18668831168831168, 0.1760204081632653, 0.19944341372912802, 0.22750463821892394]",16,300,300
287,qpp9jr,0.1931415468000833,0.022200541831551,55.627132,12.624391,"[0.029080675422138838, 0.23287992495309567, 0.19136960600375236, 0.4333958724202627, 0.2553939962476548, 0.05042213883677298, 0.06636960600375234, 0.17706378986866791, 0.3022983114446529]",9,60,300
273,q5wg3e,0.1929548156956004,0.0250235725297294,55.64006,11.830555,"[0.09655172413793103, 0.16837098692033295, 0.19357907253269918, 0.09726516052318668, 0.13460166468489893, 0.19785969084423305, 0.24233055885850177, 0.10011890606420927, 0.13412604042806184, 0.2225921521997622, 0.3110582639714625, 0.40451843043995245, 0.15980975029726516, 0.09155766944114149, 0.1859690844233056, 0.3469678953626635]",16,250,250
126,995rz5,0.191419911401259,0.0393112115116111,55.678653,11.091186,"[0.24131499183958965, 0.22709256236885056, 0.22662625320587548, 0.2685940778736302, 0.0995570062951737, 0.0853345768244346]",6,43,300
380,z2w6mk,0.1911661603178312,0.0350146674910428,55.666096,12.586647,"[0.09838747370881047, 0.2589390044402898, 0.18906286515541015, 0.29422762327646645, 0.1731713017060061, 0.13320869362000468]",6,150,150
166,ejdx2j,0.1893271461716937,0.0733369804418422,56.412393,10.076191,"[0.30324825986078885, 0.07540603248259861]",2,43,50
96,7w9qmp,0.1887058036065831,0.0184944671457367,56.135327,9.006889,"[0.11906449326718639, 0.10252775809118828, 0.15024805102763997, 0.09142452161587526, 0.13253012048192772, 0.11906449326718639, 0.09024332624616112, 0.11646586345381527, 0.15615402787621072, 0.18048665249232224, 0.11268603827072998, 0.16371367824238128, 0.07772265532719112, 0.06354831089062131, 0.09284195605953224, 0.06567446255610677, 0.01700921332388377, 0.2310418143160879, 0.38034490904795654, 0.4304275927238365, 0.38128986534372783, 0.3971178832978975, 0.45334278289629104, 0.40396881644223953]",24,22,300
257,p5y8dp,0.1881211000693321,0.1527668572685075,54.82984,11.141775,[0.1881211000693321],1,300,300
348,xrx6eq,0.1847466960352423,0.0233954932781582,55.487669,9.845626,"[0.10711801530257362, 0.05147229306747044, 0.2095988870855553, 0.19707859958265708, 0.11708787386969627, 0.1553443079063297, 0.31161604451657776, 0.24646417806631116, 0.1279851611407373, 0.18965916995131, 0.22745188963598423, 0.15024345003477857, 0.2960816137259448, 0.28564804080686296, 0.17876188268026896, 0.10433572919081846]",16,300,300
266,pyd3e,0.1827969437369761,0.0804612813616621,55.560067,12.230918,"[0.1398471868488076, 0.2257467006251447]",2,75,175
141,d9ekwk,0.1822235532927356,0.0267370083647928,56.493334,8.591714,"[0.16142557651991615, 0.053109713487071976, 0.12415560214302353, 0.4085720941066853, 0.22827859305846726, 0.11483810854880037, 0.18518518518518517]",7,11,50
32,39xdqr,0.1808165158895847,0.0848732078570927,56.130112,10.164427,"[0.1820292547016485, 0.17977267455346788]",2,300,300
44,5nd93r,0.1784059314179796,0.0869356738836979,55.158749,8.769447,"[0.20088044485634848, 0.15593141797961074]",2,150,300
92,7px33,0.1783250059481322,0.02904162495047,54.899885,11.89693,"[0.1508446347846776, 0.2636212229359981, 0.12752795622174637, 0.27075898167975254, 0.15203426124197003, 0.1522721865334285, 0.1551272900309303, 0.15441351415655485]",8,125,125
382,z2z3zn,0.1779048063462436,0.0972223069220512,55.394824,10.348554,"[0.18618758749416706, 0.16962202519832012]",2,300,300
289,qpzp2r,0.1778302505575232,0.023589166638937,55.70593,12.531883,"[0.24840613931523023, 0.21818181818181817, 0.019834710743801654, 0.24297520661157024, 0.23423848878394332, 0.027863046044864226, 0.2781582054309327, 0.29775678866587957, 0.03305785123966942]",9,60,300
192,j8552,0.1774608370353051,0.0728033734074375,55.725944,12.415833,"[0.07341594575637128, 0.281505728314239]",2,43,50
62,628y5k,0.1756380510440835,0.0869719181619006,55.676459,12.562006,"[0.21020881670533642, 0.20046403712296984, 0.1923433874709977, 0.19419953596287703, 0.08097447795823666]",5,22,50
354,ym2dwz,0.1748894577612287,0.0848046025354835,55.708884,12.524618,"[0.15266464975564348, 0.19711426576681407]",2,150,150
3,257pjw,0.1708889912482727,0.1417185829287674,54.828983,11.138163,[0.1708889912482727],1,300,300
190,gx755,0.170129270544783,0.0782994060513726,55.7697,12.5173,"[0.15604801477377656, 0.18421052631578946]",2,43,75
374,yry5yp,0.1690597498842056,0.0740297388428375,55.736896,12.574793,"[0.16489115331171839, 0.1732283464566929]",2,43,50
56,5yw39j,0.1681374825824431,0.0777627090848573,55.976197,11.301197,"[0.09010682768230376, 0.24616813748258246]",2,43,50
208,k73nd,0.1670392078945625,0.0178743867542806,55.584921,12.257683,"[0.15300546448087432, 0.16923076923076924, 0.18688524590163935, 0.26885245901639343, 0.3092896174863388, 0.18688524590163935, 0.19672131147540983, 0.1945054945054945, 0.12747252747252746, 0.2021978021978022, 0.23169398907103825, 0.16043956043956045]",12,350,350
142,deg8n,0.1655560661764706,0.0567609410066314,55.677906,12.560925,"[0.004825367647058824, 0.32628676470588236]",2,43,50
249,njxpxn,0.1654701250578971,0.0846702792786963,56.55181,8.310629,"[0.15956461324687354, 0.1713756368689208]",2,170,170
88,7n9r77,0.1640889318511358,0.0781149940215373,55.73557,12.362379,"[0.17199612403100775, 0.15659739004349926]",2,300,300
376,z22293,0.1640138408304498,0.0779617349260613,55.812687,12.376678,"[0.13194925028835064, 0.19607843137254902]",2,150,150
61,6275k5,0.161819184992512,0.0305596457382296,55.722555,9.570138,"[0.01655237644833294, 0.23835422085599434, 0.23480728304563728, 0.23126034523528022, 0.23953653345944667, 0.010404350910380705]",6,60,300
122,95286,0.1606936416184971,0.074079074716731,56.181548,10.125218,"[0.14658959537572255, 0.17479768786127167]",2,43,50
323,wqz262,0.1604995374653099,0.0779813372655737,55.727117,12.472608,"[0.150786308973173, 0.1702127659574468]",2,150,150
306,rpex6j,0.160429905075704,0.0486702901328876,56.030333,12.601339,"[0.020710755471875734, 0.23417274652859496, 0.22640621322664156]",3,60,300
271,q2erq,0.1581696289367009,0.0353793754038283,56.782908,9.694346,"[0.19444444444444445, 0.21777777777777776, 0.1653631284916201, 0.13555555555555557, 0.26256983240223464, 0.19106145251396647]",6,350,350
15,2jejpm,0.1550764951321279,0.0768035763405066,55.395462,10.188196,"[0.15878535002318034, 0.15136764024107557]",2,150,150
29,39q696,0.152939126394052,0.0307960306881513,55.631338,12.656632,"[0.2158457249070632, 0.012314126394052044, 0.36988847583643125, 0.01370817843866171]",4,50,175
20,333yjg,0.1526717557251908,0.0572042205509889,55.620538,12.629468,"[0.030071709461022438, 0.27527180198935924]",2,150,150
198,jrej3k,0.1513846869909239,0.0233316095078532,56.541577,9.897226,"[0.14638119618338374, 0.20898301140330464, 0.15103560623690948, 0.14219222713521062, 0.14777751919944146, 0.10821503374447289, 0.09425180358389575, 0.16127530835466605, 0.19083081219455433, 0.18594368163835234, 0.11007679776588318, 0.16965324645101235]",12,300,300
116,8pemee,0.1499405469678953,0.0177932357075451,54.939946,9.378711,"[0.07348394768133175, 0.1479191438763377, 0.17431629013079666, 0.20095124851367419, 0.13317479191438764, 0.13816884661117718, 0.1671819262782402, 0.13912009512485138, 0.15695600475624258, 0.18810939357907253, 0.18834720570749108, 0.1750297265160523, 0.1074910820451843, 0.19072532699167657, 0.24351961950059453, 0.13745541022592153, 0.08727705112960761, 0.0887039239001189, 0.13032104637336503, 0.10582639714625446, 0.16837098692033295, 0.1657550535077289, 0.14863258026159334, 0.1417360285374554]",24,250,250
377,z222px,0.1486204498029214,0.0732222383293894,55.962127,11.850467,"[0.16438673776953397, 0.13285416183630883]",2,150,150
378,z267wr,0.1480537534754402,0.0727447628109373,56.480421,8.606704,"[0.14735866543095458, 0.14874884151992585]",2,150,150
286,qpn3pe,0.1479944674965422,0.0753948701561493,55.453298,11.786234,"[0.1380820654679576, 0.15790686952512678]",2,300,300
138,9k9eg3,0.1438749803180601,0.0273500648451646,55.720242,12.449674,"[0.26877657061880017, 0.024090694378837978, 0.19485120453471894, 0.1724137931034483, 0.013934813415210204, 0.1891828058573453]",6,60,300
295,re9ney,0.1417427256416257,0.0174990856994367,55.645646,12.460007,"[0.024338871986894453, 0.2291130353381699, 0.18605195413058742, 0.187456119822139, 0.020828457758015447, 0.1764568219049848, 0.15773461268429675, 0.2728761993915282, 0.020828457758015447]",9,60,300
186,gmje2d,0.1412196240256762,0.0281046244337855,55.471802,8.434331,"[0.1373223292067859, 0.1276937184777625, 0.09949564419990829, 0.12127464465841357, 0.22283356258596973, 0.1386978450252178]",6,300,300
395,zppqpg,0.1355614766759345,0.0192668895118758,56.131292,9.350055,"[0.10681186283595923, 0.10797034291010195, 0.17771084337349397, 0.1010194624652456, 0.11353104726598702, 0.11862835959221502, 0.13994439295644115, 0.15848007414272475, 0.21362372567191845, 0.10194624652455977, 0.15222428174235403, 0.13484708063021317]",12,300,300
263,pjydm9,0.1351696885169688,0.059439392263981,56.449459,9.999327,"[0.0602045560204556, 0.2101348210134821]",2,43,50
85,7n3ppw,0.1337259521005104,0.0387421224923679,55.673037,12.483238,"[0.12626619552414606, 0.24428739693757362, 0.030624263839811542]",3,60,300
320,wqj7n9,0.1336496181439481,0.064946144796729,55.534488,12.214594,"[0.06526267067808378, 0.20203656560981254]",2,43,50
200,jrqpqp,0.1333477771037351,0.0125645487372831,55.642029,12.084084,"[0.23570066730219255, 0.2011439466158246, 0.23570066730219255, 0.23069590085795996, 0.12368922783603432, 0.1632507149666349, 0.03336510962821735, 0.06387035271687322, 0.03336510962821735, 0.05743565300285987, 0.0]",11,22,150
30,39x2d3,0.1330423155576529,0.0441907736003642,54.831845,9.351153,"[0.2078810759792355, 0.18692471088033985, 0.004247286455875413]",3,60,300
367,yr68zr,0.1316461574181565,0.060695919355296,56.448947,10.00196,"[0.06872533085674483, 0.19456698397956815]",2,43,50
220,kpw3zm,0.1285117250986765,0.0137511635294664,55.073156,9.335971,"[0.18249361504527514, 0.4439284885070815, 0.10076619456698398, 0.008822846528906431, 0.150452751335036, 0.058741583468771764, 0.032737404225679126, 0.05015091711167866]",8,22,120
73,6k7qmg,0.1263732080314994,0.0101304814943152,56.429629,10.063318,"[0.10624551328068917, 0.15458243598947116, 0.10863843024647045, 0.020339794209140942, 0.3560660445082556, 0.012682459918640823, 0.012682459918640823, 0.012921751615218953, 0.3050969131371141, 0.03780808805934434, 0.06963388370423547, 0.012443168222062694, 0.1191672648959081, 0.3601340033500838, 0.012921751615218953, 0.007178750897343862, 0.040918880114860015, 0.31825795644891125, 0.34099066762383345, 0.11462072266092367, 0.31610433117970804, 0.05719071548217277, 0.01507537688442211, 0.009093084469968891, 0.006221584111031347, 0.2857142857142857, 0.09810959559703278, 0.014836085187843982, 0.2586743240009572, 0.29911462072266093, 0.012203876525484566, 0.03158650394831299, 0.06293371620004785, 0.017707585546781528, 0.3108399138549892, 0.014596793491265853, 0.30031107920555156, 0.358698253170615, 0.010528834649437664, 0.030868628858578606, 0.07681263460157932, 0.08446996889207944, 0.03613304618329744, 0.32926537449150517]",44,22,300
156,dx9pjd,0.1258664146187775,0.023571953263415,56.068623,9.978565,"[0.16800567107750472, 0.006852551984877127, 0.22920604914933837, 0.14555765595463138, 0.19848771266540643, 0.007088846880907372]",6,60,300
244,njj9qm,0.1251728907330567,0.0249348008861104,56.955035,8.696964,"[0.1267865375749193, 0.13854310742277548, 0.13047487321346243, 0.12425080682342093, 0.09243891194098663, 0.13854310742277548]",6,300,300
104,8dxgy,0.1248535270681978,0.0409548640696398,55.678306,12.45775,"[0.02348993288590604, 0.03355704697986577, 0.04697986577181208, 0.026845637583892617]",4,43,50
45,5njy29,0.1233948167172542,0.0641139279226835,54.832237,11.13298,"[0.13915479803875788, 0.10763483539575064]",2,300,300
193,j877d,0.1219342896807033,0.0602269449984424,55.64044,9.56305,"[0.06732993984266543, 0.17653863951874132]",2,43,50
393,zpnnrx,0.1202700580938922,0.0398701429917672,55.507425,9.457325,"[0.01460197833254828, 0.17922750824305228, 0.1669806877060763]",3,60,300
184,gjxm6p,0.1191474493361285,0.018280255694862,55.457475,9.275754,"[0.010948054973212206, 0.01583973911017936, 0.15793151642208245, 0.09433962264150944, 0.05264383880736082, 0.0517120894479385, 0.15583508036338226, 0.0528767761472164, 0.24714651758676917, 0.2811553692056837, 0.1639878872583275, 0.1453529000698812]",12,22,150
276,qk85yd,0.1181996855345911,0.0188228439201128,55.775075,12.521009,"[0.022169811320754716, 0.011320754716981131, 0.24764150943396226, 0.1804245283018868, 0.01509433962264151, 0.23254716981132076]",6,60,300
332,x59g85,0.1167259786476868,0.0373658536768455,55.656087,12.307504,"[0.19620403321470936, 0.14638196915776988, 0.007591933570581257]",3,60,300
243,nj3zyn,0.1156350513846395,0.0214783899031472,56.783046,9.694855,"[0.19581077900682514, 0.016003765591903977, 0.15980230642504117, 0.009884678747940691, 0.1715697811249706, 0.14073899741115556]",6,60,300
28,39mjj5,0.1143167551907291,0.0649893785117581,55.621148,12.60544,[0.012716450216450216],1,50,50
59,5zknp,0.1142925234917608,0.0149047213177354,56.433685,10.055412,"[0.06816015252621545, 0.08174451858913251, 0.16587225929456625, 0.07221163012392755, 0.15562440419447093, 0.14871306005719734, 0.14704480457578648, 0.25357483317445184, 0.06959008579599618, 0.06625357483317446, 0.11010486177311725, 0.0786463298379409, 0.12678741658722592, 0.055767397521449]",14,130,130
131,9ee6k2,0.1140264908529341,0.0117403320570983,54.7791,11.47722,"[0.11831789023521026, 0.09931100023758613, 0.07911617961511047, 0.15585649798051793, 0.12140650985982418, 0.0691375623663578, 0.09075789973865526, 0.09194583036350677, 0.11974340698503208, 0.22950819672131148, 0.13138512710857686, 0.14682822523164646, 0.11023996198622, 0.12687099073414113, 0.06343549536707056, 0.07056307911617961]",16,250,250
9,27y63,0.1123046123046123,0.0489669636696745,55.78355,12.37658,"[0.0723030723030723, 0.15684915684915685]",2,43,50
10,2j722x,0.1111880578639581,0.034608372948504,56.79942,8.840144,"[0.16043397968605724, 0.05216989843028624, 0.12096029547553093]",3,22,50
307,rpgqjd,0.1107398017976492,0.0921022418709609,55.09326,10.253922,"[0.11016363217331182, 0.11131597142198664]",2,150,300
115,8pdewg,0.1107204250664166,0.0352827269256914,55.640589,12.097662,"[0.01617440225035162, 0.15213314580403187, 0.16385372714486637]",3,60,300
17,2p87z6,0.1107134610944354,0.0411461652206046,54.952145,8.887219,"[0.20041608876560332, 0.18610020780420225, 0.021242207342415147, 0.03532671438466867]",4,160,160
53,5ykjz2,0.110247959824231,0.0143041962636452,55.692466,12.46268,"[0.019538606403013182, 0.1838512241054614, 0.16078154425612054, 0.15393794749403342, 0.12728719172633254, 0.022673031026252982, 0.182909604519774, 0.09887005649717515, 0.010828625235404897]",9,60,300
356,ym96xm,0.110192040721888,0.0334028096751216,55.101888,10.240557,"[0.07635354002776493, 0.1112910689495604, 0.12447940768162888, 0.12864414622859788]",4,300,300
363,ypxj99,0.1099101287345154,0.0527248947394633,55.735229,9.10298,"[0.14476560602380373, 0.0750546514452271]",2,150,150
285,qpkr36,0.109524933144565,0.0224794690107933,55.065279,9.366183,"[0.2048135913166588, 0.010382255781028787, 0.15998112317130722, 0.1446436998584238, 0.1264747522416234, 0.010854176498348278]",6,60,300
177,gedrjz,0.1083216017519161,0.0346012606514064,56.151623,10.00619,"[0.15278103731518422, 0.15861098076020647, 0.01360863444392304]",3,60,300
150,dnpzzw,0.1082820148428864,0.0241839387698792,55.883202,12.497602,"[0.14898152534343914, 0.006395073424917101, 0.14519185220274752, 0.21887550200803213, 0.13975903614457832, 0.007228915662650603]",6,60,300
218,kpen9p,0.1070332782629218,0.0201420017513871,55.797243,12.480904,"[0.14278970970025961, 0.13122492329478405, 0.008968609865470852, 0.17677602076941232, 0.010148690110927543, 0.1722917158366769]",6,60,300
140,9key76,0.1067358327438497,0.0167232237264558,55.616571,12.3517,"[0.005187455788729073, 0.17307238858759727, 0.1341664701721292, 0.1919358641829757, 0.002357934449422306, 0.13369488328224474]",6,60,300
14,2je655,0.1066942401960784,0.0364954357930639,55.057086,10.576668,"[0.15073529411764705, 0.07881433823529412, 0.09053308823529412]",3,22,150
87,7n95kg,0.1056910569105691,0.0515591470970472,55.712559,12.560633,"[0.07526132404181185, 0.13612078977932637]",2,240,240
394,zppnz7,0.1055812838785623,0.0144998622805369,56.361676,8.620159,"[0.2449406838799721, 0.2612235403582228, 0.1886485229123052, 0.2000465224470807, 0.2226099092812282, 0.24028843917190043]",6,300,300
152,dr8d96,0.1041666666666666,0.0555521893682339,55.889536,12.496199,"[0.11267605633802817, 0.09593023255813954]",2,300,300
110,8ndxj5,0.1039981511439796,0.0521731003202054,57.048153,8.887612,"[0.06262999768892998, 0.14536630459902936]",2,43,50
209,k977x,0.1038440798089515,0.0504585848166795,55.64211,9.55807,"[0.054772359602495956, 0.15322394268546338]",2,43,50
188,gmzwzx,0.1037491157745814,0.0334683831638537,55.394356,10.356639,"[0.00825277057297807, 0.15821740155623673, 0.1447771751945296]",3,60,300
43,5n5q8y,0.1035930022750451,0.0178480414701665,55.867289,9.844402,"[0.10567192280536597, 0.19887032242880678, 0.008237232289950576, 0.11320310661332078, 0.005883737349964698, 0.18969169216286186]",6,60,300
154,drxx56,0.1021197626702213,0.015134822905525,55.309564,10.805103,"[0.16466713714420136, 0.019289578922606444, 0.13902611150317573, 0.13714420136438485, 0.015760997412373558, 0.17219477769936486, 0.01787814631851329, 0.1305575158786168, 0.12255939778875559]",9,60,300
67,62z2dj,0.1021063346644741,0.0229234549601236,55.654425,12.40528,"[0.018297533810660304, 0.1105807478122514, 0.12609387430389818, 0.15832746065304204, 0.11862814188395583, 0.039934225980737606]",6,60,300
274,qk2wk2,0.1004471168670983,0.0330622309652893,55.059204,10.608146,"[0.09320074005550416, 0.08209990749306198, 0.12604070305272896]",3,22,75
388,zkggq,0.1002567415921379,0.0071938237667971,57.455813,10.04226,"[0.113306355629612, 0.09950011901928113, 0.10521304451321115, 0.08283741966198524, 0.08212330397524399, 0.09640561771006903, 0.13234944060937873, 0.06784099024041895, 0.12401809093073078, 0.09521542489883361, 0.10188050464175197, 0.11949535824803618, 0.08021899547726732, 0.07712449416805522, 0.053558676505593907, 0.11187812425612949, 0.14401333015948584, 0.14282313734825042, 0.08140918828850274, 0.047607712449416806, 0.05879552487502975, 0.15996191383004046, 0.0776005712925494, 0.07955625990491284, 0.10235658176624614, 0.10021423470602238, 0.09854796477029279, 0.1804332301832897]",28,150,250
239,n98nqj,0.0994473496553363,0.0169111008292792,56.787214,8.829697,"[0.09935821250297124, 0.0801045875921084, 0.07582600427858331, 0.10910387449488947, 0.10934157356786309, 0.10149750415973377, 0.10387449488946993, 0.11647254575707154]",8,250,250
272,q5g67y,0.098733981781689,0.0211060333025418,54.99729,12.00039,"[0.09581497797356828, 0.08315098468271334, 0.17491749174917492, 0.12363238512035012, 0.1422319474835886, 0.18052516411378555]",6,350,350
248,njw5dp,0.0978513356562137,0.0489585559606923,55.833041,12.524161,"[0.0, 0.0, 0.07990708478513357, 0.12311265969802555]",4,150,150
270,pzgqw6,0.0970544104872462,0.0187114372968278,56.103765,10.145462,"[0.1781568348732528, 0.00923951670220327, 0.13764510779436154, 0.1257995735607676, 0.009476427386875147, 0.12200900260601753]",6,60,300
107,8ey3gw,0.0964604591836734,0.0457960800947172,55.889536,12.496199,"[0.10427295918367346, 0.08864795918367346]",2,300,300
199,jrqpkp,0.0963815680971072,0.0144595968145438,55.70217,12.591061,"[0.10402219140083217, 0.12422073424151465, 0.0664973447240822, 0.11336873701223736, 0.05795428307550219, 0.18032786885245902, 0.10228584622489033, 0.022396675132763794]",8,300,300
76,792yy,0.0960992081974848,0.0177864341340107,55.23286,11.75768,"[0.10200279459711226, 0.26432231020027946, 0.053952791307605844, 0.03656264555193293, 0.0]",5,22,225
37,3yd98n,0.0958957553058676,0.0309433739219871,57.020387,9.967491,"[0.14723782771535582, 0.021067415730337078, 0.11938202247191011]",3,60,300
221,m573d,0.0945757997218358,0.0396274226092026,57.154299,10.158087,"[0.1376912378303199, 0.05146036161335188]",2,43,50
109,8ndx38,0.0941828254847645,0.0413468961445891,55.080664,11.959194,"[0.04547553093259465, 0.14289012003693444]",2,43,50
373,yr8252,0.0939457202505219,0.0454644972850436,55.818009,12.371355,"[0.04430526559962886, 0.14358617490141498]",2,43,50
130,9e6z9g,0.093841642228739,0.0466906624411159,56.025982,12.58673,"[0.08917197452229299, 0.09872922776148582]",2,300,300
103,8dw55,0.0933518647208709,0.0453844296843115,55.526407,9.464464,"[0.07852675469075747, 0.10817697475098448]",2,43,50
245,njje2j,0.0921093507300403,0.0172136753955957,55.52614,9.464075,"[0.12628145386766076, 0.11789375582479031, 0.05871388630009319, 0.13466915191053122, 0.047530288909599254, 0.06756756756756757]",6,150,150
167,ejkger,0.0917327733706641,0.0186089350817556,57.043306,8.481117,"[0.052496500233317776, 0.12529164722351843, 0.11175921605226319, 0.05319645356976201, 0.10825944937004199, 0.09939337377508166]",6,22,150
222,m577d,0.0894846796657381,0.0415030545597535,55.39329,10.18904,"[0.04526462395543175, 0.13370473537604458]",2,43,50
68,68x68,0.0880640465793304,0.0466043712738487,56.84127,9.7435,"[0.07768329119742588, 0.09859802344288669]",2,43,50
204,jzrnyw,0.0878709978967048,0.0252654288898641,56.412811,10.073908,"[0.06940874035989718, 0.08857209628417854, 0.08857209628417854, 0.10493105865856509]",4,300,300
341,xpr5gw,0.0869952724172672,0.0144907860499961,55.643301,12.400076,"[0.0478958381771681, 0.11857707509881422, 0.1267147175075564, 0.0741687979539642, 0.05533596837944664, 0.09927923738665427]",6,150,150
333,x5ny52,0.0869130100076982,0.0307647553990895,55.058723,10.60415,"[0.10531177829099307, 0.09607390300230947, 0.05935334872979215]",3,22,75
33,3ge6r,0.0850074404761904,0.0403147747864497,55.701301,12.59315,"[0.011532738095238096, 0.15848214285714285]",2,43,50
360,ymrnpz,0.0829648592040958,0.0392628090534776,55.146434,8.495552,"[0.057016523155690016, 0.10891319525250175]",2,43,50
137,9k5e8m,0.08007229294358,0.013865152361117,55.647029,12.288385,"[0.12517680339462517, 0.07967939651107968, 0.014144271570014143, 0.12423385195662423, 0.12258368694012259, 0.014615747289014616]",6,60,300
183,gjmnky,0.0795443870361672,0.0107513075195795,56.781686,8.23264,"[0.07186472522310944, 0.11390324095819633, 0.12916862376702679, 0.10732738374823861, 0.038985439173320806, 0.09253170502583373, 0.06505401596993894, 0.054720526068576796, 0.06364490371066228, 0.05824330671676844]",10,22,150
284,qpe6jr,0.0791233868429335,0.0143663729132438,55.387655,11.362686,"[0.07766761095372994, 0.1645420207743154, 0.009915014164305949, 0.0767233238904627, 0.006137865911237016, 0.1397544853635505]",6,60,300
77,79zzz,0.0788922504072608,0.0489421618044549,54.83231,9.33313,"[0.0442168955084943, 0.11356760530602746]",2,43,50
123,952w6,0.0784608273630691,0.061052369188682,55.668475,12.573211,"[0.05592789461520684, 0.10099376011093136]",2,43,50
121,95226,0.0782810685249709,0.0360407248854751,55.45523,11.60721,"[0.0329849012775842, 0.12357723577235773]",2,43,50
381,z2w9zr,0.0775074791371437,0.0132380938228324,55.367895,10.357036,"[0.002834199338686821, 0.09069437883797828, 0.07581483230987246, 0.006613131790269249, 0.20736891828058573, 0.08171941426547001]",6,60,300
170,eq77y,0.0767361111111111,0.041980083159682,54.94839,11.98752,"[0.11666666666666667, 0.03680555555555556]",2,43,50
357,ymqkrd,0.0761366313309776,0.0095882753896861,56.950043,8.37408,"[0.12603062426383982, 0.09870435806831566, 0.12626619552414606, 0.04263839811542992, 0.05771495877502945, 0.06266195524146054, 0.044287396937573616, 0.1005889281507656, 0.061248527679623084, 0.04122497055359246]",10,22,150
66,628yze,0.0755366308912739,0.0181406104431622,55.297526,10.841085,"[0.06252916472235184, 0.04479701353243117, 0.040363975734951006, 0.15445636957536163]",4,22,50
143,deggn,0.0754709637241164,0.0346685017002365,55.45536,11.59646,"[0.033395609528257826, 0.11793554413825315]",2,43,50
34,3geer,0.0753646677471637,0.0355995369727415,55.70182,11.656742,"[0.05579995369298449, 0.0949293818013429]",2,43,50
187,gmmjjm,0.0747793776126335,0.0380768967267669,54.776469,11.515257,"[0.052717138875986995, 0.09684161634928007]",2,150,150
216,kp26k2,0.0747410262587328,0.021656408820055,56.181601,10.124751,"[0.06769453143820767, 0.07925801011804384, 0.06986268369067694, 0.0821488797880029]",4,300,300
205,k2jp28,0.0745441957073621,0.0401482513357622,56.15669,8.967349,"[0.04944547134935305, 0.09969997692130164]",2,100,100
48,5w38e,0.0730155056699838,0.0339614833243332,57.022364,9.903855,"[0.09858828974774357, 0.04744272159222402]",2,43,50
117,8pey2q,0.072341092562113,0.0126264114846741,55.778935,12.173989,"[0.0077592287796849286, 0.101105102280743, 0.11192099694333411, 0.10345638372913238, 0.0101105102280743, 0.09969433341170938]",6,60,300
189,gx725,0.0716202745188252,0.0340113511990144,56.84363,9.74208,"[0.028985507246376812, 0.11847250977685761]",2,43,50
256,p5y3qe,0.0714983424106085,0.0071023657007098,57.389315,10.510433,"[0.08808903623016813, 0.05612124082405873, 0.04878048780487805, 0.05470044991712053, 0.06156760596732181, 0.06867156050201279, 0.04286052569263557, 0.04949088325834715, 0.08382666350935354, 0.11058489225668956, 0.08524745441629174, 0.0989817665166943, 0.07056594837793038, 0.0674875680795643, 0.07032914989344068, 0.08666824532322993]",16,250,250
101,7wrw58,0.0712825351891169,0.0137354398183943,56.186153,9.558184,"[0.09577730596838877, 0.11842415664071715, 0.0028308563340410475, 0.09247464024534088, 0.009436187780136825, 0.10875206416607691]",6,60,300
133,9eknkd,0.0703652012095836,0.0368693640377154,56.486855,8.583807,"[0.05954873226331705, 0.08118167015585019]",2,240,240
321,wqjey7,0.0702871699861046,0.037159565417933,54.936887,9.374512,"[0.06160259379342288, 0.07897174617878648]",2,150,150
139,9kedyp,0.0702473498233215,0.0086409614238184,56.039396,12.613162,"[0.061248527679623084, 0.0812720848056537, 0.023321554770318022, 0.07868080094228504, 0.08032979976442874, 0.08386336866902237, 0.023332547725665804, 0.06151308036766439, 0.00895592740985152, 0.2000942729201037]",10,22,50
70,6ee2rz,0.069997697444163,0.036669898658907,55.438328,8.385841,"[0.04282753856781027, 0.09716785632051578]",2,300,300
6,25w36x,0.069719861504564,0.0112996092908531,56.36633,8.637648,"[0.006846081208687441, 0.06468366383380547, 0.10056657223796034, 0.007318224740321058, 0.20184135977337112, 0.037063267233238904]",6,60,300
291,qzg9gj,0.0684384974220476,0.0165423057081542,56.797596,9.507178,"[0.01743186840166953, 0.04075619936164989, 0.12226859808494966, 0.09329732383992144]",4,22.1,120
247,njjk2x,0.0680685358255451,0.0123477525659012,55.937623,12.487266,"[0.0044392523364485985, 0.0794392523364486, 0.12196261682242991, 0.005373831775700935, 0.12476635514018691, 0.07242990654205607]",6,60,300
254,nzn5nr,0.0680232558139534,0.0123847607730419,55.70255,12.549548,"[0.0869767441860465, 0.049534883720930234, 0.1086046511627907, 0.08046511627906977, 0.022325581395348838, 0.06023255813953488]",6,150,150
206,k2knkx,0.067988324008757,0.0342450762626647,55.794465,9.646648,"[0.08002918997810751, 0.05594745803940647]",2,150,150
233,mwr7ke,0.0679819441201649,0.012613610343897,55.886381,9.786466,"[0.046929722157366335, 0.09922951202428204, 0.06350688769554051, 0.10623394816717255, 0.0352556619192155, 0.05673593275741303]",6,150,150
238,n377q,0.067595818815331,0.0322559518412496,55.700608,11.651887,"[0.060859465737514516, 0.0743321718931475]",2,43,50
231,mwq6dg,0.0667683642337479,0.0152657695195484,55.86916,12.346768,"[0.0051937674790251695, 0.057530962844586496, 0.04115061925689173, 0.10279277164984746, 0.1220370804975358, 0.015019948368927482]",6,60,300
362,ypp2yx,0.0666705148926345,0.0154587503059473,56.172876,10.196563,"[0.08483587609801202, 0.06949896097898868, 0.05864696374971138, 0.05379819903024705]",4,225,225
337,x69yj,0.0665666820489155,0.0294358440408233,55.56066,12.2314,"[0.0265343793262575, 0.1065989847715736]",2,43,50
181,geye9q,0.0658942224324111,0.0216213941485208,55.472953,8.435814,"[0.10759044691416411, 0.007093875620714117, 0.08299834476235517]",3,60,300
234,mwrmwy,0.064516129032258,0.0205452554720234,55.060149,10.608458,"[0.023439313065676492, 0.08865165931770712, 0.08145741471339057]",3,22,75
304,rp75w9,0.0644383184011026,0.0332433482740098,57.033893,9.908146,"[0.050816279604506784, 0.0781070526073972]",2,300,300
219,kppjzy,0.0641382509858501,0.031790202691975,57.099975,10.02423,"[0.06502554575011611, 0.06332637439109255]",2,300,300
91,7nzpw9,0.0639089007669068,0.0329904817036495,56.470719,10.031144,"[0.05995816871949802, 0.06785963281431559]",2,150,150
49,5wmrn,0.063455303381195,0.0299080951757128,56.17812,10.06543,"[0.015979620194534506, 0.1109309865678555]",2,43,50
316,wj6ex8,0.0634395907123179,0.0121005371767599,56.108643,8.978481,"[0.07319952774498228, 0.08311688311688312, 0.018417945690672965, 0.01936245572609209, 0.10531286894923259, 0.08122786304604486]",6,60,300
41,5jq9ge,0.0630784218217243,0.0304903017656938,55.4824,12.186404,"[0.04335119337554798, 0.08280565026790063]",2,300,300
322,wqrw9x,0.0625485625485625,0.0103091946178913,55.845299,9.487717,"[0.05617715617715618, 0.09230769230769231, 0.026806526806526808, 0.015850815850815853, 0.1414918414918415, 0.04265734265734266]",6,150,150
38,5jn75z,0.0619773733398917,0.0303596707476248,56.137189,10.177534,"[0.08284023668639054, 0.04131824889326119]",2,300,300
260,pjxemy,0.0619659175104964,0.0072535830985761,55.354133,10.420607,"[0.036799209681402816, 0.24944430723635466, 0.04667819214620894, 0.10249444307236355, 0.03803408248950358, 0.08471227463571253, 0.010372931588046431, 0.008644109656705359, 0.013830575450728575, 0.02657307595888694]",10,50,300
165,ej672k,0.0619633325597586,0.0322552902057902,56.23066,10.237237,"[0.05198421907635182, 0.07194244604316546]",2,150,150
39,5jnk7y,0.061377245508982,0.0334929656926643,55.731444,9.135783,"[0.06333486872409028, 0.05941962229387379]",2,150,150
113,8nkngr,0.061063385186905,0.0311055108443669,55.708399,11.900309,"[0.07415155741515574, 0.048061295565358715]",2,75.2,75.2
370,yr7gw9,0.0599320358356502,0.0250927828138175,56.177815,9.660601,"[0.09835305033634888, 0.0006950880444856349, 0.08086190917516219]",3,60,280
309,rpppx6,0.0595705379819903,0.0103458355351762,55.877056,12.476933,"[0.04479335026552759, 0.04756407296236435, 0.08958670053105518, 0.10228584622489033, 0.03278688524590164, 0.040406372662202726]",6,150,150
397,zprjyk,0.0594436310395314,0.0239665588130825,54.998079,12.000319,"[0.0849194729136164, 0.006734992679355783, 0.08667642752562225]",3,60,300
36,3ryq3r,0.0589519650655021,0.0296540467206512,55.765375,12.488927,"[0.06857976653696499, 0.049490538573508006]",2,300,300
178,geg28p,0.0587415130940834,0.0079632230058108,55.391936,11.352533,"[0.08341416100872939, 0.13554801163918526, 0.07977691561590688, 0.12148399612027158, 0.0019398642095053346, 0.013094083414161009, 0.014791464597478177, 0.01988360814742968]",8,50,300
217,kp7jk5,0.058684901869881,0.0102928214722795,55.685449,12.451551,"[0.04033379694019471, 0.09573481687528976, 0.043115438108484005, 0.08368103847936949, 0.028280018544274456, 0.06096430227167362]",6,150,150
191,gx775,0.0586405529953917,0.0342996034253681,54.82622,9.32942,"[0.03225806451612903, 0.08502304147465438]",2,43,50
151,dr85e6,0.058,0.0099389921811668,56.450115,9.391854,"[0.006823529411764706, 0.05364705882352941, 0.09247058823529412, 0.011058823529411765, 0.07270588235294118, 0.11129411764705882]",6,60,300
99,7wg2m7,0.0579317025914264,0.0116958610750747,54.898954,11.918018,"[0.07750060547348026, 0.0956648098813272, 0.06442237829983047, 0.0862194235892468, 0.011140712036812788, 0.011310548315711827]",6,50,300
372,yr7yq2,0.0576741996233521,0.0194079059684092,57.587952,9.958504,"[0.06426553672316385, 0.09157250470809793, 0.017184557438794726]",3,60,300
319,wjyrnn,0.0574100378787878,0.0104573523911265,57.039356,9.93138,"[0.011600378787878788, 0.05658143939393939, 0.1025094696969697, 0.06131628787878788, 0.008996212121212122, 0.10345643939393939]",6,60,300
313,w2k7y,0.0572567004944054,0.00612353838279,56.094496,8.23574,"[0.05128805620608899, 0.05200281096275474, 0.054813773717498245, 0.03958772546263762, 0.05130007027406887, 0.06207542750058562, 0.06722885921761537, 0.06607310215557638, 0.07002341920374708]",9,22,300
385,z65qz,0.0568050081150011,0.028544242349681,55.56086,12.22931,"[0.022490146070020867, 0.09111987015998145]",2,43,50
71,6ejdj8,0.0566007653061224,0.0286135132880904,55.410292,10.339689,"[0.041135204081632654, 0.07206632653061225]",2,300,300
75,6krm3r,0.0538419276351934,0.0088630688471966,55.946966,12.04781,"[0.045443842712502944, 0.11043089239463151, 0.004944666823640216, 0.0030609842241582294, 0.08523663762655992, 0.073934542029668]",6,60,300
294,re8djg,0.0536651234567901,0.0093843152969413,56.456639,9.394074,"[0.043055555555555555, 0.07291666666666667, 0.025925925925925925, 0.056712962962962965, 0.046064814814814815, 0.07731481481481481]",6,150,150
8,27y26,0.053501400560224,0.0110150546326398,55.702638,12.57475,"[0.0838001867413632, 0.019374416433239963, 0.10947712418300654, 0.021241830065359478, 0.03361344537815126]",5,22,110
182,gjenxn,0.0521536670547147,0.0265061897018499,55.360752,9.483662,"[0.06775320139697323, 0.03655413271245635]",2,150,150
343,xpxznm,0.0511194614059809,0.0088052873725806,55.582639,12.297531,"[0.09182714889619539, 0.01338656646312823, 0.0018788163457022077, 0.09417566932832315, 0.099577266322217, 0.0058713010803193985]",6,60,300
164,eerm7k,0.0507884972170686,0.0266474876152775,55.46024,10.656291,"[0.06771799628942486, 0.03385899814471243]",2,22,60
86,7n6e5x,0.0506190252311549,0.0089453282415555,55.223334,11.758216,"[0.05077574047954866, 0.10272684532204984, 0.0016455101081335214, 0.0030559473436765397, 0.07263751763046544, 0.07287259050305595]",6,60,300
7,25zew9,0.0502915451895043,0.0137824180184137,56.377499,8.620042,"[0.021865889212827987, 0.03231292517006803, 0.08697764820213799, 0.06000971817298348]",4,150,150
134,9ekzj7,0.0494984567901234,0.023680641607044,55.613885,8.325843,"[0.04212962962962963, 0.05648148148148148]",2,180,180
202,jz262g,0.0493956299395629,0.0040672933359318,56.954006,8.692057,"[0.03509995350999535, 0.04160855416085542, 0.006741050674105067, 0.009762900976290097, 0.04625755462575546, 0.0023245002324500234, 0.00046490004649000463, 0.3179916317991632, 0.014179451417945141, 0.019525801952580194]",10,22,300
94,7w9ezp,0.0493504397643831,0.005995654554398,55.413935,10.055847,"[0.10167029774872913, 0.0718954248366013, 0.09489227789881384, 0.03606874848704914, 0.08206245461147423, 0.04793028322440087, 0.007262164124909223, 0.008853910477127398, 0.012048192771084338, 0.02768361581920904]",10,50,300
105,8e8xq6,0.0492085879956119,0.0088510337857268,55.488631,12.16242,"[0.061824165491302305, 0.06723084156088388, 0.009167842031029619, 0.06041372825575929, 0.009402914903620122, 0.08721203573107664]",6,60,300
129,9e62kk,0.0483646485734168,0.0241684386943021,56.126907,10.185179,"[0.0554395731848759, 0.041289723961957785]",2,150,150
201,jrry9r,0.0478871604364987,0.0133385446260966,55.360083,9.468341,"[0.04156025075458556, 0.04527513350359879, 0.0462038541908521, 0.05850940329695844]",4,300,300
240,n9qkrq,0.047676669893514,0.0163659394894644,55.524597,8.589284,"[0.06098741529525654, 0.004356243949661181, 0.0776863504356244]",3,60,300
310,rq779,0.0475307210758172,0.0247579318597999,55.51196,9.39401,"[0.015766287966612568, 0.07929515418502203]",2,43,50
197,jre33n,0.0472890833941162,0.025182945836538,55.84925,11.574277,"[0.042791150012156574, 0.051787016776075855]",2,150,150
311,rq7m9,0.0469478098788443,0.030363555420511,57.221955,9.941859,"[0.022833178005591797, 0.07106244175209693]",2,43,50
22,33r3q9,0.0468958480496036,0.0082610873598965,57.444144,10.539302,"[0.08194019307746644, 0.009418412997409937, 0.06828349423122204, 0.06404520838238757, 0.05392041441017189, 0.0037673651989639746]",6,60,300
145,dn8jdj,0.0468762126503686,0.0075443849991598,55.478315,8.493108,"[0.02840512223515716, 0.06845168800931316, 0.020023282887077998, 0.04423748544819558, 0.03445867287543655, 0.08568102444703143]",6,150,150
314,w688p,0.045808290953922,0.0286204473496128,56.038029,9.000103,"[0.026352288488210817, 0.06588072122052704]",2,43,50
157,dxx9kq,0.0455868653935724,0.0043125718842786,56.137094,8.965468,"[0.2505822077317187, 0.09385188635305076, 0.0055891942244993015, 0.010246856078248719, 0.0032603632976245926, 0.0006986492780624127, 0.0004657661853749418, 0.0]",8,22,50
2,257jn3,0.0450534138411518,0.0117618206073905,56.453939,9.449268,"[0.049001393404551785, 0.03344170924291686, 0.03158383650719926, 0.06618671620993961]",4,150,150
325,wxjqew,0.0446901635567841,0.0129792876198119,55.73369,9.127637,"[0.01612531674729325, 0.06611379866390232, 0.036627505183137524, 0.0598940336328035]",4,150,150
396,zprj3z,0.0434571497936392,0.0221518140327679,56.381011,10.506181,"[0.04782714251031804, 0.03908715707696043]",2,150,150
135,9eyjd9,0.0434117647058823,0.0074701175363061,55.697788,11.72707,"[0.06023529411764706, 0.11223529411764706, 0.002823529411764706, 0.03676643884044308, 0.0037709168041480086, 0.04360122554796135]",6,60,300
236,mzq7x3,0.0432635786503644,0.0072999768410942,55.639719,11.83078,"[0.007994356924523865, 0.11145074065365625, 0.04961203856101575, 0.050082294850693626, 0.011991535386785799, 0.028450505525511403]",6,60,300
383,z655z,0.0426070935052971,0.0198382141675927,55.51409,9.40002,"[0.012897282358360202, 0.07231690465223399]",2,43,50
282,qkq78g,0.0421598205306722,0.0072750617309489,57.022229,9.904365,"[0.017637502900905083, 0.015548851241587376, 0.054304943142260385, 0.07704803898816431, 0.03759572986771873, 0.05082385704339754]",6,150,150
144,degzn,0.0415416570505423,0.0211270779618888,56.17521,10.06587,"[0.016385875836602816, 0.06669743826448188]",2,43,50
4,257w2d,0.0411245353159851,0.0037388575849049,54.660981,11.340777,"[0.02253717472118959, 0.017890334572490705, 0.0866635687732342, 0.057388475836431224, 0.03763940520446097, 0.02184014869888476, 0.04275092936802974, 0.08805762081784387, 0.022769516728624536, 0.013011152416356878, 0.022304832713754646, 0.031133828996282528, 0.0625, 0.04925650557620818]",14,22,50
102,8drwq,0.0406796717758166,0.0193216801508691,56.039672,9.004974,"[0.014166279609846726, 0.07268927078495123]",2,43,50
232,mwr3g9,0.0405582542987123,0.0069540612555049,55.626112,12.097063,"[0.03469812630117974, 0.018505667360629193, 0.04533888503354152, 0.05343511450381679, 0.04765209345362017, 0.04371963913948647]",6,150,150
371,yr7n75,0.0402700186219739,0.0074324041134545,57.417747,10.522992,"[0.040502793296089384, 0.054702048417132214, 0.030027932960893854, 0.03328677839851024, 0.03165735567970205, 0.05144320297951583]",6,150,150
79,7kkxxj,0.0400834105653382,0.0219155434466272,55.259656,9.474723,"[0.04772937905468026, 0.03243744207599629]",2,150,150
350,y68n9,0.0398567467652495,0.0191529260880505,55.450806,11.789028,"[0.02657116451016636, 0.05314232902033272]",2,43,50
174,exx87z,0.0386640249080101,0.0025887582665814,55.635438,12.066931,"[0.05208038494197566, 0.019813189923577695, 0.012170959524483441, 0.02207755448627229, 0.019247098782904048, 0.061986979903764505, 0.08151712425700537, 0.021794508915935467, 0.011321822813472968, 0.018397962071893575, 0.07047834701386924, 0.0016982734220209455, 0.046419473535239175, 0.07953580526464761, 0.020945372204924994, 0.033682422870082086, 0.03481460515142938, 0.02009623549391452, 0.037928106425134445, 0.10727427115765638]",20,22,300
292,qzzn72,0.0385149201943095,0.0117624400249068,57.592543,10.412341,"[0.04695813092759658, 0.05227851029377747, 0.020356234096692113, 0.03446680545917187]",4,300,300
128,9e62ez,0.0384225703374639,0.0067085806691323,54.891053,9.549193,"[0.06150608044901777, 0.05332086061739944, 0.030168381665107578, 0.03461178671655753, 0.024555659494855005, 0.026420388122515782]",6,22,50
391,zne5km,0.0383576445164775,0.0075989077254369,55.54566,12.215369,"[0.019448946515397084, 0.06297754109747626, 0.024311183144246355, 0.0472331558231072, 0.027089604075017364, 0.049085436443621205]",6,150,150
351,y6d79,0.0377927196846742,0.0185157204757417,56.149722,9.766954,"[0.015766287966612568, 0.059819151402735915]",2,43,50
379,z2n5qn,0.0377122586648057,0.0051611854499693,55.46893,9.89515,"[0.028843917190044196, 0.055594324261456156, 0.015585019772040009, 0.038846243312398235, 0.031635264014887185, 0.05373342637822749, 0.021865550127936728, 0.055594324261456156]",8,150,150
283,qp87g7,0.0376161520440127,0.004924283741624,56.439266,10.049898,"[0.09334280976072021, 0.0544894574745321, 0.006633499170812604, 0.04169628050225065, 0.04477611940298507, 0.005685856432125089, 0.005685856432125089, 0.036010424070125564, 0.050225065150438286]",9,60,300
136,9k2pk3,0.0370023419203747,0.0076880526219834,56.751527,8.417567,"[0.041920374707259955, 0.04519906323185012, 0.01639344262295082, 0.02177985948477752, 0.047306791569086654, 0.04941451990632319]",6,22,50
301,rgjd25,0.0366739288307915,0.01820675539519,55.274248,11.799468,"[0.040183974824497704, 0.03316388283708545]",2,150,150
19,2pxkx3,0.0365451179264267,0.0126201167306549,56.200756,9.517892,"[0.042260323593334946, 0.020043467761410288, 0.04733156242453514]",3,60,300
384,z657z,0.0364414622859787,0.0208309348970049,57.2226,9.93721,"[0.015502082369273484, 0.05738084220268394]",2,43,50
253,nz69w2,0.0359795728876508,0.0184404843748349,54.899064,11.871619,"[0.02808727948003714, 0.04387186629526462]",2,150,150
171,eq7ry,0.0346144940958555,0.0173865523697706,56.147603,9.76432,"[0.0118082889557768, 0.05742069923593424]",2,43,50
345,xrmqr2,0.033729234590902,0.0082054492509967,57.115455,8.60822,"[0.02421984163949697, 0.0002328830926874709, 0.04448067070330694]",3,22,60
300,rgj9z7,0.0331224123115381,0.0057917458858082,56.02034,12.568733,"[0.01288961799859386, 0.032575580032809935, 0.025544879306304193, 0.05788610264823061, 0.022498242324818375, 0.04734005155847199]",6,300,300
212,kj3rrz,0.0320571955719557,0.0173111994960779,56.700175,8.221635,"[0.024705610713461095, 0.03943726937269373]",2,150,150
173,exnwzy,0.0310410697230181,0.015038132537857,55.26112,9.910397,"[0.026743075453677174, 0.03533906399235912]",2,150,150
72,6ek755,0.0305307656176608,0.0048620312746936,55.4602,11.799499,"[0.0007045561296383278, 0.03757632691404415, 0.09722874589008924, 0.0028182245185533112, 0.019492719586660403, 0.025364020666979802]",6,60,300
42,5jq9ke,0.0301713734009172,0.0146616558003103,55.00714,11.915559,"[0.02293024378469708, 0.03741250301713734]",2,150,150
60,626ngz,0.029049500348594,0.0147300819285043,54.886893,10.410471,"[0.03047929269427641, 0.027655124331861493]",2,60,60
224,m8xe2d,0.0288602045786653,0.0148185300261701,56.031235,8.859013,"[0.015830491962981003, 0.04188991719434973]",2,150,150
327,wxxzzn,0.027578947368421,0.003251858237076,55.330435,8.764603,"[0.048654970760233916, 0.022690058479532163, 0.04514619883040936, 0.014502923976608188, 0.019883040935672516, 0.014502923976608188, 0.023859649122807018, 0.017309941520467838, 0.03695906432748538, 0.032280701754385965]",10,22,150
324,wxdewp,0.0270367700072098,0.0129106642726415,56.196524,8.298722,"[0.026435952895938475, 0.027637587118481133]",2,150,150
342,xpxqw3,0.0268992248062015,0.0045617302984348,56.186782,9.563237,"[0.023023255813953487, 0.018837209302325582, 0.04, 0.030930232558139537, 0.020930232558139535, 0.02767441860465116]",6,150,150
158,ee8gk8,0.0262403100775193,0.0133907876538802,55.065492,9.36722,"[0.01674418604651163, 0.03697674418604651]",2,43,50
336,x697j,0.026005547850208,0.0173004337264396,57.152389,10.161239,"[0.014331946370781322, 0.037679149329634766]",2,43,50
18,2ppqr7,0.0259440267335004,0.0035237127611349,55.72927,9.112851,"[0.007485380116959065, 0.057777777777777775, 0.0, 0.027608797379503978, 0.006551240056153486, 0.010762751520823585, 0.05240992044922789, 0.019415204678362573]",8,22,150
69,6e3972,0.0257711677683349,0.0051011367615797,56.79308,8.853532,"[0.044381491973559964, 0.0035410764872521247, 0.030217186024551465, 0.049102927289896126, 0.0033050047214353163, 0.024079320113314446]",6,60,300
344,xr5pze,0.0253960857409133,0.0069288805999162,57.592115,9.966007,"[0.035414725069897485, 0.011649580615097856, 0.031220876048462257, 0.023299161230195712]",4,300,300
399,zpxddy,0.0251363528574816,0.0044412797642305,55.446462,12.173246,"[0.041261560350960395, 0.003082760256106237, 0.043632914394119045, 0.02513635285748162, 0.0021342186388427793, 0.03557031064737965]",6,60,300
211,kj3rmd,0.0249587944431363,0.0044274169179161,55.610463,8.493445,"[0.0035319048740287263, 0.0035319048740287263, 0.04826936661172592, 0.0018836825994819873, 0.02825523899222981, 0.06428066870732281]",6,60,300
225,m8zkjj,0.0248905277713758,0.0125200145229809,55.48796,11.29599,"[0.016147635524798153, 0.03364830606130445]",2,300,300
78,7kerez,0.0238695777830325,0.0013901456406351,55.166096,11.958106,"[0.04847481674154647, 0.003310475289666588, 0.022227476944904234, 0.03026720264838023, 0.01253251359659494, 0.0040198628517379995, 0.006857413100023646, 0.0011823126034523528, 0.004729250413809411, 0.02530148971388035, 0.03428706550011823, 0.0009458500827618822, 0.0030740127689761173, 0.1678883896902341, 0.028375502482856467, 0.002128162686214235, 0.009931425868999763, 0.024119177110428]",18,60,300
40,5jq92e,0.0236067169627646,0.0116139601885617,56.390391,8.805212,"[0.019956193721100024, 0.027257240204429302]",2,150,150
35,3r926z,0.0228591320491993,0.0110256210522641,57.061677,10.182387,"[0.04246925040612671, 0.0032490136922719887]",2,85.5,85.5
312,rqyd9,0.0220781225876177,0.0078515679823906,55.254194,11.790111,"[0.03543307086614173, 0.00856878184344604, 0.0222325150532654]",3,50,75
5,25drzr,0.0218694061794692,0.0039068994392731,55.73591,9.095726,"[0.04342750408592108, 0.004903105300023348, 0.025449451319168807, 0.00046696240952603317, 0.04109269203829092, 0.015876721923885128]",6,22,150
155,drxy3d,0.0213546160483175,0.0009043216959489,55.435564,11.803835,"[0.0, 0.001725625539257981, 0.0, 0.0, 0.0, 0.0, 0.0, 0.0, 0.005176876617773943, 0.0030198446937014668, 0.0025884383088869713, 0.0, 0.06773080241587576, 0.03451251078515962, 0.0008628127696289905, 0.0, 0.015099223468507334, 0.007765314926660914, 0.0004314063848144953, 0.027178602243313203, 0.0021570319240724763, 0.14969801553062986, 0.17515099223468508, 0.04961173425366695, 0.0, 0.012510785159620362]",26,22,50
172,exnwyy,0.0188314823756639,0.0061386218941287,56.466197,10.064056,"[0.006035731530661516, 0.04080154514727185, 0.009657170449058426]",3,22.1,60
168,ejq8zp,0.0185485740783677,0.009859952243444,57.2485,9.99036,"[0.01692557384651055, 0.020171574310224902]",2,50,50
346,xrqjdj,0.0178923380142892,0.0021864080709,56.549673,8.302795,"[0.005420054200542005, 0.020694752402069475, 0.003202759300320276, 0.010101010101010102, 0.0, 0.0, 0.06208425720620843, 0.04163587090416359]",8,11,80
290,qz53kg,0.0170811062049732,0.0042990559493106,56.255411,9.867087,"[0.015105740181268883, 0.00046479200557750407, 0.037415756448989076, 0.015338136184057634]",4,50,124
268,pz6wdm,0.0164067954386781,0.0024513084081874,56.185779,9.578401,"[0.016775396085740912, 0.0006981615080288574, 0.01885036071677915, 0.014661391668606005, 0.023039329764952293, 0.027926460321154294, 0.023272050267628578, 0.00605073306958343]",8,600,600
241,n9zren,0.0156686859273066,0.0037016501681166,56.326678,10.046712,"[0.021435228331780055, 0.002096924510717614, 0.015843429636533086, 0.023299161230195712]",4,50,50
302,rp39yz,0.0156286177355869,0.0084981631085798,55.592095,11.859938,"[0.017153453871117292, 0.01412363973141931]",2,75,75
185,gmeqzj,0.0155635269613515,0.0039388548175576,56.264016,10.06316,"[0.011802823420504514, 0.001388567461235825, 0.0349456144411016, 0.01411710252256422]",4,50,50
81,7ky5yz,0.0144663262825188,0.0075119780122057,56.359149,9.911765,"[0.010697787503039144, 0.01823486506199854]",2,150,150
203,jz7px9,0.014422823392923,0.0008585900796085,55.169362,11.957143,"[0.013763644992880873, 0.0018984337921214998, 0.005932605600379687, 0.005220692928334125, 0.03322259136212625, 0.034171808258187, 0.037019458946369245, 0.04841006169909824, 0.0033222591362126247, 0.01210251542477456, 0.00854295206454675, 0.004746084480303749, 0.008305647840531562, 0.0, 0.0033222591362126247, 0.0016611295681063123, 0.01044138585666825, 0.027527289985761746]",18,60,300
358,ymqz6n,0.0142065142065142,0.0075961874714184,56.739888,9.535372,"[0.010626010626010625, 0.017787017787017786]",2,43,50
223,m86pwk,0.0133256083429895,0.0031835367455442,56.391501,9.794386,"[0.047045191193511006, 0.0004634994206257242, 0.0034762456546929316, 0.002317497103128621]",4,28.8,50
80,7kne9d,0.0132582918027152,0.0015830944861774,57.456452,9.995052,"[0.01867170881588277, 0.003781611912077523, 0.021744268494445756, 0.002599858189553297, 0.03852517135428977, 0.0030725596785629874, 0.0, 0.011581186480737414, 0.02622873345935728, 0.0, 0.007561436672967864]",11,67,300
267,pz5kg3,0.0108545034642032,0.0053106579665471,55.13012,9.12968,"[0.008545034642032332, 0.013163972286374134]",2,43,50
90,7nyr93,0.0092272202998846,0.0091441880913716,56.781975,8.836123,[0.00922722029988466],1,50,50
349,y67jq,0.008145741471339,0.0027121830256165,56.964766,9.241929,"[0.0349002849002849, 0.002849002849002849, 0.03917378917378917, 0.0, 0.0]",5,11,150
46,5np96k,0.0075684766938971,0.0037278521951795,57.061677,10.182387,"[0.0122537241710716, 0.0028832292167227293]",2,90,90
31,39xd56,0.0064980273845439,0.0032075337124495,55.41403,11.342991,"[0.003716608594657375, 0.0, 0.011139475516361104, 0.011139475516361104]",4,50,60
114,8nwgry,0.0023196474135931,0.001154710794864,55.501504,10.648394,"[0.0013934045517882026, 0.003247506379030387]",2,60,60
