longitude,latitude,gravity,Score1,Score2,Score3,Score4,Score5,Score6,Score7,Score8,Score9,Score10,Score11,Score12,Score13,Score14,Score15,Score16,Score17,Score18,Score19,Score20,Score21,Score22,Score23,Score24,Score25,Score26,Score27
10.6484,55.5015,14.8393,0,0,0,0,0,0.454407,0,0,0,0,0,0,0,0,0,0,13.1126,0.107951,0,0,1.16437,0,0,0,0,0,0
8.83612,56.782,15.0951,0,0,0,0,0,0,0,0,0.190876,0.148782,0,0,0,0,0,0.00201914,14.7342,0.00365994,0,0,0.015595,0,0,0,0,0,0
10.1824,57.0617,14.6442,0,0,0,0,0,0,0,0,0,0,0,0,0,0,0,0,13.4798,0,0,0,1.16437,0,0,0,0,0,0
9.12968,55.1301,18.9176,0,0,0,0,0,0,0,0,0,0,0,0,0,0,0,0,17.5284,0.00428004,0.220597,0,1.16437,0,0,0,0,0,0
11.343,55.414,1.29852,0,0.0285393,0,0,0.0361247,0,0,0,0.010357,0,0,0,0.0163524,0,0,0,1.10366,0,0.0212288,0,0.082256,0,0,0,0,0,0
9.53537,56.7399,0.220597,0,0,0,0,0,0,0,0,0,0,0,0,0,0,0,0,0,0,0.220597,0,0,0,0,0,0,0,0
9.91177,56.3591,11.44,0,0,0,0,0,0.338999,0,0,0,0,0,0,0,0,0,0,10.8431,0.0040654,0.202118,0,0.0517469,0,0,0,0,0,0
11.8599,55.5921,16.283,0,0.0811836,0.000516255,0.274218,0,0,0,0,0,0,0,0,0.0732831,0,0,0,8.41831,0.0183394,0.116888,0,1.28005,0,0,0,6.02022,0,0
9.99036,57.2485,0.602567,0,0,0,0,0,0,0,0,0,0,0,0,0,0,0.184691,0.00545927,0.33898,0.00344463,0,0,0.0699916,0,0,0,0,0,0
9.24193,56.9648,10.1884,0,0.0233347,0.000171282,0,0,0,0,0.0359668,0,0,0,0,0,0,0,0,9.88716,0.00407086,0.237696,0,0,0,0,0,0,0,0
10.1824,57.0617,14.6442,0,0,0,0,0,0,0,0,0,0,0,0,0,0,0,0,13.4798,0,0,0,1.16437,0,0,0,0,0,0
8.80521,56.3904,4.85235,0,0,0,0,0,0.281465,0,0,0,0,0,0,0.0243905,0,0,0,3.38212,0,0,0,1.16437,0,0,0,0,0,0
11.296,55.488,0.546944,0,0,0,0,0,0,0,0,0,0,0,0,0,0,0,0,0.546944,0,0,0,0,0,0,0,0,0,0
10.1612,57.1524,5.84402,0,0,0,0,0,0,0,0,0,0,0,0,0,0,2.2113,0.195061,3.43766,0,0,0,0,0,0,0,0,0,0
9.36722,55.0655,17.9813,0,0,0,0,0,0,0,0,0,0.802505,0,0,0,0,1.82184,0.0697009,15.1793,0.107951,0,0,0,0,0,0,0,0,0
9.79439,56.3915,18.6265,0,0,0,0,0,0,0,0.0470798,0,0,0,0,0,0,0,0,17.1371,0.00170795,0,0,1.44061,0,0,0,0,0,0
8.29872,56.1965,1.97121,0,0,0,0,0,0,0,0,0,0,0,0,0,0,0,0,1.89049,0,0,0,0.0807212,0,0,0,0,0,0
10.0641,56.4662,2.54053,0,0.807032,0,0.0952264,0,0,0,0,0,0,0,0,0,0,0,0,1.56216,0.00233901,0.00531442,0,0.0684586,0,0,0,0,0,0
8.85901,56.0312,4.89239,0,0.244141,0,0,0,0.465642,0,0.122797,0,0,0,0.0014204,0,0,0,0,4.03387,0,0,0,0.0245199,0,0,0,0,0,0
10.4105,54.8869,13.2298,0,1.01591,0,0,0,0,0,0.207911,0,0,0.0126809,0.00376908,0,0,0,0,11.6855,0.0393228,0.222507,0,0.0393205,0.00291336,0,0,0,0,0
11.9156,55.0071,17.375,0,2.46223,0,0,0,0.958245,0,0,0,0,0.0220086,0,0.0180464,0.00409827,0,0,13.8083,0.0058989,0.0526385,0,0.0365827,0,0,0,0,0.00691866,0
9.9104,55.2611,12.1912,0,0.311362,0,0,0,0,0,0,0,0,0,0,0,0,0,0,11.6184,0,0,0,0,0,0,0,0.261379,0,0
10.0632,56.264,20.8483,0,1.30208,0,0,0,0,0,0,0,0,0,0,0,0.0277356,0,0,17.6179,0,0.146067,0,1.75447,0,0,0,0,0,0
10.0467,56.3267,15.0625,0,0.359609,0.00197026,0,0,2.13551,0,0,0.106126,0,0,0,0,0,0,0,11.6093,0.0087334,0.0809016,0,0.760388,0,0,0,0,0,0
8.22163,56.7002,2.09348,0,0.0638058,0,0,0,0,0,0,0,0,0,0,0,0,0,0,1.9857,0,0.0204533,0,0.0235203,0,0,0,0,0,0
11.7901,55.2542,15.429,0,0,0,0,0,0,0,0,0,0.604817,0,0,0,0,0,0.00350235,14.7036,0,0.0427674,0,0.0742717,0,0,0,0,0,0
9.86709,56.2554,16.7981,0,0.278752,0.00263371,0,0,0,0,0,0,0,0.555265,0,0,0,0,0,14.687,0.0160274,0,0,1.25839,0,0,0,0,0,0
9.76432,56.1476,16.9586,0,0,0,0,0,0,0,0,0,0,0,0,0,0,2.19222,0.403217,14.3632,0,0,0,0,0,0,0,0,0,0
11.8716,54.8991,11.8839,0,0,0,0,0,0,0,0,0,0,0,0,0,0,0,0,11.6767,0.0657493,0,0,0.141392,0,0,0,0,0,0
9.93721,57.2226,0.986005,0,0,0,0,0,0,0,0,0,0,0,0,0,0,0.806507,0.179498,0,0,0,0,0,0,0,0,0,0,0
11.7995,55.2742,0.565477,0,0,0,0,0,0,0,0,0,0,0,0,0,0,0,0.000831133,0.530386,0.00152424,0,0,0.0327354,0,0,0,0,0,0
9.76695,56.1497,14.743,0,0,0,0,0,0,0,0,0,0,0,0,0,0,2.65679,0.338755,11.7475,0,0,0,0,0,0,0,0,0,0
11.789,55.4508,18.5187,0,0.0132374,0.00097843,0,0,0,0.114187,0,0,3.82749,0.377142,0,0.0266519,0,0.348981,0.00242051,12.3909,0.00459467,0.16933,0,1.24273,0,0,0,0,0,0
9.47472,55.2597,9.62997,0,0.302703,0,0,0.0433628,0.0726888,0,0,0,0.136459,0,0,0,0,0,0,9.01302,0.00264766,0,0,0.0381584,0,0,0.012571,0,0.00835531,0
9.00497,56.0397,1.02365,0,0,0,0,0,0,0,0,0,0,0,0,0,0,1.00028,0.0233703,0,0,0,0,0,0,0,0,0,0,0
10.0659,56.1752,17.0176,0,0,0,0,0,0,0,0,0,0,0,0,0,0,7.06506,1.29023,8.66229,0,0,0,0,0,0,0,0,0,0
9.40002,55.5141,17.075,0,0,0,0,0,0,0,0,0,0,0,0,0,0,3.84562,0.00593944,13.2234,0,0,0,0,0,0,0,0,0,0
10.5062,56.381,16.5572,0,0,0,0,0,0,0,1.20607,0,0,0,0,0,0,0,0,15.2264,0,0.0554128,0,0.0153534,0,0.0539354,0,0,0,0
9.0001,56.038,1.14559,0,0,0,0,0,0,0,0,0,0,0,0,0,0,1.13304,0.0125502,0,0,0,0,0,0,0,0,0,0,0
9.94186,57.222,1.09435,0,0,0,0,0,0,0,0,0,0,0,0,0,0,0.847467,0.246886,0,0,0,0,0,0,0,0,0,0,0
11.5743,55.8492,9.40664,0,0,0.000440884,0.280269,0,0.372749,0,0,0.0121472,0,0,0,0,0,0,0.00104542,8.69755,0.00282104,0.01076,0,0.0288644,0,0,0,0,0,0
9.39401,55.512,5.76028,0,0,0,0,0,0,0,0,0,0,0,0,0,0,4.82588,0.00316615,0.93123,0,0,0,0,0,0,0,0,0,0
10.1852,56.1269,2.25968,0,0.120873,0,0,0,0.448902,0,0,0,0,0,0,0.00610615,0.00367256,0,0,1.55437,0.014181,0.00678265,0,0.0440934,0,0.0606998,0,0,0,0
8.32584,55.6139,1.03912,0,0,0,0,0,0,0,0,0,0,0,0.0013642,0,0,0,0,0.968588,0.0103457,0.00919475,0,0.0496303,0,0,0,0,0,0
8.60822,57.1155,15.0913,0,0.179268,0,0,0,0,0,0,0.0297295,0,0,0.000674351,0,0,0,0,14.4759,0.00309099,0.205997,0,0.196638,0,0,0,0,0,0
10.6563,55.4602,11.771,0,0,0,0,0,0,0,0,0,0,0,0,0,0,0,0,11.5862,0,0.00554637,0,0.179277,0,0,0,0,0,0
9.96601,57.5921,17.5883,0,0.388117,0,0,0,0,0,0,0,0,0,0,0,0,0,0,17.0448,0.0123226,0.0194082,0,0.123601,0,0,0,0,0,0
9.48366,55.3608,1.09066,0,0.0369133,0,0,0,0,0,0,0,0,0,0,0,0,0,0,0.990659,0.00387541,0,0,0.0592118,0,0,0,0,0,0
9.51789,56.2008,12.768,0,0.0373823,0,0,0,0,0,0,0,0,0,0,0,0,4.75396,0.135424,7.83824,0.00294517,0,0,0,0,0,0,0,0,0
10.3397,55.4103,13.5809,0,0.393497,0,0.497305,0,0,0,0,0,2.44597,0,0,0.0312329,0,0,0,8.91938,0,0.121478,0,1.17205,0,0,0,0,0,0
12.2293,55.5609,21.89,0,0,0,0,0,0,0,0,0,4.51175,0,0.000640153,0,0,2.90969,2.42439,12.0391,0,0.0044409,0,0,0,0,0,0,0,0
12.6054,55.6211,2.50168,0,0.13698,0,0,0.148155,0,0,0,0.0346564,0,0,0,0,0,0.126267,0.0034963,1.17608,0.00177902,0.00641881,0,0.0492209,0,0,0,0.818627,0,0
9.32942,54.8262,15.5435,0,0,0,0,0,0,0,0,0,0,0,0,0,0,2.02789,0.06365,13.452,0,0,0,0,0,0,0,0,0,0
12.4889,55.7654,16.5842,0,2.56329,0,0.121462,0,0,0,0,0,0,0,0,0,0,0,0.00920005,8.69268,0.00578643,0.00476934,0,1.18663,0,0.165234,0,3.83517,0,0
11.9003,55.7084,18.5791,0,0,0,0,0,0,0,0,0,0,0,0,0,0,0,0,14.8925,0.00133224,0,0,2.07009,0,0,0,1.6152,0,0
9.13578,55.7314,15.572,0,0,0,0,0,0.146351,0,0,0.00955348,0,0,0.0115024,0,0,0,0.000526748,15.0932,0,0.284339,0,0,0,0,0,0,0.0265067,0
10.2372,56.2307,12.9653,0,0.234699,0,0,0,0.145304,0,0,0.0676362,0.240128,0,0,0,0,0.190384,0.00883476,10.709,0.00760626,0.00584042,0,1.35581,0,0,0,0,0,0
10.1775,56.1372,6.9649,0,0.206013,0,0.072732,0,0.116417,0,0,0,0,0,0,0.139407,0,0,0.00180931,6.28789,0.00829094,0.00275869,0,0.129585,0,0,0,0,0,0
12.1864,55.4824,13.3233,0,0,0,0,0,0,0,0,0,1.02104,0,0,0.0179119,0,0,0.0123955,12.2361,0.00284381,0,0,0.032944,0,0,0,0,0,0
10.0654,56.1781,14.6628,0,0,0,0,0,0,0,0,0,0,0,0,0,0,4.43,1.29023,8.94256,0,0,0,0,0,0,0,0,0,0
10.0311,56.4707,15.1893,0,2.36953,9.87665e-005,0.093659,0,0.135706,0,0,0.0184354,0,0.0229494,0,0.0108369,0,0,0,11.0528,0.00692692,0.00867735,0,1.4395,0,0,0,0,0.03022,0
10.0242,57.1,3.96077,0,0,0,0,0,0,0,0,0,0,0,0.000819817,0,0,1.33062,0.0158023,2.35818,0.00265591,0.00581796,0,0.246874,0,0,0,0,0,0
9.90815,57.0339,20.4745,0,2.50746,0,0,1.00861,0,0,0,0.0102484,0,0.025449,0,0,0,0,0.00390743,15.046,0,0.00246428,0,1.8572,0,0,0,0,0.0131886,0
9.09573,55.7359,10.9758,0,0.0768633,0,0,0,0,0,0.0128717,0,0,0,0,0,0,0,0.00757913,10.8631,0,0,0,0.0154295,0,0,0,0,0,0
9.5784,56.1858,16.5999,0,0,0,0.0533658,0,0,0,0,0,0,0,0,0,0.0467381,7.72156,0.0170174,8.53317,0,0,0,0.228049,0,0,0,0,0,0
12.2314,55.5607,20.8374,0,0,0,0,0,0.0707853,0,0,0,8.43884,0,0.000483836,0,0,2.45972,2.42439,7.43984,0,0.00335649,0,0,0,0,0,0,0,0
11.6519,55.7006,10.1811,0,0,0,0,0,0,0,0,0,0,0,0,0,0,0.878468,0.0566285,9.24596,0,0,0,0,0,0,0,0,0,0
9.64665,55.7945,0.838156,0,0,0,0,0,0,0,0,0,0,0,0,0,0,0,0.0110424,0.822029,0.00508433,0,0,0,0,0,0,0,0,0
8.38584,55.4383,9.81449,0,0,0,0,0,0,0,0,0,0,0,0,0,0,0,0,8.62806,0.0018204,0.0126496,0,1.17196,0,0,0,0,0,0
9.37451,54.9369,4.20454,0,0,0,0,0,0,0,0,0,0.392149,0,0,0,0,0.305492,0.0205318,3.48637,0,0,0,0,0,0,0,0,0,0
8.58381,56.4869,26.0685,0,0.139903,0.000242566,0.0602127,0,0.0756664,0,0,0,8.43884,0,0,0,0.00423707,0,0,15.3707,0.00364402,0.00498577,0,1.97009,0,0,0,0,0,0
8.58928,55.5246,13.1794,0,0,0,0,0,0,0,0,0,0,0,0,0,0,0.826765,0.00286838,12.3498,0,0,0,0,0,0,0,0,0,0
8.30279,56.5497,17.9415,0,0.706833,0.000282014,0,0,0.259641,0.00658178,0,0,0,0.0119221,0,0,0,0,0,16.7039,0.0450829,0.134448,0,0.072812,0,0,0,0,0,0
9.74208,56.8436,11.3867,0,0,0,0,0,0,0,0,0,0,0,0,0,0,2.09242,0.369094,8.9252,0,0,0,0,0,0,0,0,0,0
9.99505,57.4565,20.7626,0,0.543196,0,0,0,0.263405,0,1.2056,0,0.626188,0.0152137,0,0.0120996,0.0512706,0,0,17.0267,0.0152629,0.154426,0,0.813471,0,0,0,0,0.0357166,0
9.90386,57.0224,11.3263,0,2.05366,0,0,0,0,0,0,0,0,0,0,0,0,0,0.00641285,9.18112,0.00859582,0.0357886,0,0.0407164,0,0,0,0,0,0
8.96735,56.1567,12.2244,0,0.0131285,0,0.408153,0,0,0,0,0,0,0,0,0,0,0,0,11.8018,0.00125917,0,0,0,0,0,0,0,0,0
11.5153,54.7765,20.4208,0,0.145516,0,0,0,0,0,0,0.0102703,0,0,0,0,0.0248389,0,0.00218821,19.041,0.00822553,0.00667513,0,1.18206,0,0,0,0,0,0
8.49344,55.6105,8.2733,0,0.0145716,0,0,0,0,0,0,0,0.157604,0.007034,0,0.347616,0,0,0.00192824,6.55764,0,0,0,1.18691,0,0,0,0,0,0
11.6567,55.7018,14.2152,0,0,0,0,0,0,0,0,0,0,0,0,0,0,1.2801,0.454135,12.4526,0,0,0,0.0283246,0,0,0,0,0,0
12.1732,55.4465,9.64397,0,3.00802,0,0,0,0.0679996,0,0,0,0,0,0,0.0230177,0,0,0,6.43413,0.00263206,0.00444618,0,0.0890228,0,0,0,0,0.0147053,0
11.5965,55.4554,1.26926,0,0,0,0,0,0,0,0,0,0,0,0,0,0,1.05935,0.0161891,0.193723,0,0,0,0,0,0,0,0,0,0
11.9875,54.9484,13.9426,0,0,0,0,0,0,0,0,0,0,0,0,0,0,0.808748,0.0212726,13.1126,0,0,0,0,0,0,0,0,0,0
10.4123,57.5925,12.8953,0,0,0,0,0,0,0,0,0,0,0,0,0,0,0,0,10.7591,0.00294549,0.262562,0,1.8706,0,0,0,0,0,0
8.85353,56.7931,7.76756,0,0,0.000408227,0,0,0,0,0,0.0104498,0,0,0,0,0,0,0,5.61829,0.0439377,0.016411,0,1.93082,0,0.147243,0,0,0,0
11.6072,55.4552,9.26205,0,0,0,0,0,0,0,0,0,0,0,0,0,0,1.09811,0.00190393,8.16204,0,0,0,0,0,0,0,0,0,0
12.5732,55.6685,19.5848,0,0.23346,0.000264913,0.349575,0.0534872,1.01264,0,0.0471293,0.184709,0.394551,0,0.00484637,0.0294709,0,0,0,12.0622,0.00660581,0.267766,0,0.141382,0.00352123,0,0,4.7506,0.0426066,0
9.33313,54.8323,15.5672,0,0,0,0,0,0,0,0,0,0,0,0,0,0,1.21978,0.0230845,14.3195,0,0.00480931,0,0,0,0,0,0,0,0
9.56324,56.1868,7.22344,0,0.135037,0,3.92492,0,0,0,0,0,0,0,0,0.0842051,0.00508351,0.117135,0.00370704,2.91175,0.00241422,0.00247026,0,0.0367263,0,0,0,0,0,0
8.49555,55.1464,11.8796,0,0,0,0,0,0,0,0,0,0,0,0.000489344,0,0,0,0,11.1553,0,0.298355,0,0.425388,0,0,0,0,0,0
12.5931,55.7013,19.3494,0,0.834794,0.000171726,0.0974038,0,0.230566,0.00471916,0,0,0.420745,0,0,0.0291454,0,0,0.000758609,5.44308,0.0112904,0.118352,0,0.129867,0.00789276,0,0,12.0206,0,0
11.1382,54.829,15.2204,0,0,0,0,0,0,0,0,0,0,0.0128099,0,0.0109659,0,0,0,13.4893,0.0185368,0.220769,0,1.45861,0,0,0,0,0.00948179,0
9.9585,57.588,8.24427,0,0.500978,0,0,0,0,0,0,0,0,0,0,0,0,0,0,7.25301,0.0180142,0.250717,0,0.221553,0,0,0,0,0,0
9.7435,56.8413,11.8631,0,0,0,0,0,0,0,0,0,0,0,0,0,0,1.04245,0.423124,10.3975,0,0,0,0,0,0,0,0,0,0
12.0003,54.9981,9.92938,0,0,0,0,0,0,0,0,0,8.43884,0,0,0,0,0.710009,0,0.780537,0,0,0,0,0,0,0,0,0,0
9.12764,55.7337,19.6896,0,0.0466725,0,0,0,3.60984,0,0.0126724,0,0,0,0.0389894,0,0,0,0.000860135,15.0364,0.00211081,0.128912,0,0.0237445,0,0,0,0,0.789365,0
10.189,55.3933,12.4957,0,0,0,0,0,0,0,0,0,0,0,0,0,0,1.26072,0.597181,10.613,0,0,0,0.024835,0,0,0,0,0,0
9.6606,56.1778,4.37693,0,0,0,0,0,0.131897,0,0,0,0,0,0,0,0,0,0,4.24503,0,0,0,0,0,0,0,0,0,0
9.44927,56.4539,12.0796,0,0,0,0,0,0,0,0,0,2.47034,0,0,0,0,0,0,8.79044,0.00963978,0,0,0.809195,0,0,0,0,0,0
11.7995,55.4602,12.0794,0,0,0,0,0,0,0,0,0,0,0,0,0,0,0.237287,0.00297298,11.2612,0.0166291,0.0054427,0,0.555919,0,0,0,0,0,0
9.46446,55.5264,18.0318,0,0,0,0,0,0,0,1.16037,0.0401067,0,0,0.00067776,0.0109407,0.0310909,1.41181,0.175595,14.7225,0.00135264,0.0362547,0,0.091536,0,0,0,0.349536,0,0
12.5867,56.026,17.7421,0,0.365562,0.0021786,0,0,0.198729,0,0,0.202289,3.21837,0,0,0.273045,0,0,0,13.3723,0.00430415,0.00768339,0,0.0573979,0,0.0402617,0,0,0,0
12.3714,55.818,18.2798,0,0.519587,0.000216154,0.383275,0,0,0,0,0,0.165169,0,0,0.332027,0,0.161018,0.0268168,9.27494,0.020837,0.00901512,0,0.0642968,0,0,0,7.32261,0,0
11.1418,54.8298,18.1925,0,0,0,0,0,0,0,0,0,0,0.0275205,0,0.00773135,0,0,0,15.7918,0.0123592,0.203894,0,2.13798,0,0,0,0,0.0112433,0
11.9592,55.0807,1.64747,0,0,0,0,0,0,0,0,0,0,0,0,0,0,1.39392,0.0317509,0,0.00120454,0.220597,0,0,0,0,0,0,0,0
10.1581,57.1543,2.29438,0,0,0,0,0,0,0,0,0,0,0,0,0,0,1.27739,0.138401,0.878583,0,0,0,0,0,0,0,0,0,0
9.46834,55.3601,13.4422,0,0,0,0,0,0,0,0,0,0,0,0,0,0,0,0.00604702,13.2143,0.00123308,0.220597,0,0,0,0,0,0,0,0
12.4962,55.8895,13.079,0,0.276023,9.17173e-005,0,0,0,0,0,0,0.188822,0,0,0,0,0,0.00512674,11.2307,0,0.0248388,0,0.32558,0,0,0,1.02773,0,0
10.6085,55.0601,22.6476,0,2.38102,0.00891484,0,0.0631622,1.11873,0,0.210074,0.0617252,0.401612,0.0494607,0,0.0401486,0,0,0,13.0088,0.139524,0.320025,0,0.772861,0,0,0,3.03408,1.03751,0
8.43581,55.473,16.458,0,0.868162,0,0.937838,0.0443854,0.169095,0,0.397813,0,0,0,0,0.312149,0,0,0,12.373,0.00573797,0.0238932,0,1.32591,0,0,0,0,0,0
12.5687,56.0203,14.0656,0,0.0831693,0,0,0,0.0944721,0,0,0,0,0.495199,0,0.00538796,0,0,0,12.4905,0.00262788,0,0,0.750016,0,0.14422,0,0,0,0
8.62004,56.3775,27.6602,0,0.114223,0,0.102625,0,0,0,0,0,8.49568,0,0,0,0,0,0.000833562,17.7526,0,0.0265247,0,1.16767,0,0,0,0,0,0
9.11285,55.7293,15.1832,0,0.355814,0,0,0,0,0,0.392512,0,0,0,0,0,0,0,0.000728377,12.8395,0.00927097,0.293436,0,1.28098,0,0,0,0,0.0109406,0
9.55807,55.6421,13.938,0,0,0,0,0,0,0,0,0,0,0,0,0,0,1.0437,0.00628141,12.8881,0,0,0,0,0,0,0,0,0,0
8.88761,57.0482,8.22016,0,0,0,0,0,0,0,0,0,0,0,0,0,0,0,0,8.22016,0,0,0,0,0,0,0,0,0,0
12.4962,55.8895,13.079,0,0.276023,9.17173e-005,0,0,0,0,0,0,0.188822,0,0,0,0,0,0.00512674,11.2307,0,0.0248388,0,0.32558,0,0,0,1.02773,0,0
12.5606,55.7126,25.6839,0,2.87383,0,0,0.0341349,0.228963,0,1.23483,0,0.265041,0.0280012,0,0.0822795,0,2.96798,0.0370985,9.56185,0.0109704,0.0423952,0,1.45443,0.00316733,0.0533296,0,6.80563,0,0
9.10298,55.7352,3.23958,0,0.555142,0,0,0,0,0,0.0563933,0,0,0,0,0,0,0,0.00345396,2.52632,0,0.010674,0,0.075507,0,0,0,0,0.0120923,0
10.2539,55.0933,14.7554,0,0.179314,0,0.204547,0,0,0,0,0.0115321,0,0,0,0,0,0,0,12.0002,0.00284934,0.0113907,0,1.25871,0,0,0,1.06701,0.0197784,0
8.41757,56.7515,16.2519,0,0.20507,0,0,0,0,0,1.20607,0,0,0,0.0317989,0,0,0,0,13.608,0.00440851,0,0,1.19661,0,0,0,0,0,0
12.3766,55.7835,27.3877,0,1.61144,0.00130119,0,0,0.172635,0,0.337885,0.0113709,0,0,0,0.00565072,0,0,0.0150773,15.1523,0,0.312938,0,1.56444,0,2.7048,0,5.43666,0.0612488,0
12.2154,55.5457,23.7086,0,0.0723822,0.000235628,0,0,0,0,0,0,8.43884,0,0,0,0,5.56344,0.188451,9.44522,0,0,0,0,0,0,0,0,0,0
9.54919,54.8911,15.2309,0,0,0,0,0,0,0,0,0.0336959,0,0,0,0,0,0,0,14.952,0,0.220597,0,0.0246701,0,0,0,0,0,0
10.523,57.4177,11.8142,0,0.0502249,0,0,0,0,0,0,0,0,0,0.0093482,0,0,0,0,11.746,0.00270548,0.00587806,0,0,0,0,0,0,0,0
12.0971,55.6261,18.9058,0,0.0587221,0,0,0,0,0,0,0,0.784009,0,0,0,0,0.881713,0.0915491,11.0538,0.00681058,0.0125123,0,0.130489,0,0,0,5.87749,0.00874092,0
9.56305,55.6404,13.2479,0,0,0,0,0,0,0,0,0,0,0,0,0,0,0.975587,0.00917028,12.2632,0,0,0,0,0,0,0,0,0,0
11.133,54.8322,10.8127,0,0,0,0,0,0,0,0,0,0,0.00891364,0,0.13649,0,0,0,10.1262,0.131931,0.128038,0,0.262315,0,0,0,0,0.0188491,0
9.90437,57.0222,12.2084,0,2.40424,0,0,0,0,0,0,0,0,0,0,0,0,0,0.00640337,9.71276,0.00771929,0.0393497,0,0.0379188,0,0,0,0,0,0
8.44543,55.4657,23.1235,0,1.39348,0.00018338,1.16506,0,1.72139,0,0.159243,0.0136017,0.612659,0.0197564,0.00249999,0.242609,0,0,0,17.3128,0.0287775,0.274385,0,0.0736633,0,0,0,0,0.103371,0
11.8308,55.6397,4.3579,0,0,0,0,0,0,0,0,0,0,0,0,0,0,0.375367,0.0207031,3.95835,0,0.00347148,0,0,0,0,0,0,0,0
11.9571,55.1694,7.35624,0,0,0,0,0,0,0,0,0,0,0,0,0,0,7.19172,0.011032,0.153486,0,0,0,0,0,0,0,0,0,0
11.7271,55.6978,12.0937,0,0,0,0,0,0.143769,0,0,0.205561,0,0,0,0,0,0,0,11.0266,0.00114497,0,0,0.716577,0,0,0,0,0,0
10.6042,55.0587,27.2148,0,2.82762,0.00146751,0,0.146722,6.17076,0,0.236822,0.685961,0.75454,0.0882495,0,0.0328189,0,0,0,13.3136,0.0255415,0.153962,0,0.345989,0,0,0,2.33907,0.0917468,0
10.002,56.4489,9.65831,0,0,0,0,0,0,0,0,0,0,0,0,0,0,6.29527,0.95781,2.40523,0,0,0,0,0,0,0,0,0,0
12.557,55.6981,22.5824,0,1.29398,0.000189791,0.0508264,2.4524,0.61899,0,0.0595468,0.0262629,0.16392,0.0253076,0,0.0492414,0,0,0.00193909,14.3024,0.0121433,0.0283466,0,0.446115,0.00433729,0,0,3.04639,0,0
10.1966,56.1729,19.8433,0,3.03759,0,0,0,0.283117,0,0.0298131,0,0.318829,0,0,0.0466955,0,0,0,15.9823,0.00591161,0.00936081,0,0.089521,0,0,0,0,0.0401954,0
12.2146,55.5345,11.6538,0,2.58226,0.000182598,0,0,0,0,0,0,0,0,0,0.0242087,0,0,0.0271924,7.90667,0.00452569,0.130153,0,0.978637,0,0,0,0,0,0
12.5747,55.7026,30.4513,0,3.0275,0.00229462,0.81833,0.0252285,0.674949,0,0.131001,0.892986,1.56481,0.00875878,0,0.195229,0.235279,0,0.00102536,16.5606,0.062581,0.120156,0,0.488547,0.0233556,1.69209,0,3.84183,0.0847076,0
9.99933,56.4495,16.7151,0,0,0,0,0,0,0,0,0,0,0,0,0,0,7.51007,0.95781,8.2472,0,0,0,0,0,0,0,0,0,0
9.50718,56.7976,14.601,0,0.0786879,0.000106598,0,0,0,0,0,0.0324737,0,0,0,0.011267,0.0113393,0,0,14.3989,0.00261956,0.00634594,0,0.0593117,0,0,0,0,0,0
8.7646,55.3304,16.5135,0,2.65629,0,0,0.0929174,0.446791,0,0,0.147331,0,0,0,0.00969899,0,0,0,12.3253,0.00994891,0.450283,0,0.335973,0.00169925,0,0,0,0.0372684,0
8.49311,55.4783,20.3102,0,1.01631,0,0,0.046314,1.72772,0,0.0181772,0,2.20188,0,0,0.0186603,0,0,0.00186647,9.03796,0.00224628,0.0045212,0,0.741778,0,0.164727,0,5.32805,0,0
10.5393,57.4441,18.8284,0,2.23402,0.00406889,0,0,0,0,0,0.082338,7.72052,0,0.00154489,0,0,0,0,8.54986,0.112812,0.0187189,0,0.0829594,0,0,0,0,0.0215477,0
9.96749,57.0204,4.49446,0,0.200784,0,0.0506993,0,0,0,0,0.0158829,0,0.00738411,0.00936365,0,0,0.882621,0.0605163,3.19132,0,0.075889,0,0,0,0,0,0,0,0
12.1624,55.4886,22.9647,0,0,0,0,0.333331,0,0,0,0,8.43884,0,0,0,0,9.007,0.347531,4.83799,0,0,0,0,0,0,0,0,0,0
11.7862,55.4533,23.7542,0,0,0.00711312,0,0,0,0.0165579,0,0,4.32881,0.030529,0,0.00950743,0,0.93252,0.00319502,17.541,0.00212219,0.164463,0,0.718321,0,0,0,0,0,0
8.6067,56.4804,12.2827,0,0,0,0,0,0,0,0,0,0,0,0,0,0,0,0,12.2661,0.00377299,0,0,0.0128163,0,0,0,0,0,0
11.8505,55.9621,13.8774,0,0.083222,0.00891484,6.21691,0,1.04333,0,0.0485695,0.0444827,0,0,0,0.115545,0,0,0,4.68016,0,0.365963,0,1.27027,0,0,0,0,0,0
10.1248,56.1816,35.9363,0,0.0234848,0,0,0,0,0,0,0,17.3968,0,0,0.51105,0,0,0,17.5246,0.0243546,0.220597,0,0.0885677,0,0,0,0.146834,0,0
10.6081,55.0592,26.4988,0,3.00123,0.0043816,0,0.0824358,1.81255,0,0.534348,0.106016,0.381949,0.0812066,0,0.0750895,0,0,0,13.5336,0.1095,0.424589,0,1.10658,0,0,0,4.74634,0.498979,0
9.89515,55.4689,10.2119,0,0,0,0,0,0,0,0,0,0,0,0,0,0,1.24742,0.802393,8.16204,0,0,0,0,0,0,0,0,0,0
10.8411,55.2975,14.4951,0,0,0,0,0,0,0,0,0,0,0,0,0,0,5.37817,0.161652,8.95529,0,0,0,0,0,0,0,0,0,0
11.7582,55.2233,13.6987,0,0.105147,0.000339993,0,0,0,0,0,0.0149841,8.43884,0,0.000512923,0.0132498,0.0119244,0,0,4.81257,0.00513848,0.123774,0,0.172242,0,0,0,0,0,0
12.6295,55.6205,8.71826,0,0.67251,0,0,0,0,0,0,0,0,0,0,0,0,0,0.00254438,5.65635,0,0.00672482,0,0.189829,0,0,0,2.19031,0,0
12.2975,55.5826,18.7446,0,0.510566,0,0,0,0.118407,0,0,0.00957661,0,0,0,0.0120483,0,0,0.00798197,15.3434,0.0815477,0.0053892,0,0.61174,0,0,0,2.04389,0,0
10.1882,55.3955,16.8381,0,0,0,0,0,0,0,0,0,0,0,0,0,0,1.11965,1.30193,14.4029,0,0,0,0.0136752,0,0,0,0,0,0
10.3566,55.3944,16.3684,0,2.06694,0,0.0954946,0,0.575868,0,0.0212562,0.0756839,0,0,0,0.0401022,0.015339,0,0,12.1959,0.0106131,0,0,1.21848,0.00419546,0,0.0278346,0,0.0206268,0
11.4647,55.7227,17.7835,0,0,0,0,0,0,0,0,0,0,0,0,0,0,0,0,17.1657,0.00856042,0,0,0.609213,0,0,0,0,0,0
10.5767,55.0571,10.8722,0,0.0747659,0,0,0.458769,0,0,0,0,0,0.0442612,0,0,0,0,0,10.1508,0,0,0,0.0323113,0.111387,0,0,0,0,0
12.4726,55.7271,16.8999,0,1.49669,0,0,0,0,0,0,0,0,0.201238,0,0,0,0.749001,0.0638475,12.3149,0.0106405,0,0,0.128459,0,0,0,1.93517,0,0
10.1252,56.1815,34.9377,0,0.0217994,0,0,0,0,0,0,0,16.5682,0,0,0.50885,0,0,0,17.3809,0.0205771,0.220597,0,0.0830141,0,0,0,0.133836,0,0
8.85423,56.7942,10.4017,0,0,0.000567217,0,0,0,0,0,0.0134643,0,0,0,0,0,0,0,7.96335,0.113324,0.022954,0,2.01591,0,0.272099,0,0,0,0
9.39407,56.4566,5.15786,0,0.471271,0.000210763,0.363516,0.0647258,0.303117,0,0,0.0315663,0.197863,0,0.000720862,0.029616,0,0,0,3.50946,0.0044549,0.0137539,0,0.160656,0,0,0,0,0.00693531,0
12.0478,55.947,5.10022,0,0,0,0,0,0,0,0,0,0,0,0,0,0,0,0,3.34852,0.0458991,0.0382565,0,1.16437,0,0,0,0.503167,0,0
10.0062,56.1516,19.8257,0,0,0,0,0,0,0,0,0,0,0,0,0,0,3.19022,0.197853,15.2616,0.00196565,0,0,1.17411,0,0,0,0,0,0
12.3767,55.8127,31.762,0,2.25585,0.0050193,0.212247,0,0,0,0,0,0.597209,0,0,0.0091181,0,0.622006,0.0401548,17.8978,0.00520692,0.235905,0,0.525446,0,0,0,9.35597,0,0
12.3624,55.7356,18.2573,0,2.95917,0.000209502,0,0,0.471077,0,0.0208213,0.0192123,0,0,0,0.00993674,0,0,0.00230034,12.6625,0.0114057,0.0267227,0,0.138094,0,0,0,1.93581,0,0
8.31063,56.5518,20.5054,0,0.238195,0.000522294,0,0,3.2771,0.0366994,0,0,0,0.0547737,0,0,0,0,0,15.1409,0.0326887,0.149774,0,1.57479,0,0,0,0,0,0
12.5609,55.6779,24.8388,0,3.03759,0.00325602,0.185981,0.0939422,0.328018,0,0.017301,0.135659,0.897868,0,0.0336331,0.102128,0,0,0,11.3283,0.0197062,0.0749221,0,1.27106,0.00119334,0,0,6.9762,0.33205,0
12.0977,55.6406,27.8294,0,0.930363,0.0026862,0,0,0.113692,0,0.0128491,0.0121141,8.59073,0.0387139,0,0.22024,0,0,0.00730773,16.9391,0.00724088,0.0977573,0,0.34075,0,0,0,0.504193,0.0116752,0
8.84014,56.7994,9.14701,0,0,0,0,0,0,0,0,0,0,0,0,0,0,0,0.000587692,9.14642,0,0,0,0,0,0,0,0,0,0
11.3012,55.9762,9.63789,0,0,0,0,0,0,0,0,0,0,0,0,0,0,0,0,9.63789,0,0,0,0,0,0,0,0,0,0
12.5748,55.7369,21.5963,0,0.178634,0,0.326,0,0.465089,0,0.0177543,0,2.23646,0,0,0,0,0,0.000825958,8.66736,0.0114224,0.352404,0,1.23114,0,0.0717854,0,8.03743,0,0
10.0499,56.4393,11.7459,0,0.508322,0,0.068524,0,0,0,0,0,0,0,0,0.51105,0,0,0.0191623,9.46284,0.00203023,0,0,1.17394,0,0,0,0,0,0
12.5173,55.7697,22.8311,0,0.112794,0.000230786,0.0696063,0,0.137511,0,0,0,0.343626,0.0297325,0.000541572,0.016436,0,0.427348,0.143902,16.3188,0.00223421,0.0108339,0,0.0629291,0,0,0,5.15457,0,0
9.93138,57.0394,18.1749,0,1.9117,0.000228485,0.265452,0.0458265,0.0959012,0,0,0.00813324,0.124014,0.00866259,0,0.0666595,0,0.0537539,0.00284952,15.0362,0.0122325,0.00836915,0,0.0811618,0,0.0774889,0,0.34365,0.0326364,0
11.918,54.899,21.4596,0,0,0,0,0,0,0,0,0,8.43884,0,0,0,0,1.0464,0.00316637,11.9688,0.0024358,0,0,0,0,0,0,0,0,0
9.39185,56.4501,11.2739,0,2.59722,9.54853e-005,0.205218,0,0.233619,0,0,0.0108942,2.50352,0.0148437,0.000410215,0.0175486,0,0,0,5.53572,0.0138299,0.00910421,0,0.123606,0,0,0,0,0.00822937,0
12.5246,55.7089,21.3199,0,3.03759,0,1.75964,0.231868,0.286455,0.00227586,0.0390841,0,0,0,0,0.131478,0,0,0.0251496,10.8541,0.112027,0.25999,0,0.493581,0.00356216,0,0,4.08309,0,0
12.3075,55.6561,14.4998,0,0.341423,0,0,0,0.202493,0,0,0,0,0,0,0.0160453,0,0.380537,0.0139084,9.91142,0.0018622,0,0,0.0770604,0,0,0,3.53735,0.017662,0
10.0739,56.4128,20.9516,0,0,0,0,0,0,0,0,0,2.12211,0,0.0259247,0,0,3.34395,0.234172,15.2254,0,0,0,0,0,0,0,0,0,0
12.4516,55.6854,21.1725,0,2.39174,0.000135739,0.159347,0.247168,0.231033,0,0.0147335,0.0210644,0.169316,0,0,0.016673,0,0,0.018198,14.9025,0.00766072,0.0166719,0,1.01096,0,0,0,1.93345,0.0317733,0
12.4158,55.7259,23.9016,0,0.145391,0,0,0,0,0,0,0.00796423,0,0,0,0.51105,0,0,0,14.4061,0.00313275,0,0,0.0200792,0,0.138377,0,8.66953,0,0
10.3486,55.3948,22.3903,0,0.375045,0,0.0629774,0,1.13935,0,0,0.287311,0,0,0,0.51105,0.0356392,0,0,16.9298,0.0148256,0,0,2.31023,0.00535989,0,0.0729978,0,0.645805,0
8.76945,55.1587,17.4845,0,3.03759,0,0,0,0.298773,0,0.709508,0,0,0,0,0,0,0,0,11.3857,0.0137331,0.129954,0,1.90918,0,0,0,0,0,0
12.4769,55.8771,4.38966,0,0,0,0,0,0,0,0,0,0,0,0,0,0,3.32736,0.0710427,0.892976,0,0,0,0,0,0,0,0.0982875,0,0
8.62113,56.3769,30.0057,0,0.138949,0,0.128695,0,0,0,0,0,10.9501,0,0,0,0,0,0.000840613,17.549,0,0.0206565,0,1.21735,0,0,0,0,0,0
9.45733,55.5074,18.1864,0,0.0267677,0.000141592,0,0.399672,0,0,0,0,0.998172,0,0,0,0,0,0.0038331,16.6456,0.0335795,0.00742749,0,0.0712241,0,0,0,0,0,0
10.1644,56.1301,12.7375,0,1.44335,0,0,0,0.276897,0,0.40012,0,1.83148,0,0,0.226395,0,0.15172,0.00474841,7.88403,0.0202579,0.0931392,0,0.280478,0,0.12486,0,0,0,0
8.96547,56.1371,20.8826,0,1.98445,0.000146607,0.285875,0,0.277949,0,0.0707359,0,0.246945,0,0,0.42361,0,0,0,16.3022,0.00722423,0.0206867,0,1.25101,0,0,0,0,0.0118342,0
12.2309,55.5601,22.3091,0,0,0,0,0,0.061449,0,0,0,8.43884,0,0.00055496,0,0,3.70261,2.42439,7.67741,0,0.0038499,0,0,0,0,0,0,0,0
9.48772,55.8453,0.724527,0,0,0,0,0,0,0,0,0,0,0,0,0,0,0,0.00136014,0.681411,0,0,0,0.0417561,0,0,0,0,0,0
10.0762,56.4124,28.7039,0,0,0,0,0,0,0,0,0,8.43884,0,0.0317989,0,0,5.24391,0.445649,14.5437,0,0,0,0,0,0,0,0,0,0
8.97848,56.1086,18.9274,0,1.81624,0,0,0,0.208597,0,0.0540236,0,0,0,0,0.0985128,0,0.102827,0.00562261,14.7693,0.00164143,0,0,1.8706,0,0,0,0,0,0
12.5242,55.833,18.9365,0,0,0,0,0,0.396517,0,0,0,0,0,0,0,0,8.53469,0.461335,6.60325,0.00649415,0.00502991,0,0.794877,0,0,0,2.13433,0,0
9.35115,54.8318,6.75259,0,0,0,0.0610674,0,0,0,0,0,0,0,0,0,0,0.0829482,0.00564174,6.58585,0,0.00499991,0,0.0120877,0,0,0,0,0,0
12.3624,55.7356,18.2573,0,2.95917,0.000209502,0,0,0.471077,0,0.0208213,0.0192123,0,0,0,0.00993674,0,0,0.00230034,12.6625,0.0114057,0.0267227,0,0.138094,0,0,0,1.93581,0,0
12.3468,55.8692,4.90783,0,0.0607816,0.000479846,0.571273,0,0,0,0.133716,0,0,0,0,0.0357719,0,0,0.00195826,3.89369,0.00471077,0.0151718,0,0.16576,0,0,0,0,0.0245126,0
12.4832,55.673,13.5313,0,0.972411,0,0,0,0,0,0,0.0218663,0,0,0,0,0,0,0,9.96884,0.00515295,0.00837426,0,1.43212,0,0.0547897,0,1.0677,0,0
9.78647,55.8864,23.4311,0,0,0,0,0,0,0,0,0,7.86726,0,0,0,0,1.94094,0.00362079,13.5673,0,0,0,0.0519639,0,0,0,0,0,0
12.5495,55.7026,33.4795,0,3.03759,0,0,2.36954,6.39338,0.00272403,0.497089,0.78255,0.141796,0,0,0.554883,0,0,0.00269893,9.75941,0.0130332,0.0794124,0,2.07815,0.0131904,0,0,7.75404,0,0
12.4873,55.9376,21.592,0,0.0359972,0,0.0794509,0,0,0,0,0,0,0,0,0,0,0.38582,0.0206462,16.6127,0,0,0,0,0,0.0411515,0,4.41632,0,0
12.2298,55.5616,22.565,0,0,0,0,0,0.0686726,0,0,0,2.55456,0,0.000531404,0,0,3.64094,2.42439,13.8723,0,0.00368648,0,0,0,0,0,0,0,0
10.7898,55.3171,20.2718,0,0.138887,0.000334249,0.0601383,0.0563294,0.0889506,0,0.0224628,0,0,0.219664,0,0.516263,0,0,0.00634021,17.3847,0.00721313,0.230484,0,1.41161,0,0.0392136,0,0.0567403,0.0324784,0
8.63765,56.3663,16.1396,0,0,0,0,0,0,0,0,0,0,0,0,0.51105,0.0229581,0,0,15.443,0.0148078,0.134328,0,0,0,0,0,0,0.0134468,0
9.55818,56.1862,13.4225,0,1.36574,0,0.636796,0,0,0,0,0,0.181602,0,0,0.273415,0,0,0.00373295,10.882,0.00440862,0.00820851,0,0.0666278,0,0,0,0,0,0
11.9581,55.1661,2.44111,0,0,0,0,0,0,0,0,0,0,0,0,0,0,2.17821,0.0288151,0.234082,0,0,0,0,0,0,0,0,0,0
12.174,55.7789,20.5134,0,0,0,0,0,0,0,0,0.0616156,0,0,0,0,0,0,0,14.05,0.0054581,0,0,0.968948,0,0,0,5.42732,0,0
9.37184,55.2156,7.00306,0,0,0,0,0,0,0,0,0,0,0,0,0,0,1.94473,0.152956,4.90537,0,0,0,0,0,0,0,0,0,0
9.99393,57.4553,19.6101,0,2.18907,0,0,0,0.197913,0,0.210651,0,0.460079,0.0209393,0,0.00960613,0.0210367,0,0,15.1053,0.0358468,0.0741814,0,1.25194,0,0,0,0,0.0334932,0
9.37661,55.2164,4.51662,0,0,0,0,0,0,0,0,0,0,0,0,0,0,1.37945,0.575678,2.56149,0,0,0,0,0,0,0,0,0,0
10.2406,55.1019,12.5883,0,0.0728249,0,0.0632471,0,0,0,0,0.0104268,0,0,0,0.136033,0,0,0,10.9619,0.00222358,0.00772327,0,1.21714,0,0,0,0.108918,0.00787026,0
8.88722,54.9521,12.2748,0,0,0,0,0,0,0,0,0,6.32034,0,0,0,0,0,0.00883169,5.94564,0,0,0,0,0,0,0,0,0,0
8.69212,56.9519,24.4569,0,0.821794,0.000571604,0,0,0.762694,0,0,0.0517452,4.80172,0.0207282,0,0.0680973,0,0,0,16.2123,0.0115365,0.297737,0,1.30059,0,0,0,0,0.10742,0
12.4003,55.6656,24.9782,0,2.89093,0.000256088,0.154439,0,0,0,0.0939563,0.0151949,0.118772,0.0195524,0,0.265747,0,0,0.00652015,12.2032,0.00690222,0.328885,0,1.35346,0,0,0,7.52038,0,0
10.357,55.3679,7.00885,0,0,0,0,0,0,0,0.0308121,0.00905438,0,0,0,0.00997468,0.00331458,0.112207,0.00692601,6.20599,0,0,0,0.630567,0,0,0,0,0,0
11.1399,55.3303,17.6452,0,0.348266,0.0014234,0,0,0,0,0,0,0,0,0,0.115257,0,0,0,15.6703,0.0165589,0.207981,0,1.2855,0,0,0,0,0,0
11.3525,55.3919,30.8753,0,0.0147864,0,0,0,0.739444,0,0,0,13.5573,0,0,0.00559608,0,0.528189,0.0358659,14.9938,0.00355466,0.00917452,0,0.188103,0,0.799544,0,0,0,0
11.3627,55.3877,4.5455,0,0,0,0,0,0,0,0,0,0.226704,0,0,0,0,2.03166,0.236304,1.9322,0.00117461,0,0,0.0406778,0,0.0767814,0,0,0,0
12.2884,55.647,7.54282,0,2.16069,0,0,0,0.0730127,0,0,0,0,0,0,0.00607599,0,0,0,2.83769,0.00403359,0.00772711,0,0.0659803,0,0,0,2.37839,0.00921794,0
11.7577,55.2329,13.0611,0,1.53742,0.000676881,0.306453,0,0,0,0,0.164042,0,0.0276318,0.00365023,0.520218,0,0,0,9.58163,0.014773,0.289777,0,0.614831,0,0,0,0,0,0
9.7935,54.914,18.6587,0,1.14119,0.000370799,0,0,0.763678,0,0,0,0,0,0.00119718,0.0138671,0.0242702,0,0.0024064,16.3843,0.112156,0.04154,0,0.059927,0.00120376,0,0,0,0.112608,0
12.6013,56.0303,15.7278,0,3.03759,0.00011039,0.109962,0,0.356766,0,0,0.0201481,0.112081,0,0,0.0536472,0,0,0,11.9474,0.00293819,0.0202206,0,0.0669453,0,0,0,0,0,0
11.9158,55.0072,17.5634,0,2.61979,0,0,0,0.979653,0,0,0,0,0.0215326,0,0.0180317,0.00395494,0,0,13.8223,0.00558403,0.0494308,0,0.0364811,0,0,0,0,0.00670687,0
11.3532,55.3907,15.7752,0,0,0,0,0,0.496952,0,0,0,6.21795,0,0,0,0,0.898966,0.0588191,7.09692,0.00475356,0.00611318,0,0.472566,0,0.52213,0,0,0,0
10.0558,55.4139,14.7604,0,0,0,0,0,0.102908,0,0,0,8.43884,0,0,0,0,0.572943,0.099703,0.217976,0,0,0,0,0,0,0,5.32805,0,0
8.69206,56.954,23.9717,0,0.161227,0.00193149,0,0,3.44523,0,0,0.235193,7.18354,0.0417722,0,0.55632,0,0,0,10.4132,0.0332229,0.202417,0,1.38695,0,0,0,0,0.31074,0
12.4578,55.6783,27.4219,0,1.7521,0.00343262,3.46057,0.0449314,0.37151,0,0,0.0103274,2.74281,0,0,0.158039,0,0,0.00669199,15.3196,0.0531235,0.206607,0,1.61518,0,0,0,1.66531,0.0116926,0
8.23574,56.0945,13.6893,0,0.0942843,0.000156071,0.0510425,0,0,0,0.0321761,0.0282428,0.440796,0.0063681,0,0,0,0,0,12.7769,0.00227742,0.162018,0,0.0949605,0,0,0,0,0,0
12.4001,55.6433,22.632,0,0.0434051,0,0,0,0,0,0,0,0,0,0,0,0,2.50816,0.479758,9.40182,0.00277214,0,0,1.16437,0.00225612,0,0,9.02942,0,0
11.579,55.8541,7.70581,0,0,0.00309777,0.715457,0,1.3114,0,0,0.00939927,0,0,0,0,0,0,0.00206286,4.46429,0.00529048,0.03043,0,1.16437,0,0,0,0,0,0
12.5259,55.6871,21.6199,0,1.65343,0.000125197,2.12799,0.156984,0.34124,0,0.0555697,0.0250384,0.961414,0.759435,0,0.0543898,0,0,0.00623706,3.91498,0.0252742,0.0582341,0,0.77345,0,0,0,10.7061,0,0
12.404,55.967,12.9197,0,0,0,0,0,0,0,0,0,0,0,0.00282763,0,0,0,0,12.7935,0.0108147,0,0,0.112567,0,0,0,0,0,0
12.1981,55.6494,26.4656,0,0.92239,0,0,0,0.450235,0,0.180436,0,0,0,0,0,0,0.171966,0.0237254,17.1362,0.00278081,0.247538,0,1.48429,0.00258007,0,0,5.84347,0,0
12.545,55.7409,17.4746,0,0.0927838,0.000177403,0.348936,0,0,0,0,0,0,0.141693,0.000433354,0.0285307,0,0.299668,0.0744598,9.72649,0.00161157,0.00800937,0,0.0620387,0,0.140619,0,6.54914,0,0
8.48112,57.0433,13.4745,0,0,0,0,0,4.95087,0,0,0,0,0,0.00255635,0,0,0,0,8.16204,0,0.359001,0,0,0,0,0,0,0,0
9.46407,55.5261,17.5388,0,0,0,0,0,0,0,1.20607,0.0343509,0,0,0.000607725,0.0122089,0.0256183,1.13945,0.142618,14.5004,0.00132472,0.0454024,0,0.111492,0,0,0,0.319199,0,0
11.8038,55.4356,15.0322,0,0.0597555,0,0,0,0,0,0,0.0096438,0,0,0,0.00738745,0,0,0,14.8947,0,0.00306062,0,0.0576848,0,0,0,0,0,0
9.58365,55.7238,25.0542,0,0.129739,0,0,0.039102,0,0,0,0,8.50262,0.00894416,0,0.00835477,0,0.89798,0.0606216,14.8164,0.00143732,0,0,0.588976,0,0,0,0,0,0
10.2995,56.2343,7.35371,0,0,0,0,0,0.149991,0,0,0,0,0,0,0,0.00738733,0,0.00262915,6.01722,0.0121075,0,0,1.16437,0,0,0,0,0,0
9.47408,55.4884,23.9098,0,0.257692,0.000564623,1.14882,0.177133,0,0,0.978476,0.128004,3.1058,0,0,0.0975903,0,0,0,16.0842,0.0178569,0.474985,0,1.33137,0,0,0,0,0.107246,0
8.85439,54.9398,10.9844,0,0.0646473,0,0,0.0337607,0,0,0,0.00796562,0,0,0,0.00655357,0,0,0,8.99627,0,0,0,1.87521,0,0,0,0,0,0
9.40673,56.452,23.8222,0,0.0946325,0.000553564,0.564436,0.0370472,0.595777,0,0,0.662567,0.809207,0.0354602,0.00337771,0.0387689,0,0,0,19.041,0.0188109,0.105396,0,1.22531,0,0,0,0,0.589821,0
11.3408,54.661,13.0732,0,0.0992229,0.000133347,0,0,0,0,0,0,0.14374,0,0,0,0,0,0.00118412,12.7395,0,0.00385,0,0.0123368,0,0.0731628,0,0,0,0
9.85159,55.8585,21.904,0,0.307352,0.00172594,0,0.0241717,0.0731657,0,0,0.0258035,1.00483,0,0,0.346791,0,0,0,17.7488,0.0156551,0.309098,0,2.01982,0,0,0,0,0.0268053,0
10.1455,56.1038,5.09964,0,0.0169798,0,0,0,0,0,0,0,0,0,0,0,0,0,0,5.08266,0,0,0,0,0,0,0,0,0,0
11.338,55.4179,1.08504,0,0,0,0,0,0,0,0,0,0,0,0,0.51105,0,0,0,0.546271,0,0.00446979,0,0.023254,0,0,0,0,0,0
12.0004,54.9973,6.65788,0,0,0,0,0,0,0,0,0,5.48004,0,0,0,0,0.621229,0,0.556606,0,0,0,0,0,0,0,0,0,0
9.9487,57.2659,15.5966,0,0.405105,0,0,0,0,0,0.376793,0,0,0,0,0.0698925,0,0,0,12.4928,0.00920689,0.140932,0,2.0916,0,0,0,0,0.0102394,0
12.6566,55.6313,24.1919,0,0.0500711,0,0.166693,0,0,0,0,0.0438803,8.63347,0,0,0.0470231,0,6.18584,0.0737675,5.67687,0,0.0405989,0,1.16437,0,0,0,2.1093,0,0
12.4053,55.6544,16.9757,0,3.0204,0,0,0,0,0,0,0.184578,0.200655,0.0127736,0,0.0154862,0,0,0.00901227,7.20309,0,0.00711087,0,0.0642169,0.00334925,0,0,6.25505,0,0
12.5566,55.7452,18.7745,0,1.68134,9.30508e-005,0,0,0,0,0,0,0,0.0119234,0,0.0528102,0,0,0.00920235,10.9271,0.0029886,0.00737579,0,0.0253172,0,0.568787,0,5.48749,0,0
10.4206,55.3541,16.6592,0,0.0249507,0,0,0,0,0,0,0,8.49702,0,0,0,0,1.41816,0.0596969,1.33132,0,0,0,0,0,0,0,5.32805,0,0
9.8444,55.8673,15.3492,0,2.9919,0,0,0.173501,0.151022,0,0,0.225857,0.0898771,0,0,0.0671674,0.00364305,0,0,11.4677,0.0371009,0.0258985,0,0.0935288,0,0,0,0,0.0219775,0
8.4569,55.51,14.6587,0,0.0377538,0,0,0,0,0,0.0162228,0,2.56515,0,0,0.00559756,0,0,0.00226838,10.6888,0.00263809,0.13207,0,1.20827,0,0,0,0,0,0
8.62016,56.3617,22.4023,0,0.0891799,0.000896055,0.496831,0,2.48098,0,1.16146,0.442021,0.339365,0,0.00103969,0.51105,0.00432507,0,0,15.195,0.0153911,0.428271,0,1.20884,0,0,0,0,0.0276589,0
12.3517,55.6166,11.7883,0,0.0552189,0,0,0.0573113,0.198287,0,0,0,0,0,0,0.0340235,0,0.314043,0.0238403,10.7936,0.0737707,0.0128315,0,0.225358,0,0,0,0,0,0
12.4809,55.7972,19.7381,0,0.76864,0,1.76776,0,0,0,0.0314428,0,0,0,0,0.0232594,0,0,0.00520095,11.3235,0.00160255,0.0127971,0,0.114078,0,0,0,5.68978,0,0
10.8819,56.4135,21.0206,0,2.64616,0.00207537,0,0.110659,0,0,0.239665,0,0.0853743,0,0,0.0624664,0.00316581,0,0,17.1323,0.115602,0.337404,0,0.285708,0,0,0,0,0,0
12.4976,55.8832,28.2892,0,2.09104,0.00113093,0,0,0,0,0,0,8.43884,0,0,0.0326433,0,0,0.00823781,16.9775,0.00139209,0.0376437,0,0.644397,0,0,0,0.0563154,0,0
9.35111,54.832,6.07822,0,0,0,0.0589294,0,0,0,0,0,0,0,0,0,0,0.102258,0.00582923,5.89429,0,0.00521722,0,0.0116935,0,0,0,0,0,0
12.6591,55.5956,13.0895,0,0.111702,0.000107827,0,0,0,0,0.015086,0,0,0,0,0,0,0,0,5.47254,0.00370966,0.00704761,0,2.04605,0,0,0,5.43329,0,0
9.36618,55.0653,22.2814,0,0,0,0,0,0,0,0,0,0.926291,0,0,0,0,3.4095,0.107312,17.7304,0.107951,0,0,0,0,0,0,0,0,0
11.7902,55.4294,16.8737,0,0,0,0,0,0,0,0,0,0,0,0,0.0285978,0,0,0,16.2716,0.00286122,0,0,0.570661,0,0,0,0,0,0
9.02687,56.5627,9.46014,0,0.0409322,0,0.594155,0.026316,0.0772386,0,0.249491,0.012355,0.994825,0,0.00283533,0.372167,0.00388717,0,0,5.67417,0.0110508,0.037872,0,1.34365,0,0,0,0,0.019206,0
12.4766,55.7339,14.2882,0,0.0472651,0,0,0,0,0,0,0,0,0.0110169,0,0.00551998,0,0.624964,0.0807452,6.13756,0.00239984,0,0,0.0394098,0,0,0,7.33929,0,0
9.69486,56.783,30.9406,0,0,0,0,0,0,0,0,0,10.5562,0,0,0,0,5.78734,0.182806,14.3993,0.00145598,0,0,0.0134756,0,0,0,0,0,0
9.93137,56.0325,23.2223,0,0.535899,0.000750853,0.270169,0,6.09409,0,0,0.00957834,0,0.0958616,0,0.273376,0.00672623,0,0,12.6509,0.00354662,0.200464,0,2.45013,0,0,0,0.473874,0.156839,0
12.6132,56.0394,16.1526,0,0.192628,0,0.0980304,0.729641,1.9687,0,0,0.0370864,0,0,0,0,0,0,0,12.7681,0.0201679,0.100325,0,0.0837696,0,0,0,0,0.15416,0
12.521,55.7751,28.9658,0,0.262,0.000105083,0.750552,0.117273,0.167441,0,0,0,0.0929053,0,0,0.0305654,0,3.36521,0.395571,12.9216,0.00132986,0.0039188,0,1.87763,0,0,0,8.97969,0,0
12.5196,55.7822,14.7501,0,0.337932,0,0.166771,0.0755658,0.122333,0,0,0,0,0,0,0.0218518,0.00414931,0.242763,0.0909934,12.8337,0,0.00631638,0,0.123758,0,0.163021,0,0.56103,0,0
11.9088,55.0122,15.9775,0,0.330647,0.000298907,0,0,0.208805,0,0.0321266,0,0,0.0181782,0,0.162189,0.00666323,0,0,15.026,0.00859422,0.0460244,0,0.125163,0,0,0,0,0.0127954,0
12.3808,55.6514,3.05989,0,0.0132262,0,0,0,0,0,0,0,0.0885798,0,0,0.00530309,0,0.0463067,0.016051,1.23286,0,0,0,0.0398442,0,0,0,1.61773,0,0
10.0258,56.4824,18.5547,0,0.151369,0,0,0,2.45902,0,0,0.00876148,1.48252,0,0,0,0.00375392,0,0,12.8943,0.00483995,0.013331,0,1.53675,0,0,0,0,0,0
8.69696,56.955,16.4118,0,0.095047,0.00610869,0,0,1.784,0,0,0.240936,0.932379,0.118482,0,0.0789231,0,0,0,12.5378,0.00672392,0.0684598,0,0.28967,0,0,0,0,0.253197,0
9.97856,56.0686,29.0598,0,0,0,0,0,0,0,0,0,8.43884,0,0,0,0,4.41629,0.00967145,16.195,0,0,0,0,0,0,0,0,0,0
9.87627,57.0056,26.9129,0,0.100924,0.000473927,0,0,0,0,0,0,11.4818,0,0,0,0,0,0.0112252,14.6978,0,0.298446,0,0.322276,0,0,0,0,0,0
12.3866,55.7329,13.8957,0,0,0,0.0830571,0.121961,0,0,0,0,0,0,0,0.109586,0,0,0,11.6004,0.00176622,0.220597,0,1.17153,0,0,0,0.586831,0,0
8.37408,56.95,17.4235,0,0,0,0,0,0,0,0,0,0,0,0,0,0,0,0,16.1466,0.107951,0.00456303,0,1.16437,0,0,0,0,0,0
12.5911,55.7022,22.9196,0,2.49317,0.000256492,0.156198,0,0.217605,0.00350567,0.0148911,0.00799256,0.361913,0,0,0.0522017,0,0,0.000886909,10.7246,0.0143544,0.0556197,0,0.133407,0.0165121,0.0432574,0,8.62316,0,0
12.0669,55.6354,18.2818,0,0.501977,0,0,0,0.33896,0.222886,0.0232137,0,0.509201,0,0,0.0236064,0.0163961,0,0.0108691,16.0924,0.00666324,0.0194765,0,0.29892,0.014331,0,0,0.202879,0,0
9.72128,55.5673,13.6071,0,0.174779,0,0,0,0.1552,0,0,0.00894806,0.494723,0,0,0.00791794,0,0,0,10.9377,0.00652775,0,0,1.82126,0,0,0,0,0,0
8.23264,56.7817,18.7194,0,0,0,0,0,0,0,0,0,0,0,0,0,0,0,0,17.5725,0.00701177,0.429246,0,0.710649,0,0,0,0,0,0
8.8297,56.7872,11.0698,0,0,0,0,0,0,0,0,0.0123337,8.43884,0,0,0,0,0,0.0030817,2.60793,0.00760714,0,0,0,0,0,0,0,0,0
9.48196,55.2556,16.7459,0,0.318983,0.000193586,0.134539,0.873721,0.361586,0,0,0.0509499,2.99724,0,0,0,0,0,0,10.5899,0.00618031,0.0155657,0,1.31636,0,0,0.0147224,0,0.066008,0
10.1495,55.975,19.0693,0,0.257009,0.00102877,0,0,0,0,0,0.0183249,0.494754,0,0.00918266,0.0176661,0.0121353,0,0,15.5926,0.0182471,0.271919,0,2.37641,0,0,0,0,0,0
10.1361,56.1535,19.2001,0,0.129831,0,0,0,1.52803,0,0,0,0,0,0,0.130052,0,0,0,15.9274,0.0135742,0,0,1.3838,0,0.0873863,0,0,0,0
8.77031,55.3332,18.0058,0,0.343774,0,0,0.0255871,0.87816,0,0,0.016574,0,0,0,0.0762612,0,0,0,14.9048,0.00170283,0.0256737,0,1.70667,0.00235054,0,0,0,0.0242939,0
8.24257,56.0921,25.4346,0,2.52066,0.00101283,0.201707,0,0,0,0.341647,0.0202888,2.13158,0.0390139,0,0,0,0,0,18.1663,0.0294146,0.108554,0,1.8744,0,0,0,0,0,0
8.43433,55.4718,14.751,0,1.56868,0,0.500194,0.0318429,0.106464,0,0.266533,0,0,0,0,0.152601,0,0,0,11.742,0.0042178,0.0462381,0,0.332144,0,0,0,0,0,0
10.222,56.1605,3.99261,0,0.126832,0.000363807,0.0967336,0.164154,0.365781,0,0.0241969,0.077448,0,0,0.000382861,0.0325452,0,0,0,2.94001,0.00243372,0.0279564,0,0.0969591,0,0,0,0,0.0368199,0
9.87932,57.0048,18.6069,0,0.144651,0.000338346,0,0,0,0,0,0,3.9669,0,0,0,0,0,0.00839406,13.0945,0,0.0788072,0,1.31331,0,0,0,0,0,0
12.4497,55.7202,14.5052,0,1.82225,0.00229632,0,0,0.114915,0,0,0.00785709,1.71489,0,0.000491011,0.107951,0,0.816202,0.191647,3.60238,0.0262549,0.0604873,0,0.443943,0,0,0,5.58499,0.00866287,0
9.41918,55.0462,21.3243,0,0.131425,0.00891484,0,0,1.80795,0,0,0.0320838,0,0,0,0.0312023,0,0,0,17.4952,0.0326759,0.441218,0,1.27757,0,0.0660268,0,0,0,0
12.5909,55.6427,17.8543,0,2.16756,0,0,0,0.0821647,0.00228016,0,0.00845433,0,0.0625963,0,0,0,0,0.00125327,9.11878,0,0.00749646,0,0.11539,0.00265636,0.045243,0,6.24045,0,0
12.4749,55.9065,17.7955,0,0,0,0,0,0,0,0,0.104131,0.663078,0,0,0.821018,0,3.54989,0,10.5559,0.0243679,0.00924551,0,1.8706,0,0.0491853,0,0.138508,0.00961812,0
12.562,55.6765,19.0583,0,2.86624,0.0162514,0.167974,0.0756421,0.4768,0,0.012374,0.39484,1.95012,0,0.0456757,0.219676,0,0,0,4.70904,0.0262907,0.35151,0,1.48242,0.00176404,0,0,5.48279,0.778918,0
12.4397,55.7285,20.953,0,2.53133,0,0,0,2.16766,0,0,0.230568,0,0.035485,0.00131567,0.0417495,0,0.137042,0.0226689,13.058,0.0233682,0.0163858,0,0.0821172,0,0,0,2.54979,0.0555294,0
12.0652,55.8478,6.22159,0,0.170309,0,0,0,0.0897264,0,0,0,0.129297,0,0,0.0585272,0,0,0,1.42667,0,0.0051115,0,1.17147,0,0,0,3.17047,0,0
10.1894,56.1703,22.8936,0,1.85834,0,0,0,1.17324,0,0.185952,0,7.19368,0,0,0.145375,0,0,0,10.7883,0.0218,0.24088,0,1.26789,0,0,0,0,0.0181272,0
11.789,55.4532,31.5477,0,0,0.00891484,0,0,0,0.0165626,0,0,9.81613,0.0484074,0,0.0103307,0,1.27234,0.00264382,18.8684,0.00229849,0.237703,0,1.26396,0,0,0,0,0,0
10.8051,55.3096,17.8335,0,0.0848457,0.000112341,0.271407,0,0.218603,0,0,0,9.96542,0,0.000498784,0,0.00737774,0.662379,0.0282673,5.35149,0.00426614,0.0111348,0,0.93866,0,0,0,0.289073,0,0
12.5404,55.7113,14.0559,0,1.98007,0,0,0.0315378,6.17459,0,0.0468981,0,0,0.0587056,0,0.0150325,0,0,0.00383376,2.8867,0.00899375,0.0186102,0,0.125866,0.00292994,0.0583488,0,2.64374,0,0
9.75905,55.4966,20.4357,0,2.88231,0,0,0,0,0,0,0,0,0,0,0.121944,0,0,0.00367759,17.3952,0,0.00375322,0,0.0288162,0,0,0,0,0,0
9.69435,56.7829,26.865,0,0,0,0,0,0,0,0,0,8.25945,0,0,0,0,4.3335,0.137539,14.119,0.00152492,0,0,0.014038,0,0,0,0,0,0
10.132,56.1132,4.41675,0,0,0,0,0,0,0,0,0,0,0,0,0,0,0,0.00295938,4.35392,0,0,0,0,0,0.0598641,0,0,0,0
9.57014,55.7226,18.3391,0,0.131657,0,0,0,0.0741286,0,0,0,8.52655,0,0,0.012682,0,1.10844,0.104124,8.32307,0.0126959,0,0,0.0457876,0,0,0,0,0,0
12.6203,55.6546,18.2341,0,0.880135,0,0,0,0,0,0.0504081,0.028177,0.263222,0.626985,0.00045676,0.00518123,0,0,0,7.79479,0.0651206,0.0411869,0,0.23843,0,0.119144,0,8.1114,0.00950454,0
10.1036,56.1828,22.5458,0,0.0273378,0,0,0,0.222148,0,0,0,8.43884,0,0,0,0,0,0.00907082,11.4378,0,0.112476,0,2.19663,0,0,0,0.1015,0,0
12.4627,55.6925,12.6447,0,0.930103,0,0,0.0265907,0,0,0.286801,0.0131079,0,0,0,0.226255,0,0,0.0156041,9.97214,0.00155434,0.183444,0,0.089842,0,0,0,0.899225,0,0
9.33597,55.0732,16.1679,0,0.261279,0,0,0,0,0,0,0,0,0,0,0,0,0,0.0017908,14.0737,0.0909033,0.0443351,0,1.6959,0,0,0,0,0,0
12.3891,55.7318,17.6651,0,0,0,0.0642329,0.0592311,0,0,0,0,0,0,0,0.0383338,0,0,0,15.4291,0.00141628,0.0426546,0,0.173074,0,0,0,1.85712,0,0
9.99318,57.0183,13.7666,0,0.0581252,0,0,0.0319367,0,0,0,0,0,0,0,0,0,0,0.00288494,13.6614,0,0,0,0.0121867,0,0,0,0,0,0
10.3768,55.3943,23.15,0,0.505751,0.00119715,0,0.130196,0.165424,0,0.167572,0.182182,0.501285,0.105216,0,0.0329725,0,0,0,15.3139,0.0147497,0.25614,0,1.90498,0.00227113,0,0,3.57163,0.294529,0
9.76777,55.5098,27.6349,0,0.0262242,0,0,0,0,0,0,0,9.41754,0,0,0,0,0.764657,0.0528772,17.3571,0.0164159,0,0,0,0,0,0,0,0,0
9.93466,57.0367,18.6643,0,1.67851,0,5.04404,0,0,0,0,0,0,0,0,0.51105,0,0.0914336,0.00373316,10.6034,0.00449067,0.00400356,0,0.372327,0,0.112786,0,0.230156,0.00833357,0
12.5753,55.6268,25.9327,0,0.410977,0.000781106,0.204613,0.0539599,0,0,0,0,5.85574,0,0.010005,0.0412914,0.0784814,4.85779,0.0820986,10.604,0,0.0310598,0,0.0937769,0,0.44711,0,3.15172,0.00934395,0
11.9882,54.9487,13.8122,0,0,0,0,0,0,0,0,0,0,0,0,0,0,1.00423,0.0245474,12.7834,0,0,0,0,0,0,0,0,0,0
12.3552,55.6146,18.5491,0,0.058958,0,0,0.129811,0.357784,0,0,0,0,0,0,0.51105,0,0.132383,0.0131034,15.8323,0.0232067,0.193023,0,1.29751,0,0,0,0,0,0
12.1574,55.4867,20.6149,0,0,0,0,3.61173,0,0,0,0,0.603876,0,0,0,0,1.05951,0.199799,15.14,0,0,0,0,0,0,0,0,0,0
9.80563,54.9295,16.887,0,0.038588,0,0,0,0,0,0,0,0.381288,0,0,0,0,0,0.0396245,15.9183,0.0150564,0.225165,0,0.0287449,0,0.240171,0,0,0,0
10.2522,56.15,9.92963,0,0,0,0,0,0,0,0,0,0,0,0,0,0,0,0,9.92963,0,0,0,0,0,0,0,0,0,0
10.5104,57.3893,5.60165,0,0,0,0,0,0,0,0,0,0,0,0,0,0,0.0888777,0.00281194,5.50996,0,0,0,0,0,0,0,0,0,0
12.5866,55.6661,30.1954,0,1.19484,0,5.04404,0,0.284028,0,0.0505946,0.0831464,0,0,0.0254898,0.558377,0,0,0,17.6465,0.00776096,0.198105,0,0.211554,0,0.0590752,0,4.81453,0.0173241,0
11.0912,55.6787,22.677,0,0.138212,0.00440897,0,0,6.31912,0,0,0.0999806,0,0,0,0.0126607,0,0,0,14.5467,0.0042692,0.137605,0,1.414,0,0,0,0,0,0
9.97839,56.0681,31.4649,0,0,0,0,0,0,0,0,0,8.43884,0,0,0,0,7.75064,0.0103379,15.265,0,0,0,0,0,0,0,0,0,0
8.14186,55.5556,16.3013,0,0.055329,0,0,0,0,0,0,0,0,0,0,0,0,0,0,15.0001,0.0302773,0.0255224,0,1.1901,0,0,0,0,0,0
11.8736,54.7675,21.6341,0,1.82001,0.000174088,0.770592,0,0.574876,0,0,0,2.46108,0,0,0.0337533,0,0,0,15.2811,0.0134431,0.286157,0,0.161489,0,0,0,0.17809,0.0533457,0
10.8403,55.2973,8.63387,0,0,0,0,0,0,0,0,0,0,0,0,0,0,2.601,0.166523,5.86635,0,0,0,0,0,0,0,0,0,0
10.8049,55.3094,17.4677,0,0.088046,0.00011286,0.277563,0,0.221755,0,0,0,9.9556,0,0.000485153,0,0.00707107,0.617238,0.0261602,5.16968,0.00435221,0.0117608,0,0.819411,0,0,0,0.268421,0,0
10.6789,56.2027,20.1469,0,0.801629,0,0,0,1.0694,0,0,0,0,0,0,0,0,0,0,16.6653,0.00200123,0.209748,0,1.36838,0,0,0,0,0.0304646,0
12.3352,55.6581,5.80064,0,0,0,0,0,0.0690925,0,0,0,0,0,0,0,0,0,0.021145,4.54724,0.00143714,0.016497,0,0.116899,0,0,0,1.02833,0,0
8.59171,56.4933,13.6758,0,1.45762,0.00124949,0,0,0.326668,0,0,0,0.125247,0,0,0,0,0,0,11.0822,0.00533511,0.261889,0,0.415588,0,0,0,0,0,0
12.46,55.6456,33.3196,0,0.0934772,0,0,0,0,0,0,0.0239984,8.43884,0.0220679,0,0,0,0.813134,0.0585421,12.9427,0.00516238,0.220597,0,1.56399,0,0,0,9.09462,0.0424544,0
9.54478,55.709,14.364,0,2.94398,0.000119664,3.82776,0,0.067878,0,0,0,0,0.0147642,0.000892886,0.0242776,0.0038465,0,0.0046847,6.79946,0.0112936,0.0223629,0,0.63376,0,0,0,0,0.00894978,0
9.3663,55.065,21.3432,0,0,0,0,0,0,0,0,0,0.827693,0,0,0,0,2.95848,0.0939754,17.3551,0.107951,0,0,0,0,0,0,0,0,0
9.6951,56.7841,28.8653,0,0,0,0,0,0,0,0,0,13.5573,0,0,0,0,2.53844,0.112245,12.6411,0.00157968,0,0,0.014668,0,0,0,0,0,0
11.7857,55.2527,16.461,0,0,0,0,0,0,0,0,0,3.33612,0,0,0,0,0,0.001893,12.7057,0,0.0162632,0,0.401028,0,0,0,0,0,0
12.5351,55.6639,26.1075,0,1.68569,0,0.130993,2.4983,0.4464,0,0,0.0898318,0.599814,0,0,0.0184348,0,0,0,11.1794,0.0270233,0.0374774,0,1.54853,0,0,0,7.82388,0.0217521,0
11.8969,54.8999,8.64377,0,0,0,0,0,0,0,0,0,0,0,0,0,0,0,0.00222891,8.40929,0,0.220597,0,0.0116506,0,0,0,0,0,0
9.27575,55.4575,8.16204,0,0,0,0,0,0,0,0,0,0,0,0,0,0,0,0,8.16204,0,0,0,0,0,0,0,0,0,0
12.0841,55.642,19.0475,0,2.99173,0,0,0,2.71525,0,0.588486,0.105497,1.0926,0.0284295,0,0.0742696,0.00447781,0,0.00352062,10.4472,0.0559886,0.476988,0,0.18564,0.00202756,0,0,0.237675,0.0376526,0
11.7176,55.7146,25.294,0,0.14069,0.000227961,0,0.0501775,0,0,0,0.0499255,6.75354,0.0458851,0.000469366,0.0602782,0,0,0,15.7766,0.0184484,0.215537,0,2.10396,0,0,0,0,0.0782684,0
12.2855,55.6602,31.0878,0,0.0721889,0,0,0,0,0,0,0,8.95872,0,0,0,0,0.401592,0.0345921,16.682,0,0.00562034,0,0.0201989,0,0,0,4.90376,0.0090748,0
12.295,55.5827,27.4395,0,2.78877,0,0,0,0.110787,0,0,0.00949654,0,0,0,0.0126356,0,0,0.00820413,15.7503,0.018498,0,0,1.8706,0,0,0,6.87027,0,0
12.6058,55.6687,26.7401,0,1.77458,0.00025666,0.0842079,0,0.671036,0,0.047671,0.0751013,0,0,0,0.105313,0,0,0,11.3831,0.00866834,0.0245189,0,1.80134,0,0.212504,0,10.5446,0.00717683,0
9.71768,55.5368,25.7042,0,0,0,0,0,0,0,0,0,11.3153,0,0,0,0,1.125,0.0363891,12.0457,0,0,0,1.18181,0,0,0,0,0,0
9.55111,56.1683,19.7552,0,1.65564,0.00030333,0.499584,0.613527,0,0,0,0.0642666,1.27634,0.0446955,0,0.118173,0,0,0,14.0806,0.0532203,0.367801,0,0.935828,0,0,0,0,0.045176,0
10.0554,56.4337,11.5018,0,0.0181272,0,1.34539,0,0,0,0,0,0.183098,0,0,0.00979036,0,0.133074,0.791977,8.95889,0.00136083,0.0203386,0,0.0397007,0,0,0,0,0,0
12.5319,55.7059,28.7114,0,3.02307,0,0.198126,0.402909,1.31329,0.0106242,0.0326118,0,0,0,0,0.0532523,0,0,0.0127853,11.6007,0.0195826,0.132787,0,0.532713,0.0777609,0,0,11.3011,0,0
12.6226,55.6699,7.5649,0,0.136838,0,0,0,0.131118,0,0,0.185725,0,0,0,0.0703875,0,0,0,2.38173,0.0011841,0.0271172,0,0.0696738,0,0,0,4.2947,0.266428,0
9.35005,56.1313,9.63799,0,0,0,0,0,0,0,0,0,0,0,0,0,0,3.2911,0.0459426,6.29523,0,0.00572187,0,0,0,0,0,0,0,0
8.54802,55.5212,14.6629,0,0,0,0,0,0,0,0,0,0,0,0,0,0,1.23928,0.0690354,13.3546,0,0,0,0,0,0,0,0,0,0
11.8552,54.7589,17.0633,0,0.0140209,0,0,0,0,0,0,0,8.43884,0,0,0,0,0,0,7.43877,0,0,0,1.17166,0,0,0,0,0,0
11.1202,55.3477,11.4204,0,0.118812,0,0,0,0,0,0,0,0,0,0,0,0,5.26313,0.672814,5.34051,0.00141643,0,0,0.0237208,0,0,0,0,0,0
12.6244,55.6271,23.1818,0,2.52003,0,0.0526147,0,0,0,0,0,0,0,0,0.0121205,0,0.192033,0.0286768,11.6489,0,0.0555799,0,0.187554,0,0.304954,0,8.17925,0,0
9.89723,56.5416,26.9992,0,0,0,0,0,0,0,0,0,8.43884,0,0,0,0,6.89417,0.331951,11.3342,0,0,0,0,0,0,0,0,0,0
11.4772,54.7791,8.73573,0,0,0,0,0,0,0,0,0,7.88692,0,0,0,0,0.345205,0.0216467,0.449516,0,0.00562879,0,0.0268141,0,0,0,0,0,0
10.4332,55.3781,22.6034,0,0.24181,0.000252403,0,0,0.0662529,0,0.0153046,0,5.97131,0,0,0.00656013,0,0,0,14.3179,0,0.00712788,0,1.88932,0,0.0876092,0,0,0,0
12.5297,55.6784,24.1697,0,3.03759,0.00185538,0.238073,0.122018,0.242176,0,0.0850643,0.0627904,1.30327,0.0157845,0,0.122958,0,0,0.0017876,10.3116,0.0420808,0.340739,0,1.44364,0,0,0,6.69228,0.105983,0
10.6154,55.0639,32.9297,0,1.83234,0.000194612,0,0,3.05245,0,0.0342487,0.0083825,1.64488,0.00658678,0,0.0069904,0,0,0,16.7701,0.0302571,0.045792,0,1.8935,0,0,0,7.55985,0.0441822,0
12.0822,55.6373,15.0647,0,1.59519,0,0,0,1.27215,0.00284535,0.083055,0.0783702,0.578556,0.060071,0,0.0277228,0.0106157,0,0.00681572,8.81216,0.0658211,0.476839,0,1.62049,0.00417555,0,0,0.357997,0.0118127,0
12.2577,55.5849,25.2284,0,0,0,0,0,0,0,0,0,13.5573,0,0,0,0,1.5055,0.0574335,10.1067,0.001546,0,0,0,0,0,0,0,0,0
12.2171,55.5342,15.087,0,0.451077,0.000184256,0,0,0,0,0,0,0,0,0,0.0570248,0,0,0.0234617,12.3616,0.0093274,0.0996233,0,2.08466,0,0,0,0,0,0
12.4785,55.7112,13.528,0,2.91113,0,0,0,0,0,1.24903,0.0245034,0,0,0,0.118016,0,0,0.00910408,4.55761,0.0154302,0.0588084,0,1.39128,0,0,0,3.19304,0,0
8.96995,56.1348,22.0274,0,0.181774,0.00046481,2.87268,0,1.35761,0,0.399905,0,0.275911,0,0,0.0706259,0,0,0,15.8025,0.00854561,0.0615153,0,0.971693,0,0,0,0,0.0242322,0
12.5718,55.6689,28.2536,0,0.327952,0.000296293,0.356074,0.0731923,0.65077,0,0.0341179,0.193096,0.522849,0,0.00672396,0.0257438,0,0,0,15.2347,0.00565342,0.336997,0,0.133233,0.00507443,0,0,10.2968,0.0503999,0
12.5416,55.6472,26.0746,0,1.41835,0,0,0,0.109697,0,0,0.0108612,0,0,0,0.0237073,0,0,0.0049331,14.1101,0.00290681,0.0197831,0,0.098831,0,0,0,10.2754,0,0
8.44414,55.4657,21.0502,0,1.42521,0.000153715,0.714874,0,1.27583,0,0.114026,0.0113806,0.435483,0.0161268,0.00168706,0.161211,0,0,0,16.5638,0.0199383,0.160346,0,0.0778948,0,0,0,0,0.0722497,0
10.8088,55.3085,29.0529,0,0.0433217,0,0.106063,0,0.0978995,0,0,0,10.6805,0,0.000933872,0,0.0138067,1.87819,0.0364161,15.5714,0.00156042,0.00448164,0,0.485181,0,0,0,0.133219,0,0
12.559,55.6761,24.7718,0,1.95465,0.00428363,0.100522,0.0844619,0.576404,0,0.0154594,0.127955,0.994085,0,0.0398549,0.0886731,0,0,0,13.1946,0.01948,0.236715,0,0.386387,0.00167653,0,0,6.52996,0.416545,0
12.4744,55.6613,21.3393,0,1.17639,0,0,0,0.136814,0,0,0,0,0,0,0.0760147,0,0,0.00941678,14.7922,0.00518303,0.0250812,0,1.33609,0,0,0,3.78208,0,0
10.0423,57.4558,28.1217,0,0,0,0,0,0,0,0,0,8.43884,0,0,0,0,6.31906,0.0710594,13.2927,0,0,0,0,0,0,0,0,0,0
9.84563,55.4877,3.12689,0,0,0,0,0,0,0,0,0,0,0,0,0,0,1.69611,1.43078,0,0,0,0,0,0,0,0,0,0,0
8.21379,56.7053,13.4964,0,0.153751,0,0,0,0,0,0,0,0,0,0,0,0,0,0,13.066,0.00129001,0.27538,0,0,0,0,0,0,0,0
11.8306,55.6401,3.24235,0,0,0,0,0,0,0,0,0,0,0,0,0,0,0.400871,0.0208575,2.81719,0,0.00343065,0,0,0,0,0,0,0,0
12.2914,55.9292,23.1201,0,0.600282,0.000199977,0,0.0715559,0,0,0.0426879,0.0437721,0,0,0,0.0161026,0,0,0,11.8557,0.00854162,0.0813409,0,1.21111,0,0,0,9.18234,0.00655018,0
9.87785,55.4782,9.32891,0,0,0,0,0,0,0,0,0,0,0,0,0,0,0.445,0.721872,8.16204,0,0,0,0,0,0,0,0,0,0
12.5606,55.713,27.6261,0,2.5046,0,0,0.030822,0.226364,0,1.23045,0,0.240817,0.0316334,0,0.0702548,0,4.94566,0.05301,9.97215,0.0113493,0.0358442,0,1.6334,0.0035693,0.0591358,0,6.57701,0,0
9.37871,54.9399,20.6717,0,0,0,0,0,0,0,0,0,7.8068,0,0,0,0,1.46176,0.0815257,11.3216,0,0,0,0,0,0,0,0,0,0
9.71852,55.5358,26.8087,0,0,0,0,0,0,0,0,0,9.87518,0,0,0,0,2.08909,0.0560841,13.8023,0.00110926,0,0,0.985014,0,0,0,0,0,0
9.76477,55.5113,12.8705,0,0.0509625,0,0,0,0,0,0,0,5.3021,0,0,0,0,0.714905,0.075616,6.72277,0.00415281,0,0,0,0,0,0,0,0,0
9.46287,55.5126,14.9929,0,0,0.00289951,0,0.21019,0,0,0,0,5.3822,0,0,0.00613253,0,0,0.00600371,8.86285,0.00544293,0.211227,0,0.306004,0,0,0,0,0,0
9.17301,56.1224,16.2155,0,0,0,0,0,0,0,0,0,8.08209,0,0,0,0,0.660164,0.00281615,7.47045,0,0,0,0,0,0,0,0,0,0
9.69089,56.7833,6.28153,0,0,0,0,0,0,0,0,0,1.6272,0,0,0,0,0.736609,0.0308272,3.86128,0.00263389,0,0,0.022977,0,0,0,0,0,0
10.0618,56.4303,12.6868,0,0.044309,0,0.346727,0.0517495,0,0,0,0,2.29085,0,0,0,0,0.299247,0.0249832,9.21063,0.00496657,0.282213,0,0.13108,0,0,0,0,0,0
9.54709,55.6637,18.6328,0,0,0,0,0,0,0,0,0,3.8061,0,0,0,0,4.84589,0.0665401,9.9143,0,0,0,0,0,0,0,0,0,0
9.36084,55.0682,22.2383,0,0,0,0,0,0,0,0,0,15.0977,0,0,0,0,2.97488,0.103827,4.05819,0.00377561,0,0,0,0,0,0,0,0,0
9.00689,56.1353,21.6756,0,0.0737543,0,0,0,0,0,0,0,5.49277,0,0.000714586,0,0,0.899134,0.0316555,14.2741,0.00135382,0.0246837,0,0.877438,0,0,0,0,0,0
12.5048,55.7727,25.6429,0,0.691469,0.00158875,0.103535,0,1.31349,0,0,0.0495966,2.03032,0,0.00169198,0.398478,0.00316264,0.210821,0.0140915,13.7265,0.121997,0.173833,0,1.37794,0,0.123471,0,5.30095,0,0
9.96868,57.0885,16.0223,0,0,0,0,0,0,0,0,0,0,0,0,0,0,2.04152,0.275648,13.7052,0,0,0,0,0,0,0,0,0,0
10.4267,55.3865,20.6784,0,0.171176,0.00185009,0,0,0.252894,0,0.215623,0,9.68279,0,0,0.016054,0,0,0,9.86006,0,0.1942,0,0.283784,0,0,0,0,0,0
10.0633,56.4296,17.5747,0,0.0657754,0,0.206324,0.071616,0,0,0,0,4.38906,0,0,0,0,0.254704,0.0192476,11.9435,0.00591821,0.409409,0,0.209181,0,0,0,0,0,0
12.2748,55.643,21.8024,0,0.0667593,0,0,0,0.0805799,0,0,0.0110688,0,0,0,0.397674,0,0,0,18.6049,0,0.0083858,0,0.90062,0,0,0,1.73248,0,0
9.66793,55.7864,22.7032,0,0,0,0,0,0,0,0,0,13.5573,0,0,0,0,0.783715,0.0228672,8.33937,0,0,0,0,0,0,0,0,0,0
11.3618,55.3879,4.6171,0,0,0,0,0,0.0632356,0,0,0,0.265989,0,0,0,0,2.06602,0.397181,1.68156,0.00131797,0,0,0.0516378,0,0.0901625,0,0,0,0
9.71694,55.5345,30.238,0,0,0,0,0,0,0,0,0,12.332,0,0,0,0,9.94545,0.0969477,7.62103,0.00113179,0,0,0.241455,0,0,0,0,0,0
10.4198,55.3527,12.1098,0,0.0367296,0,0,0,0,0,0,0,5.72771,0,0,0,0,2.61188,0.143952,0.964777,0,0,0,0,0,0,0,2.62471,0,0
12.1614,55.4893,13.8529,0,0,0,0,0.386665,0,0,0,0,4.37979,0,0,0,0,3.1372,0.17364,5.77556,0,0,0,0,0,0,0,0,0,0
12.1631,55.489,19.3665,0,0,0,0,0.256065,0,0,0,0,8.43884,0,0,0,0,4.41142,0.335204,5.92499,0,0,0,0,0,0,0,0,0,0
