,longitude,latitude,gravity
0,11.436272108080807,54.62847291212121,0.0
1,11.911286568686869,54.62847291212121,0.0
2,11.35710303131313,54.663834154545455,0.0
3,11.436272108080807,54.663834154545455,0.0
4,11.515441184848484,54.663834154545455,0.0
5,11.673779338383838,54.663834154545455,0.0
6,11.752948415151515,54.663834154545455,0.0
7,11.832117491919192,54.663834154545455,0.0
8,11.911286568686869,54.663834154545455,0.0
9,11.277933954545455,54.69919539696969,0.0
10,11.35710303131313,54.69919539696969,0.0
11,11.436272108080807,54.69919539696969,0.0
12,11.515441184848484,54.69919539696969,0.0
13,11.594610261616161,54.69919539696969,0.0
14,11.673779338383838,54.69919539696969,0.0
15,11.752948415151515,54.69919539696969,0.0
16,11.911286568686869,54.69919539696969,0.0
17,10.723750417171717,54.73455663939394,0.0
18,11.198764877777778,54.73455663939394,0.0
19,11.277933954545455,54.73455663939394,0.0
20,11.35710303131313,54.73455663939394,0.0
21,11.436272108080807,54.73455663939394,0.0
22,11.515441184848484,54.73455663939394,0.0
23,11.594610261616161,54.73455663939394,0.0
24,11.673779338383838,54.73455663939394,0.0
25,11.752948415151515,54.73455663939394,0.0
26,11.832117491919192,54.73455663939394,0.0
27,11.911286568686869,54.73455663939394,0.0
28,11.990455645454546,54.73455663939394,0.0
29,10.723750417171717,54.76991788181818,0.0
30,11.040426724242424,54.76991788181818,0.0
31,11.119595801010101,54.76991788181818,0.0
32,11.198764877777778,54.76991788181818,0.0
33,11.277933954545455,54.76991788181818,0.0
34,11.35710303131313,54.76991788181818,0.0
35,11.436272108080807,54.76991788181818,0.0
36,11.515441184848484,54.76991788181818,0.0
37,11.594610261616161,54.76991788181818,0.0
38,11.673779338383838,54.76991788181818,0.0
39,11.752948415151515,54.76991788181818,0.0
40,11.832117491919192,54.76991788181818,0.0
41,11.911286568686869,54.76991788181818,0.0
42,11.990455645454546,54.76991788181818,0.0
43,9.298707035353535,54.805279124242425,0.0
44,10.723750417171717,54.805279124242425,0.0
45,11.040426724242424,54.805279124242425,0.0
46,11.119595801010101,54.805279124242425,0.0
47,11.198764877777778,54.805279124242425,0.0
48,11.277933954545455,54.805279124242425,0.0
49,11.35710303131313,54.805279124242425,0.0
50,11.436272108080807,54.805279124242425,0.0
51,11.515441184848484,54.805279124242425,0.0
52,11.594610261616161,54.805279124242425,0.0
53,11.673779338383838,54.805279124242425,0.0
54,11.752948415151515,54.805279124242425,0.0
55,11.832117491919192,54.805279124242425,0.0
56,11.911286568686869,54.805279124242425,0.0
57,11.990455645454546,54.805279124242425,0.0
58,12.069624722222223,54.805279124242425,0.0
59,9.298707035353535,54.84064036666666,0.0
60,9.377876112121212,54.84064036666666,0.0
61,9.45704518888889,54.84064036666666,0.0
62,10.40707411010101,54.84064036666666,0.0
63,10.723750417171717,54.84064036666666,0.0
64,11.119595801010101,54.84064036666666,0.0
65,11.198764877777778,54.84064036666666,0.0
66,11.277933954545455,54.84064036666666,0.0
67,11.35710303131313,54.84064036666666,0.0
68,11.436272108080807,54.84064036666666,0.0
69,11.594610261616161,54.84064036666666,0.0
70,11.673779338383838,54.84064036666666,0.0
71,11.832117491919192,54.84064036666666,0.0
72,11.911286568686869,54.84064036666666,0.0
73,11.990455645454546,54.84064036666666,0.0
74,12.069624722222223,54.84064036666666,0.0
75,12.1487937989899,54.84064036666666,0.0
76,9.061199805050505,54.876001609090906,0.0
77,9.140368881818182,54.876001609090906,0.0
78,9.219537958585859,54.876001609090906,0.0
79,9.298707035353535,54.876001609090906,0.0
80,9.377876112121212,54.876001609090906,0.0
81,9.45704518888889,54.876001609090906,0.0
82,9.694552419191918,54.876001609090906,0.0
83,9.93205964949495,54.876001609090906,0.0
84,10.011228726262626,54.876001609090906,0.0
85,10.327905033333334,54.876001609090906,0.0
86,10.40707411010101,54.876001609090906,0.0
87,10.486243186868688,54.876001609090906,0.0
88,10.723750417171717,54.876001609090906,0.0
89,10.802919493939394,54.876001609090906,0.0
90,11.040426724242424,54.876001609090906,0.0
91,11.119595801010101,54.876001609090906,0.0
92,11.198764877777778,54.876001609090906,0.0
93,11.277933954545455,54.876001609090906,0.0
94,11.35710303131313,54.876001609090906,0.0
95,11.673779338383838,54.876001609090906,0.0
96,11.832117491919192,54.876001609090906,0.0
97,11.911286568686869,54.876001609090906,0.0
98,11.990455645454546,54.876001609090906,0.0
99,12.069624722222223,54.876001609090906,0.0
100,8.744523497979797,54.91136285151515,0.0
101,8.90286165151515,54.91136285151515,0.0
102,8.982030728282828,54.91136285151515,0.0
103,9.061199805050505,54.91136285151515,0.0
104,9.140368881818182,54.91136285151515,0.0
105,9.219537958585859,54.91136285151515,0.0
106,9.298707035353535,54.91136285151515,0.0
107,9.377876112121212,54.91136285151515,0.0
108,9.45704518888889,54.91136285151515,0.0
109,9.536214265656564,54.91136285151515,0.0
110,9.615383342424241,54.91136285151515,0.0
111,9.694552419191918,54.91136285151515,0.0
112,9.773721495959595,54.91136285151515,0.0
113,9.852890572727272,54.91136285151515,0.0
114,9.93205964949495,54.91136285151515,0.0
115,10.011228726262626,54.91136285151515,0.0
116,10.723750417171717,54.91136285151515,0.0
117,10.802919493939394,54.91136285151515,0.0
118,11.040426724242424,54.91136285151515,0.0
119,11.119595801010101,54.91136285151515,0.0
120,11.198764877777778,54.91136285151515,0.0
121,11.277933954545455,54.91136285151515,0.0
122,11.35710303131313,54.91136285151515,0.0
123,11.832117491919192,54.91136285151515,0.0
124,11.911286568686869,54.91136285151515,0.0
125,12.069624722222223,54.91136285151515,0.0
126,12.1487937989899,54.91136285151515,0.0
127,12.227962875757576,54.91136285151515,0.0
128,8.665354421212122,54.946724093939395,0.0
129,8.744523497979797,54.946724093939395,0.0
130,8.823692574747474,54.946724093939395,0.0
131,8.90286165151515,54.946724093939395,0.0
132,8.982030728282828,54.946724093939395,0.0
133,9.061199805050505,54.946724093939395,0.0
134,9.140368881818182,54.946724093939395,0.0
135,9.219537958585859,54.946724093939395,0.0
136,9.298707035353535,54.946724093939395,0.0
137,9.377876112121212,54.946724093939395,0.0
138,9.45704518888889,54.946724093939395,0.0
139,9.536214265656564,54.946724093939395,0.0
140,9.615383342424241,54.946724093939395,0.0
141,9.694552419191918,54.946724093939395,0.0
142,9.773721495959595,54.946724093939395,0.0
143,9.852890572727272,54.946724093939395,0.0
144,9.93205964949495,54.946724093939395,0.0
145,10.011228726262626,54.946724093939395,0.0
146,10.565412263636365,54.946724093939395,0.0
147,10.723750417171717,54.946724093939395,0.0
148,10.802919493939394,54.946724093939395,0.0
149,11.119595801010101,54.946724093939395,0.0
150,11.198764877777778,54.946724093939395,0.0
151,11.277933954545455,54.946724093939395,0.0
152,11.436272108080807,54.946724093939395,0.0
153,11.752948415151515,54.946724093939395,0.0
154,11.832117491919192,54.946724093939395,0.0
155,11.990455645454546,54.946724093939395,0.0
156,12.1487937989899,54.946724093939395,0.0
157,12.227962875757576,54.946724093939395,0.0
158,8.665354421212122,54.98208533636363,0.0
159,8.744523497979797,54.98208533636363,0.0
160,8.823692574747474,54.98208533636363,0.0
161,8.90286165151515,54.98208533636363,0.0
162,8.982030728282828,54.98208533636363,0.0
163,9.061199805050505,54.98208533636363,0.0
164,9.140368881818182,54.98208533636363,0.0
165,9.219537958585859,54.98208533636363,0.0
166,9.298707035353535,54.98208533636363,0.0
167,9.377876112121212,54.98208533636363,0.0
168,9.45704518888889,54.98208533636363,0.0
169,9.536214265656564,54.98208533636363,0.0
170,9.615383342424241,54.98208533636363,0.0
171,9.694552419191918,54.98208533636363,0.0
172,9.852890572727272,54.98208533636363,0.0
173,9.93205964949495,54.98208533636363,0.0
174,10.565412263636365,54.98208533636363,0.0
175,10.802919493939394,54.98208533636363,0.0
176,11.515441184848484,54.98208533636363,0.0
177,11.990455645454546,54.98208533636363,0.0
178,12.069624722222223,54.98208533636363,0.0
179,12.307131952525253,54.98208533636363,0.0
180,12.38630102929293,54.98208533636363,0.0
181,12.465470106060607,54.98208533636363,0.0
182,12.544639182828284,54.98208533636363,0.0
183,8.665354421212122,55.017446578787876,0.0
184,8.744523497979797,55.017446578787876,0.0
185,8.823692574747474,55.017446578787876,0.0
186,8.90286165151515,55.017446578787876,0.0
187,8.982030728282828,55.017446578787876,0.0
188,9.061199805050505,55.017446578787876,0.0
189,9.140368881818182,55.017446578787876,0.0
190,9.219537958585859,55.017446578787876,0.0
191,9.298707035353535,55.017446578787876,0.0
192,9.377876112121212,55.017446578787876,0.0
193,9.536214265656564,55.017446578787876,0.0
194,9.615383342424241,55.017446578787876,0.0
195,9.694552419191918,55.017446578787876,0.0
196,9.773721495959595,55.017446578787876,0.0
197,9.852890572727272,55.017446578787876,0.0
198,10.565412263636365,55.017446578787876,0.0
199,10.64458134040404,55.017446578787876,0.0
200,10.88208857070707,55.017446578787876,0.0
201,11.911286568686869,55.017446578787876,0.0
202,11.990455645454546,55.017446578787876,0.0
203,12.069624722222223,55.017446578787876,0.0
204,12.1487937989899,55.017446578787876,0.0
205,12.307131952525253,55.017446578787876,0.0
206,12.38630102929293,55.017446578787876,0.0
207,12.465470106060607,55.017446578787876,0.0
208,14.998880562626262,55.017446578787876,0.0
209,15.078049639393939,55.017446578787876,0.0
210,8.665354421212122,55.05280782121212,0.0
211,8.744523497979797,55.05280782121212,0.0
212,8.823692574747474,55.05280782121212,0.0
213,8.90286165151515,55.05280782121212,0.0
214,8.982030728282828,55.05280782121212,0.0
215,9.061199805050505,55.05280782121212,0.0
216,9.140368881818182,55.05280782121212,0.0
217,9.219537958585859,55.05280782121212,0.0
218,9.298707035353535,55.05280782121212,0.0
219,9.377876112121212,55.05280782121212,0.0
220,9.45704518888889,55.05280782121212,0.0
221,9.694552419191918,55.05280782121212,0.0
222,9.773721495959595,55.05280782121212,0.0
223,10.40707411010101,55.05280782121212,0.0
224,10.486243186868688,55.05280782121212,0.0
225,10.565412263636365,55.05280782121212,0.0
226,10.88208857070707,55.05280782121212,0.0
227,11.752948415151515,55.05280782121212,0.0
228,11.832117491919192,55.05280782121212,0.0
229,11.911286568686869,55.05280782121212,0.0
230,11.990455645454546,55.05280782121212,0.0
231,12.069624722222223,55.05280782121212,0.0
232,12.227962875757576,55.05280782121212,0.0
233,14.84054240909091,55.05280782121212,0.0
234,14.919711485858585,55.05280782121212,0.0
235,14.998880562626262,55.05280782121212,0.0
236,15.078049639393939,55.05280782121212,0.0
237,8.507016267676768,55.088169063636364,0.0
238,8.665354421212122,55.088169063636364,0.0
239,8.744523497979797,55.088169063636364,0.0
240,8.823692574747474,55.088169063636364,0.0
241,8.90286165151515,55.088169063636364,0.0
242,8.982030728282828,55.088169063636364,0.0
243,9.061199805050505,55.088169063636364,0.0
244,9.140368881818182,55.088169063636364,0.0
245,9.219537958585859,55.088169063636364,0.0
246,9.298707035353535,55.088169063636364,0.0
247,9.377876112121212,55.088169063636364,0.0
248,9.45704518888889,55.088169063636364,0.0
249,9.536214265656564,55.088169063636364,0.0
250,10.090397803030303,55.088169063636364,0.0
251,10.16956687979798,55.088169063636364,0.0
252,10.327905033333334,55.088169063636364,0.0
253,10.40707411010101,55.088169063636364,0.0
254,10.486243186868688,55.088169063636364,0.0
255,10.565412263636365,55.088169063636364,0.0
256,10.64458134040404,55.088169063636364,0.0
257,10.723750417171717,55.088169063636364,0.0
258,10.88208857070707,55.088169063636364,0.0
259,11.752948415151515,55.088169063636364,0.0
260,11.832117491919192,55.088169063636364,0.0
261,11.911286568686869,55.088169063636364,0.0
262,11.990455645454546,55.088169063636364,0.0
263,12.069624722222223,55.088169063636364,0.0
264,12.1487937989899,55.088169063636364,0.0
265,14.761373332323233,55.088169063636364,0.0
266,14.84054240909091,55.088169063636364,0.0
267,14.919711485858585,55.088169063636364,0.0
268,14.998880562626262,55.088169063636364,0.0
269,15.078049639393939,55.088169063636364,0.0
270,8.507016267676768,55.1235303060606,0.0
271,8.744523497979797,55.1235303060606,0.0
272,8.823692574747474,55.1235303060606,0.0
273,8.90286165151515,55.1235303060606,0.0
274,8.982030728282828,55.1235303060606,0.0
275,9.061199805050505,55.1235303060606,0.0
276,9.140368881818182,55.1235303060606,0.0
277,9.219537958585859,55.1235303060606,0.0
278,9.298707035353535,55.1235303060606,0.0
279,9.377876112121212,55.1235303060606,0.0
280,9.45704518888889,55.1235303060606,0.0
281,10.011228726262626,55.1235303060606,0.0
282,10.16956687979798,55.1235303060606,0.0
283,10.248735956565657,55.1235303060606,0.0
284,10.327905033333334,55.1235303060606,0.0
285,10.40707411010101,55.1235303060606,0.0
286,10.486243186868688,55.1235303060606,0.0
287,10.565412263636365,55.1235303060606,0.0
288,10.64458134040404,55.1235303060606,0.0
289,10.723750417171717,55.1235303060606,0.0
290,11.832117491919192,55.1235303060606,0.0
291,11.911286568686869,55.1235303060606,0.0
292,11.990455645454546,55.1235303060606,0.0
293,12.069624722222223,55.1235303060606,0.0
294,12.1487937989899,55.1235303060606,0.0
295,14.761373332323233,55.1235303060606,0.0
296,14.84054240909091,55.1235303060606,0.0
297,14.919711485858585,55.1235303060606,0.0
298,14.998880562626262,55.1235303060606,0.0
299,15.078049639393939,55.1235303060606,0.0
300,8.507016267676768,55.158891548484846,0.0
301,8.744523497979797,55.158891548484846,0.0
302,8.823692574747474,55.158891548484846,0.0
303,8.90286165151515,55.158891548484846,0.0
304,8.982030728282828,55.158891548484846,0.0
305,9.061199805050505,55.158891548484846,0.0
306,9.140368881818182,55.158891548484846,0.0
307,9.219537958585859,55.158891548484846,0.0
308,9.298707035353535,55.158891548484846,0.0
309,9.377876112121212,55.158891548484846,0.0
310,9.45704518888889,55.158891548484846,0.0
311,10.011228726262626,55.158891548484846,0.0
312,10.16956687979798,55.158891548484846,0.0
313,10.248735956565657,55.158891548484846,0.0
314,10.327905033333334,55.158891548484846,0.0
315,10.40707411010101,55.158891548484846,0.0
316,10.486243186868688,55.158891548484846,0.0
317,10.565412263636365,55.158891548484846,0.0
318,10.64458134040404,55.158891548484846,0.0
319,10.723750417171717,55.158891548484846,0.0
320,11.752948415151515,55.158891548484846,0.0
321,11.832117491919192,55.158891548484846,0.0
322,11.911286568686869,55.158891548484846,0.0
323,11.990455645454546,55.158891548484846,0.0
324,14.761373332323233,55.158891548484846,0.0
325,14.84054240909091,55.158891548484846,0.0
326,14.919711485858585,55.158891548484846,0.0
327,14.998880562626262,55.158891548484846,0.0
328,8.507016267676768,55.19425279090909,0.0
329,8.744523497979797,55.19425279090909,0.0
330,8.823692574747474,55.19425279090909,0.0
331,8.90286165151515,55.19425279090909,0.0
332,8.982030728282828,55.19425279090909,0.0
333,9.061199805050505,55.19425279090909,0.0
334,9.140368881818182,55.19425279090909,0.0
335,9.219537958585859,55.19425279090909,0.0
336,9.298707035353535,55.19425279090909,0.0
337,9.377876112121212,55.19425279090909,0.0
338,9.45704518888889,55.19425279090909,0.0
339,9.536214265656564,55.19425279090909,0.0
340,9.615383342424241,55.19425279090909,0.0
341,10.090397803030303,55.19425279090909,0.0
342,10.16956687979798,55.19425279090909,0.0
343,10.248735956565657,55.19425279090909,0.0
344,10.327905033333334,55.19425279090909,0.0
345,10.40707411010101,55.19425279090909,0.0
346,10.486243186868688,55.19425279090909,0.0
347,10.565412263636365,55.19425279090909,0.0
348,10.64458134040404,55.19425279090909,0.0
349,10.723750417171717,55.19425279090909,0.0
350,10.802919493939394,55.19425279090909,0.0
351,11.436272108080807,55.19425279090909,0.0
352,11.594610261616161,55.19425279090909,0.0
353,11.752948415151515,55.19425279090909,0.0
354,11.832117491919192,55.19425279090909,0.0
355,11.911286568686869,55.19425279090909,0.0
356,11.990455645454546,55.19425279090909,0.0
357,12.069624722222223,55.19425279090909,0.0
358,14.761373332323233,55.19425279090909,0.0
359,14.84054240909091,55.19425279090909,0.0
360,14.919711485858585,55.19425279090909,0.0
361,8.665354421212122,55.229614033333334,0.0
362,8.744523497979797,55.229614033333334,0.0
363,8.823692574747474,55.229614033333334,0.0
364,8.90286165151515,55.229614033333334,0.0
365,8.982030728282828,55.229614033333334,0.0
366,9.061199805050505,55.229614033333334,0.0
367,9.140368881818182,55.229614033333334,0.0
368,9.219537958585859,55.229614033333334,0.0
369,9.298707035353535,55.229614033333334,0.0
370,9.377876112121212,55.229614033333334,0.0
371,9.45704518888889,55.229614033333334,0.0
372,9.536214265656564,55.229614033333334,0.0
373,9.615383342424241,55.229614033333334,0.0
374,9.694552419191918,55.229614033333334,0.0
375,9.93205964949495,55.229614033333334,0.0
376,10.011228726262626,55.229614033333334,0.0
377,10.090397803030303,55.229614033333334,0.0
378,10.16956687979798,55.229614033333334,0.0
379,10.248735956565657,55.229614033333334,0.0
380,10.327905033333334,55.229614033333334,0.0
381,10.40707411010101,55.229614033333334,0.0
382,10.486243186868688,55.229614033333334,0.0
383,10.565412263636365,55.229614033333334,0.0
384,10.64458134040404,55.229614033333334,0.0
385,10.723750417171717,55.229614033333334,0.0
386,10.802919493939394,55.229614033333334,0.0
387,11.277933954545455,55.229614033333334,0.0
388,11.35710303131313,55.229614033333334,0.0
389,11.436272108080807,55.229614033333334,0.0
390,11.515441184848484,55.229614033333334,0.0
391,11.594610261616161,55.229614033333334,0.0
392,11.673779338383838,55.229614033333334,0.0
393,11.752948415151515,55.229614033333334,0.0
394,11.832117491919192,55.229614033333334,0.0
395,11.911286568686869,55.229614033333334,0.0
396,11.990455645454546,55.229614033333334,0.0
397,12.069624722222223,55.229614033333334,0.0
398,12.1487937989899,55.229614033333334,0.0
399,14.761373332323233,55.229614033333334,0.0
400,14.84054240909091,55.229614033333334,0.0
401,8.507016267676768,55.26497527575757,0.0
402,8.665354421212122,55.26497527575757,0.0
403,8.744523497979797,55.26497527575757,0.0
404,8.823692574747474,55.26497527575757,0.0
405,8.90286165151515,55.26497527575757,0.0
406,8.982030728282828,55.26497527575757,0.0
407,9.061199805050505,55.26497527575757,0.0
408,9.140368881818182,55.26497527575757,0.0
409,9.219537958585859,55.26497527575757,0.0
410,9.298707035353535,55.26497527575757,0.0
411,9.377876112121212,55.26497527575757,0.0
412,9.45704518888889,55.26497527575757,0.0
413,9.536214265656564,55.26497527575757,0.0
414,9.615383342424241,55.26497527575757,0.0
415,9.694552419191918,55.26497527575757,0.0
416,9.773721495959595,55.26497527575757,0.0
417,9.93205964949495,55.26497527575757,0.0
418,10.011228726262626,55.26497527575757,0.0
419,10.090397803030303,55.26497527575757,0.0
420,10.16956687979798,55.26497527575757,0.0
421,10.248735956565657,55.26497527575757,0.0
422,10.327905033333334,55.26497527575757,0.0
423,10.40707411010101,55.26497527575757,0.0
424,10.486243186868688,55.26497527575757,0.0
425,10.565412263636365,55.26497527575757,0.0
426,10.64458134040404,55.26497527575757,0.0
427,10.723750417171717,55.26497527575757,0.0
428,11.277933954545455,55.26497527575757,0.0
429,11.35710303131313,55.26497527575757,0.0
430,11.436272108080807,55.26497527575757,0.0
431,11.515441184848484,55.26497527575757,0.0
432,11.594610261616161,55.26497527575757,0.0
433,11.673779338383838,55.26497527575757,0.0
434,11.752948415151515,55.26497527575757,0.0
435,11.832117491919192,55.26497527575757,0.0
436,11.911286568686869,55.26497527575757,0.0
437,11.990455645454546,55.26497527575757,0.0
438,12.069624722222223,55.26497527575757,0.0
439,12.1487937989899,55.26497527575757,0.0
440,12.227962875757576,55.26497527575757,0.0
441,12.307131952525253,55.26497527575757,0.0
442,12.38630102929293,55.26497527575757,0.0
443,14.761373332323233,55.26497527575757,0.0
444,8.665354421212122,55.300336518181815,0.0
445,8.744523497979797,55.300336518181815,0.0
446,8.823692574747474,55.300336518181815,0.0
447,8.90286165151515,55.300336518181815,0.0
448,8.982030728282828,55.300336518181815,0.0
449,9.061199805050505,55.300336518181815,0.0
450,9.140368881818182,55.300336518181815,0.0
451,9.219537958585859,55.300336518181815,0.0
452,9.298707035353535,55.300336518181815,0.0
453,9.377876112121212,55.300336518181815,0.0
454,9.45704518888889,55.300336518181815,0.0
455,9.536214265656564,55.300336518181815,0.0
456,9.615383342424241,55.300336518181815,0.0
457,9.93205964949495,55.300336518181815,0.0
458,10.011228726262626,55.300336518181815,0.0
459,10.090397803030303,55.300336518181815,0.0
460,10.16956687979798,55.300336518181815,0.0
461,10.248735956565657,55.300336518181815,0.0
462,10.327905033333334,55.300336518181815,0.0
463,10.40707411010101,55.300336518181815,0.0
464,10.486243186868688,55.300336518181815,0.0
465,10.565412263636365,55.300336518181815,0.0
466,10.64458134040404,55.300336518181815,0.0
467,10.723750417171717,55.300336518181815,0.0
468,11.198764877777778,55.300336518181815,0.0
469,11.277933954545455,55.300336518181815,0.0
470,11.35710303131313,55.300336518181815,0.0
471,11.436272108080807,55.300336518181815,0.0
472,11.515441184848484,55.300336518181815,0.0
473,11.594610261616161,55.300336518181815,0.0
474,11.673779338383838,55.300336518181815,0.0
475,11.752948415151515,55.300336518181815,0.0
476,11.832117491919192,55.300336518181815,0.0
477,11.911286568686869,55.300336518181815,0.0
478,11.990455645454546,55.300336518181815,0.0
479,12.069624722222223,55.300336518181815,0.0
480,12.1487937989899,55.300336518181815,0.0
481,12.227962875757576,55.300336518181815,0.0
482,12.307131952525253,55.300336518181815,0.0
483,12.38630102929293,55.300336518181815,0.0
484,8.744523497979797,55.33569776060606,0.0
485,8.823692574747474,55.33569776060606,0.0
486,8.90286165151515,55.33569776060606,0.0
487,8.982030728282828,55.33569776060606,0.0
488,9.061199805050505,55.33569776060606,0.0
489,9.140368881818182,55.33569776060606,0.0
490,9.219537958585859,55.33569776060606,0.0
491,9.298707035353535,55.33569776060606,0.0
492,9.377876112121212,55.33569776060606,0.0
493,9.45704518888889,55.33569776060606,0.0
494,9.536214265656564,55.33569776060606,0.0
495,9.615383342424241,55.33569776060606,0.0
496,9.93205964949495,55.33569776060606,0.0
497,10.011228726262626,55.33569776060606,0.0
498,10.090397803030303,55.33569776060606,0.0
499,10.16956687979798,55.33569776060606,0.0
500,10.248735956565657,55.33569776060606,0.0
501,10.327905033333334,55.33569776060606,0.0
502,10.40707411010101,55.33569776060606,0.0
503,10.486243186868688,55.33569776060606,0.0
504,10.565412263636365,55.33569776060606,0.0
505,10.64458134040404,55.33569776060606,0.0
506,10.723750417171717,55.33569776060606,0.0
507,10.802919493939394,55.33569776060606,0.0
508,11.198764877777778,55.33569776060606,0.0
509,11.277933954545455,55.33569776060606,0.0
510,11.35710303131313,55.33569776060606,0.0
511,11.436272108080807,55.33569776060606,0.0
512,11.515441184848484,55.33569776060606,0.0
513,11.594610261616161,55.33569776060606,0.0
514,11.673779338383838,55.33569776060606,0.0
515,11.752948415151515,55.33569776060606,0.0
516,11.832117491919192,55.33569776060606,0.0
517,11.911286568686869,55.33569776060606,0.0
518,11.990455645454546,55.33569776060606,0.0
519,12.069624722222223,55.33569776060606,0.0
520,12.1487937989899,55.33569776060606,0.0
521,12.227962875757576,55.33569776060606,0.0
522,12.307131952525253,55.33569776060606,0.0
523,12.38630102929293,55.33569776060606,0.0
524,8.427847190909091,55.371059003030304,0.0
525,8.665354421212122,55.371059003030304,0.0
526,8.744523497979797,55.371059003030304,0.0
527,8.823692574747474,55.371059003030304,0.0
528,8.90286165151515,55.371059003030304,0.0
529,8.982030728282828,55.371059003030304,0.0
530,9.061199805050505,55.371059003030304,0.0
531,9.140368881818182,55.371059003030304,0.0
532,9.219537958585859,55.371059003030304,0.0
533,9.298707035353535,55.371059003030304,0.0
534,9.377876112121212,55.371059003030304,0.0
535,9.45704518888889,55.371059003030304,0.0
536,9.536214265656564,55.371059003030304,0.0
537,9.852890572727272,55.371059003030304,0.0
538,9.93205964949495,55.371059003030304,0.0
539,10.011228726262626,55.371059003030304,0.0
540,10.090397803030303,55.371059003030304,0.0
541,10.16956687979798,55.371059003030304,0.0
542,10.248735956565657,55.371059003030304,0.0
543,10.327905033333334,55.371059003030304,0.0
544,10.40707411010101,55.371059003030304,0.0
545,10.486243186868688,55.371059003030304,0.0
546,10.565412263636365,55.371059003030304,0.0
547,10.64458134040404,55.371059003030304,0.0
548,10.723750417171717,55.371059003030304,0.0
549,11.198764877777778,55.371059003030304,0.0
550,11.277933954545455,55.371059003030304,0.0
551,11.35710303131313,55.371059003030304,0.0
552,11.436272108080807,55.371059003030304,0.0
553,11.515441184848484,55.371059003030304,0.0
554,11.594610261616161,55.371059003030304,0.0
555,11.673779338383838,55.371059003030304,0.0
556,11.752948415151515,55.371059003030304,0.0
557,11.832117491919192,55.371059003030304,0.0
558,11.911286568686869,55.371059003030304,0.0
559,11.990455645454546,55.371059003030304,0.0
560,12.069624722222223,55.371059003030304,0.0
561,12.1487937989899,55.371059003030304,0.0
562,12.227962875757576,55.371059003030304,0.0
563,12.307131952525253,55.371059003030304,0.0
564,12.38630102929293,55.371059003030304,0.0
565,8.427847190909091,55.40642024545454,0.0
566,8.665354421212122,55.40642024545454,0.0
567,8.744523497979797,55.40642024545454,0.0
568,8.823692574747474,55.40642024545454,0.0
569,8.90286165151515,55.40642024545454,0.0
570,8.982030728282828,55.40642024545454,0.0
571,9.061199805050505,55.40642024545454,0.0
572,9.140368881818182,55.40642024545454,0.0
573,9.219537958585859,55.40642024545454,0.0
574,9.298707035353535,55.40642024545454,0.0
575,9.377876112121212,55.40642024545454,0.0
576,9.45704518888889,55.40642024545454,0.0
577,9.536214265656564,55.40642024545454,0.0
578,9.852890572727272,55.40642024545454,0.0
579,9.93205964949495,55.40642024545454,0.0
580,10.011228726262626,55.40642024545454,0.0
581,10.090397803030303,55.40642024545454,0.0
582,10.16956687979798,55.40642024545454,0.0
583,10.248735956565657,55.40642024545454,0.0
584,10.327905033333334,55.40642024545454,0.0
585,10.40707411010101,55.40642024545454,0.0
586,10.486243186868688,55.40642024545454,0.0
587,10.565412263636365,55.40642024545454,0.0
588,10.64458134040404,55.40642024545454,0.0
589,10.723750417171717,55.40642024545454,0.0
590,11.277933954545455,55.40642024545454,0.0
591,11.35710303131313,55.40642024545454,0.0
592,11.436272108080807,55.40642024545454,0.0
593,11.515441184848484,55.40642024545454,0.0
594,11.594610261616161,55.40642024545454,0.0
595,11.673779338383838,55.40642024545454,0.0
596,11.752948415151515,55.40642024545454,0.0
597,11.832117491919192,55.40642024545454,0.0
598,11.911286568686869,55.40642024545454,0.0
599,11.990455645454546,55.40642024545454,0.0
600,12.069624722222223,55.40642024545454,0.0
601,12.1487937989899,55.40642024545454,0.0
602,12.227962875757576,55.40642024545454,0.0
603,8.586185344444445,55.441781487878785,0.0
604,8.665354421212122,55.441781487878785,0.0
605,8.744523497979797,55.441781487878785,0.0
606,8.823692574747474,55.441781487878785,0.0
607,8.90286165151515,55.441781487878785,0.0
608,8.982030728282828,55.441781487878785,0.0
609,9.061199805050505,55.441781487878785,0.0
610,9.140368881818182,55.441781487878785,0.0
611,9.219537958585859,55.441781487878785,0.0
612,9.298707035353535,55.441781487878785,0.0
613,9.377876112121212,55.441781487878785,0.0
614,9.45704518888889,55.441781487878785,0.0
615,9.536214265656564,55.441781487878785,0.0
616,9.615383342424241,55.441781487878785,0.0
617,9.773721495959595,55.441781487878785,0.0
618,9.852890572727272,55.441781487878785,0.0
619,9.93205964949495,55.441781487878785,0.0
620,10.011228726262626,55.441781487878785,0.0
621,10.090397803030303,55.441781487878785,0.0
622,10.16956687979798,55.441781487878785,0.0
623,10.248735956565657,55.441781487878785,0.0
624,10.327905033333334,55.441781487878785,0.0
625,10.40707411010101,55.441781487878785,0.0
626,10.486243186868688,55.441781487878785,0.0
627,10.565412263636365,55.441781487878785,0.0
628,10.64458134040404,55.441781487878785,0.0
629,11.277933954545455,55.441781487878785,0.0
630,11.35710303131313,55.441781487878785,0.0
631,11.436272108080807,55.441781487878785,0.0
632,11.515441184848484,55.441781487878785,0.0
633,11.594610261616161,55.441781487878785,0.0
634,11.673779338383838,55.441781487878785,0.0
635,11.752948415151515,55.441781487878785,0.0
636,11.832117491919192,55.441781487878785,0.0
637,11.911286568686869,55.441781487878785,0.0
638,11.990455645454546,55.441781487878785,0.0
639,12.069624722222223,55.441781487878785,0.0
640,12.1487937989899,55.441781487878785,0.0
641,8.427847190909091,55.47714273030303,0.0
642,8.507016267676768,55.47714273030303,0.0
643,8.586185344444445,55.47714273030303,0.0
644,8.665354421212122,55.47714273030303,0.0
645,8.744523497979797,55.47714273030303,0.0
646,8.823692574747474,55.47714273030303,0.0
647,8.90286165151515,55.47714273030303,0.0
648,8.982030728282828,55.47714273030303,0.0
649,9.061199805050505,55.47714273030303,0.0
650,9.140368881818182,55.47714273030303,0.0
651,9.219537958585859,55.47714273030303,0.0
652,9.298707035353535,55.47714273030303,0.0
653,9.377876112121212,55.47714273030303,0.0
654,9.45704518888889,55.47714273030303,0.0
655,9.536214265656564,55.47714273030303,0.0
656,9.615383342424241,55.47714273030303,0.0
657,9.694552419191918,55.47714273030303,0.0
658,9.773721495959595,55.47714273030303,0.0
659,9.852890572727272,55.47714273030303,0.0
660,9.93205964949495,55.47714273030303,0.0
661,10.011228726262626,55.47714273030303,0.0
662,10.090397803030303,55.47714273030303,0.0
663,10.16956687979798,55.47714273030303,0.0
664,10.248735956565657,55.47714273030303,0.0
665,10.327905033333334,55.47714273030303,0.0
666,10.40707411010101,55.47714273030303,0.0
667,10.64458134040404,55.47714273030303,0.0
668,10.723750417171717,55.47714273030303,0.0
669,11.198764877777778,55.47714273030303,0.0
670,11.277933954545455,55.47714273030303,0.0
671,11.35710303131313,55.47714273030303,0.0
672,11.436272108080807,55.47714273030303,0.0
673,11.515441184848484,55.47714273030303,0.0
674,11.594610261616161,55.47714273030303,0.0
675,11.673779338383838,55.47714273030303,0.0
676,11.752948415151515,55.47714273030303,0.0
677,11.832117491919192,55.47714273030303,0.0
678,11.911286568686869,55.47714273030303,0.0
679,11.990455645454546,55.47714273030303,0.0
680,12.069624722222223,55.47714273030303,0.0
681,12.1487937989899,55.47714273030303,0.0
682,8.269509037373737,55.51250397272727,0.0
683,8.427847190909091,55.51250397272727,0.0
684,8.507016267676768,55.51250397272727,0.0
685,8.586185344444445,55.51250397272727,0.0
686,8.665354421212122,55.51250397272727,0.0
687,8.744523497979797,55.51250397272727,0.0
688,8.823692574747474,55.51250397272727,0.0
689,8.90286165151515,55.51250397272727,0.0
690,8.982030728282828,55.51250397272727,0.0
691,9.061199805050505,55.51250397272727,0.0
692,9.140368881818182,55.51250397272727,0.0
693,9.219537958585859,55.51250397272727,0.0
694,9.298707035353535,55.51250397272727,0.0
695,9.377876112121212,55.51250397272727,0.0
696,9.45704518888889,55.51250397272727,0.0
697,9.536214265656564,55.51250397272727,0.0
698,9.615383342424241,55.51250397272727,0.0
699,9.694552419191918,55.51250397272727,0.0
700,9.773721495959595,55.51250397272727,0.0
701,9.852890572727272,55.51250397272727,0.0
702,10.011228726262626,55.51250397272727,0.0
703,10.090397803030303,55.51250397272727,0.0
704,10.16956687979798,55.51250397272727,0.0
705,10.248735956565657,55.51250397272727,0.0
706,10.327905033333334,55.51250397272727,0.0
707,10.40707411010101,55.51250397272727,0.0
708,10.64458134040404,55.51250397272727,0.0
709,11.198764877777778,55.51250397272727,0.0
710,11.277933954545455,55.51250397272727,0.0
711,11.35710303131313,55.51250397272727,0.0
712,11.436272108080807,55.51250397272727,0.0
713,11.515441184848484,55.51250397272727,0.0
714,11.594610261616161,55.51250397272727,0.0
715,11.673779338383838,55.51250397272727,0.0
716,11.752948415151515,55.51250397272727,0.0
717,11.832117491919192,55.51250397272727,0.0
718,11.911286568686869,55.51250397272727,0.0
719,11.990455645454546,55.51250397272727,0.0
720,12.069624722222223,55.51250397272727,0.0
721,12.1487937989899,55.51250397272727,0.0
722,8.19033996060606,55.54786521515152,0.0
723,8.348678114141414,55.54786521515152,0.0
724,8.427847190909091,55.54786521515152,0.0
725,8.507016267676768,55.54786521515152,0.0
726,8.586185344444445,55.54786521515152,0.0
727,8.665354421212122,55.54786521515152,0.0
728,8.744523497979797,55.54786521515152,0.0
729,8.823692574747474,55.54786521515152,0.0
730,8.90286165151515,55.54786521515152,0.0
731,8.982030728282828,55.54786521515152,0.0
732,9.061199805050505,55.54786521515152,0.0
733,9.140368881818182,55.54786521515152,0.0
734,9.219537958585859,55.54786521515152,0.0
735,9.298707035353535,55.54786521515152,0.0
736,9.377876112121212,55.54786521515152,0.0
737,9.45704518888889,55.54786521515152,0.0
738,9.536214265656564,55.54786521515152,0.0
739,9.615383342424241,55.54786521515152,0.0
740,9.694552419191918,55.54786521515152,0.0
741,10.090397803030303,55.54786521515152,0.0
742,10.16956687979798,55.54786521515152,0.0
743,10.248735956565657,55.54786521515152,0.0
744,10.327905033333334,55.54786521515152,0.0
745,10.40707411010101,55.54786521515152,0.0
746,10.486243186868688,55.54786521515152,0.0
747,10.64458134040404,55.54786521515152,0.0
748,11.198764877777778,55.54786521515152,0.0
749,11.277933954545455,55.54786521515152,0.0
750,11.35710303131313,55.54786521515152,0.0
751,11.436272108080807,55.54786521515152,0.0
752,11.515441184848484,55.54786521515152,0.0
753,11.594610261616161,55.54786521515152,0.0
754,11.673779338383838,55.54786521515152,0.0
755,11.752948415151515,55.54786521515152,0.0
756,11.832117491919192,55.54786521515152,0.0
757,11.911286568686869,55.54786521515152,0.0
758,11.990455645454546,55.54786521515152,0.0
759,12.069624722222223,55.54786521515152,0.0
760,12.1487937989899,55.54786521515152,0.0
761,12.227962875757576,55.54786521515152,0.0
762,8.111170883838383,55.583226457575755,0.0
763,8.19033996060606,55.583226457575755,0.0
764,8.348678114141414,55.583226457575755,0.0
765,8.427847190909091,55.583226457575755,0.0
766,8.507016267676768,55.583226457575755,0.0
767,8.586185344444445,55.583226457575755,0.0
768,8.665354421212122,55.583226457575755,0.0
769,8.744523497979797,55.583226457575755,0.0
770,8.823692574747474,55.583226457575755,0.0
771,8.90286165151515,55.583226457575755,0.0
772,8.982030728282828,55.583226457575755,0.0
773,9.061199805050505,55.583226457575755,0.0
774,9.140368881818182,55.583226457575755,0.0
775,9.219537958585859,55.583226457575755,0.0
776,9.298707035353535,55.583226457575755,0.0
777,9.377876112121212,55.583226457575755,0.0
778,9.45704518888889,55.583226457575755,0.0
779,9.536214265656564,55.583226457575755,0.0
780,9.615383342424241,55.583226457575755,0.0
781,9.694552419191918,55.583226457575755,0.0
782,9.773721495959595,55.583226457575755,0.0
783,10.16956687979798,55.583226457575755,0.0
784,10.248735956565657,55.583226457575755,0.0
785,10.327905033333334,55.583226457575755,0.0
786,10.40707411010101,55.583226457575755,0.0
787,10.64458134040404,55.583226457575755,0.0
788,11.198764877777778,55.583226457575755,0.0
789,11.277933954545455,55.583226457575755,0.0
790,11.35710303131313,55.583226457575755,0.0
791,11.436272108080807,55.583226457575755,0.0
792,11.515441184848484,55.583226457575755,0.0
793,11.594610261616161,55.583226457575755,0.0
794,11.673779338383838,55.583226457575755,0.0
795,11.752948415151515,55.583226457575755,0.0
796,11.832117491919192,55.583226457575755,0.0
797,11.911286568686869,55.583226457575755,0.0
798,11.990455645454546,55.583226457575755,0.0
799,12.069624722222223,55.583226457575755,0.0
800,12.1487937989899,55.583226457575755,0.0
801,12.227962875757576,55.583226457575755,0.0
802,12.307131952525253,55.583226457575755,0.0
803,12.544639182828284,55.583226457575755,0.0
804,12.62380825959596,55.583226457575755,0.0
805,8.19033996060606,55.6185877,0.0
806,8.269509037373737,55.6185877,0.0
807,8.348678114141414,55.6185877,0.0
808,8.427847190909091,55.6185877,0.0
809,8.507016267676768,55.6185877,0.0
810,8.586185344444445,55.6185877,0.0
811,8.665354421212122,55.6185877,0.0
812,8.744523497979797,55.6185877,0.0
813,8.823692574747474,55.6185877,0.0
814,8.90286165151515,55.6185877,0.0
815,8.982030728282828,55.6185877,0.0
816,9.061199805050505,55.6185877,0.0
817,9.140368881818182,55.6185877,0.0
818,9.219537958585859,55.6185877,0.0
819,9.298707035353535,55.6185877,0.0
820,9.377876112121212,55.6185877,0.0
821,9.45704518888889,55.6185877,0.0
822,9.536214265656564,55.6185877,0.0
823,9.615383342424241,55.6185877,0.0
824,9.694552419191918,55.6185877,0.0
825,9.773721495959595,55.6185877,0.0
826,11.198764877777778,55.6185877,0.0
827,11.277933954545455,55.6185877,0.0
828,11.35710303131313,55.6185877,0.0
829,11.436272108080807,55.6185877,0.0
830,11.515441184848484,55.6185877,0.0
831,11.594610261616161,55.6185877,0.0
832,11.673779338383838,55.6185877,0.0
833,11.752948415151515,55.6185877,0.0
834,11.832117491919192,55.6185877,0.0
835,11.911286568686869,55.6185877,0.0
836,11.990455645454546,55.6185877,0.0
837,12.069624722222223,55.6185877,0.0
838,12.1487937989899,55.6185877,0.0
839,12.227962875757576,55.6185877,0.0
840,12.307131952525253,55.6185877,0.0
841,12.38630102929293,55.6185877,0.0
842,12.465470106060607,55.6185877,0.0
843,12.544639182828284,55.6185877,0.0
844,12.62380825959596,55.6185877,0.0
845,12.782146413131313,55.6185877,0.0
846,8.19033996060606,55.65394894242424,0.0
847,8.269509037373737,55.65394894242424,0.0
848,8.348678114141414,55.65394894242424,0.0
849,8.427847190909091,55.65394894242424,0.0
850,8.507016267676768,55.65394894242424,0.0
851,8.586185344444445,55.65394894242424,0.0
852,8.665354421212122,55.65394894242424,0.0
853,8.744523497979797,55.65394894242424,0.0
854,8.823692574747474,55.65394894242424,0.0
855,8.90286165151515,55.65394894242424,0.0
856,8.982030728282828,55.65394894242424,0.0
857,9.061199805050505,55.65394894242424,0.0
858,9.140368881818182,55.65394894242424,0.0
859,9.219537958585859,55.65394894242424,0.0
860,9.298707035353535,55.65394894242424,0.0
861,9.377876112121212,55.65394894242424,0.0
862,9.45704518888889,55.65394894242424,0.0
863,9.536214265656564,55.65394894242424,0.0
864,9.615383342424241,55.65394894242424,0.0
865,9.694552419191918,55.65394894242424,0.0
866,11.040426724242424,55.65394894242424,0.0
867,11.119595801010101,55.65394894242424,0.0
868,11.198764877777778,55.65394894242424,0.0
869,11.277933954545455,55.65394894242424,0.0
870,11.35710303131313,55.65394894242424,0.0
871,11.436272108080807,55.65394894242424,0.0
872,11.515441184848484,55.65394894242424,0.0
873,11.594610261616161,55.65394894242424,0.0
874,11.673779338383838,55.65394894242424,0.0
875,11.752948415151515,55.65394894242424,0.0
876,11.832117491919192,55.65394894242424,0.0
877,11.911286568686869,55.65394894242424,0.0
878,11.990455645454546,55.65394894242424,0.0
879,12.069624722222223,55.65394894242424,0.0
880,12.1487937989899,55.65394894242424,0.0
881,12.227962875757576,55.65394894242424,0.0
882,12.307131952525253,55.65394894242424,0.0
883,12.38630102929293,55.65394894242424,0.0
884,12.465470106060607,55.65394894242424,0.0
885,12.544639182828284,55.65394894242424,0.0
886,12.62380825959596,55.65394894242424,0.0
887,8.19033996060606,55.68931018484849,0.0
888,8.269509037373737,55.68931018484849,0.0
889,8.348678114141414,55.68931018484849,0.0
890,8.427847190909091,55.68931018484849,0.0
891,8.507016267676768,55.68931018484849,0.0
892,8.586185344444445,55.68931018484849,0.0
893,8.665354421212122,55.68931018484849,0.0
894,8.744523497979797,55.68931018484849,0.0
895,8.823692574747474,55.68931018484849,0.0
896,8.90286165151515,55.68931018484849,0.0
897,8.982030728282828,55.68931018484849,0.0
898,9.061199805050505,55.68931018484849,0.0
899,9.140368881818182,55.68931018484849,0.0
900,9.219537958585859,55.68931018484849,0.0
901,9.298707035353535,55.68931018484849,0.0
902,9.377876112121212,55.68931018484849,0.0
903,9.45704518888889,55.68931018484849,0.0
904,9.536214265656564,55.68931018484849,0.0
905,9.615383342424241,55.68931018484849,0.0
906,9.773721495959595,55.68931018484849,0.0
907,9.852890572727272,55.68931018484849,0.0
908,11.119595801010101,55.68931018484849,0.0
909,11.198764877777778,55.68931018484849,0.0
910,11.277933954545455,55.68931018484849,0.0
911,11.35710303131313,55.68931018484849,0.0
912,11.436272108080807,55.68931018484849,0.0
913,11.515441184848484,55.68931018484849,0.0
914,11.594610261616161,55.68931018484849,0.0
915,11.673779338383838,55.68931018484849,0.0
916,11.752948415151515,55.68931018484849,0.0
917,11.832117491919192,55.68931018484849,0.0
918,11.911286568686869,55.68931018484849,0.0
919,12.1487937989899,55.68931018484849,0.0
920,12.227962875757576,55.68931018484849,0.0
921,12.307131952525253,55.68931018484849,0.0
922,12.38630102929293,55.68931018484849,0.0
923,12.465470106060607,55.68931018484849,0.0
924,12.544639182828284,55.68931018484849,0.0
925,8.19033996060606,55.724671427272725,0.0
926,8.269509037373737,55.724671427272725,0.0
927,8.348678114141414,55.724671427272725,0.0
928,8.427847190909091,55.724671427272725,0.0
929,8.507016267676768,55.724671427272725,0.0
930,8.586185344444445,55.724671427272725,0.0
931,8.665354421212122,55.724671427272725,0.0
932,8.744523497979797,55.724671427272725,0.0
933,8.823692574747474,55.724671427272725,0.0
934,8.90286165151515,55.724671427272725,0.0
935,8.982030728282828,55.724671427272725,0.0
936,9.061199805050505,55.724671427272725,0.0
937,9.140368881818182,55.724671427272725,0.0
938,9.219537958585859,55.724671427272725,0.0
939,9.298707035353535,55.724671427272725,0.0
940,9.377876112121212,55.724671427272725,0.0
941,9.45704518888889,55.724671427272725,0.0
942,9.536214265656564,55.724671427272725,0.0
943,9.615383342424241,55.724671427272725,0.0
944,9.694552419191918,55.724671427272725,0.0
945,9.773721495959595,55.724671427272725,0.0
946,9.852890572727272,55.724671427272725,0.0
947,9.93205964949495,55.724671427272725,0.0
948,11.040426724242424,55.724671427272725,0.0
949,11.119595801010101,55.724671427272725,0.0
950,11.198764877777778,55.724671427272725,0.0
951,11.277933954545455,55.724671427272725,0.0
952,11.35710303131313,55.724671427272725,0.0
953,11.436272108080807,55.724671427272725,0.0
954,11.515441184848484,55.724671427272725,0.0
955,11.594610261616161,55.724671427272725,0.0
956,11.911286568686869,55.724671427272725,0.0
957,12.1487937989899,55.724671427272725,0.0
958,12.227962875757576,55.724671427272725,0.0
959,12.307131952525253,55.724671427272725,0.0
960,12.38630102929293,55.724671427272725,0.0
961,12.465470106060607,55.724671427272725,0.0
962,12.544639182828284,55.724671427272725,0.0
963,8.19033996060606,55.76003266969697,0.0
964,8.269509037373737,55.76003266969697,0.0
965,8.348678114141414,55.76003266969697,0.0
966,8.427847190909091,55.76003266969697,0.0
967,8.507016267676768,55.76003266969697,0.0
968,8.586185344444445,55.76003266969697,0.0
969,8.665354421212122,55.76003266969697,0.0
970,8.744523497979797,55.76003266969697,0.0
971,8.823692574747474,55.76003266969697,0.0
972,8.90286165151515,55.76003266969697,0.0
973,8.982030728282828,55.76003266969697,0.0
974,9.061199805050505,55.76003266969697,0.0
975,9.140368881818182,55.76003266969697,0.0
976,9.219537958585859,55.76003266969697,0.0
977,9.298707035353535,55.76003266969697,0.0
978,9.377876112121212,55.76003266969697,0.0
979,9.45704518888889,55.76003266969697,0.0
980,9.536214265656564,55.76003266969697,0.0
981,9.615383342424241,55.76003266969697,0.0
982,9.694552419191918,55.76003266969697,0.0
983,9.773721495959595,55.76003266969697,0.0
984,9.852890572727272,55.76003266969697,0.0
985,9.93205964949495,55.76003266969697,0.0
986,10.011228726262626,55.76003266969697,0.0
987,10.248735956565657,55.76003266969697,0.0
988,11.35710303131313,55.76003266969697,0.0
989,11.436272108080807,55.76003266969697,0.0
990,11.515441184848484,55.76003266969697,0.0
991,11.594610261616161,55.76003266969697,0.0
992,11.673779338383838,55.76003266969697,0.0
993,11.832117491919192,55.76003266969697,0.0
994,11.911286568686869,55.76003266969697,0.0
995,11.990455645454546,55.76003266969697,0.0
996,12.1487937989899,55.76003266969697,0.0
997,12.227962875757576,55.76003266969697,0.0
998,12.307131952525253,55.76003266969697,0.0
999,12.38630102929293,55.76003266969697,0.0
1000,12.465470106060607,55.76003266969697,0.0
1001,12.544639182828284,55.76003266969697,0.0
1002,8.19033996060606,55.79539391212121,0.0
1003,8.269509037373737,55.79539391212121,0.0
1004,8.348678114141414,55.79539391212121,0.0
1005,8.427847190909091,55.79539391212121,0.0
1006,8.507016267676768,55.79539391212121,0.0
1007,8.586185344444445,55.79539391212121,0.0
1008,8.665354421212122,55.79539391212121,0.0
1009,8.744523497979797,55.79539391212121,0.0
1010,8.823692574747474,55.79539391212121,0.0
1011,8.90286165151515,55.79539391212121,0.0
1012,8.982030728282828,55.79539391212121,0.0
1013,9.061199805050505,55.79539391212121,0.0
1014,9.140368881818182,55.79539391212121,0.0
1015,9.219537958585859,55.79539391212121,0.0
1016,9.298707035353535,55.79539391212121,0.0
1017,9.377876112121212,55.79539391212121,0.0
1018,9.45704518888889,55.79539391212121,0.0
1019,9.536214265656564,55.79539391212121,0.0
1020,9.615383342424241,55.79539391212121,0.0
1021,9.694552419191918,55.79539391212121,0.0
1022,9.773721495959595,55.79539391212121,0.0
1023,9.852890572727272,55.79539391212121,0.0
1024,9.93205964949495,55.79539391212121,0.0
1025,10.011228726262626,55.79539391212121,0.0
1026,10.565412263636365,55.79539391212121,0.0
1027,11.436272108080807,55.79539391212121,0.0
1028,11.515441184848484,55.79539391212121,0.0
1029,11.594610261616161,55.79539391212121,0.0
1030,11.832117491919192,55.79539391212121,0.0
1031,11.911286568686869,55.79539391212121,0.0
1032,11.990455645454546,55.79539391212121,0.0
1033,12.1487937989899,55.79539391212121,0.0
1034,12.227962875757576,55.79539391212121,0.0
1035,12.307131952525253,55.79539391212121,0.0
1036,12.38630102929293,55.79539391212121,0.0
1037,12.465470106060607,55.79539391212121,0.0
1038,12.544639182828284,55.79539391212121,0.0
1039,8.19033996060606,55.83075515454546,0.0
1040,8.269509037373737,55.83075515454546,0.0
1041,8.348678114141414,55.83075515454546,0.0
1042,8.427847190909091,55.83075515454546,0.0
1043,8.507016267676768,55.83075515454546,0.0
1044,8.586185344444445,55.83075515454546,0.0
1045,8.665354421212122,55.83075515454546,0.0
1046,8.744523497979797,55.83075515454546,0.0
1047,8.823692574747474,55.83075515454546,0.0
1048,8.90286165151515,55.83075515454546,0.0
1049,8.982030728282828,55.83075515454546,0.0
1050,9.061199805050505,55.83075515454546,0.0
1051,9.140368881818182,55.83075515454546,0.0
1052,9.219537958585859,55.83075515454546,0.0
1053,9.298707035353535,55.83075515454546,0.0
1054,9.377876112121212,55.83075515454546,0.0
1055,9.45704518888889,55.83075515454546,0.0
1056,9.536214265656564,55.83075515454546,0.0
1057,9.615383342424241,55.83075515454546,0.0
1058,9.694552419191918,55.83075515454546,0.0
1059,9.773721495959595,55.83075515454546,0.0
1060,9.852890572727272,55.83075515454546,0.0
1061,9.93205964949495,55.83075515454546,0.0
1062,10.090397803030303,55.83075515454546,0.0
1063,10.565412263636365,55.83075515454546,0.0
1064,11.436272108080807,55.83075515454546,0.0
1065,11.515441184848484,55.83075515454546,0.0
1066,11.594610261616161,55.83075515454546,0.0
1067,11.673779338383838,55.83075515454546,0.0
1068,11.990455645454546,55.83075515454546,0.0
1069,12.069624722222223,55.83075515454546,0.0
1070,12.1487937989899,55.83075515454546,0.0
1071,12.227962875757576,55.83075515454546,0.0
1072,12.307131952525253,55.83075515454546,0.0
1073,12.38630102929293,55.83075515454546,0.0
1074,12.465470106060607,55.83075515454546,0.0
1075,12.544639182828284,55.83075515454546,0.0
1076,8.19033996060606,55.866116396969694,0.0
1077,8.348678114141414,55.866116396969694,0.0
1078,8.427847190909091,55.866116396969694,0.0
1079,8.507016267676768,55.866116396969694,0.0
1080,8.586185344444445,55.866116396969694,0.0
1081,8.665354421212122,55.866116396969694,0.0
1082,8.744523497979797,55.866116396969694,0.0
1083,8.823692574747474,55.866116396969694,0.0
1084,8.90286165151515,55.866116396969694,0.0
1085,8.982030728282828,55.866116396969694,0.0
1086,9.061199805050505,55.866116396969694,0.0
1087,9.140368881818182,55.866116396969694,0.0
1088,9.219537958585859,55.866116396969694,0.0
1089,9.298707035353535,55.866116396969694,0.0
1090,9.377876112121212,55.866116396969694,0.0
1091,9.45704518888889,55.866116396969694,0.0
1092,9.536214265656564,55.866116396969694,0.0
1093,9.615383342424241,55.866116396969694,0.0
1094,9.694552419191918,55.866116396969694,0.0
1095,9.773721495959595,55.866116396969694,0.0
1096,9.852890572727272,55.866116396969694,0.0
1097,9.93205964949495,55.866116396969694,0.0
1098,10.090397803030303,55.866116396969694,0.0
1099,10.16956687979798,55.866116396969694,0.0
1100,10.64458134040404,55.866116396969694,0.0
1101,11.198764877777778,55.866116396969694,0.0
1102,11.515441184848484,55.866116396969694,0.0
1103,11.594610261616161,55.866116396969694,0.0
1104,11.673779338383838,55.866116396969694,0.0
1105,11.990455645454546,55.866116396969694,0.0
1106,12.069624722222223,55.866116396969694,0.0
1107,12.1487937989899,55.866116396969694,0.0
1108,12.227962875757576,55.866116396969694,0.0
1109,12.307131952525253,55.866116396969694,0.0
1110,12.38630102929293,55.866116396969694,0.0
1111,12.465470106060607,55.866116396969694,0.0
1112,12.544639182828284,55.866116396969694,0.0
1113,8.427847190909091,55.90147763939394,0.0
1114,8.507016267676768,55.90147763939394,0.0
1115,8.586185344444445,55.90147763939394,0.0
1116,8.665354421212122,55.90147763939394,0.0
1117,8.744523497979797,55.90147763939394,0.0
1118,8.823692574747474,55.90147763939394,0.0
1119,8.90286165151515,55.90147763939394,0.0
1120,8.982030728282828,55.90147763939394,0.0
1121,9.061199805050505,55.90147763939394,0.0
1122,9.140368881818182,55.90147763939394,0.0
1123,9.219537958585859,55.90147763939394,0.0
1124,9.298707035353535,55.90147763939394,0.0
1125,9.377876112121212,55.90147763939394,0.0
1126,9.45704518888889,55.90147763939394,0.0
1127,9.536214265656564,55.90147763939394,0.0
1128,9.615383342424241,55.90147763939394,0.0
1129,9.694552419191918,55.90147763939394,0.0
1130,9.773721495959595,55.90147763939394,0.0
1131,9.852890572727272,55.90147763939394,0.0
1132,9.93205964949495,55.90147763939394,0.0
1133,10.011228726262626,55.90147763939394,0.0
1134,10.090397803030303,55.90147763939394,0.0
1135,10.16956687979798,55.90147763939394,0.0
1136,11.119595801010101,55.90147763939394,0.0
1137,11.594610261616161,55.90147763939394,0.0
1138,11.990455645454546,55.90147763939394,0.0
1139,12.069624722222223,55.90147763939394,0.0
1140,12.1487937989899,55.90147763939394,0.0
1141,12.227962875757576,55.90147763939394,0.0
1142,12.307131952525253,55.90147763939394,0.0
1143,12.38630102929293,55.90147763939394,0.0
1144,12.465470106060607,55.90147763939394,0.0
1145,8.427847190909091,55.93683888181818,0.0
1146,8.507016267676768,55.93683888181818,0.0
1147,8.586185344444445,55.93683888181818,0.0
1148,8.665354421212122,55.93683888181818,0.0
1149,8.744523497979797,55.93683888181818,0.0
1150,8.823692574747474,55.93683888181818,0.0
1151,8.90286165151515,55.93683888181818,0.0
1152,8.982030728282828,55.93683888181818,0.0
1153,9.061199805050505,55.93683888181818,0.0
1154,9.140368881818182,55.93683888181818,0.0
1155,9.219537958585859,55.93683888181818,0.0
1156,9.298707035353535,55.93683888181818,0.0
1157,9.377876112121212,55.93683888181818,0.0
1158,9.45704518888889,55.93683888181818,0.0
1159,9.536214265656564,55.93683888181818,0.0
1160,9.615383342424241,55.93683888181818,0.0
1161,9.694552419191918,55.93683888181818,0.0
1162,9.773721495959595,55.93683888181818,0.0
1163,9.852890572727272,55.93683888181818,0.0
1164,9.93205964949495,55.93683888181818,0.0
1165,10.011228726262626,55.93683888181818,0.0
1166,10.090397803030303,55.93683888181818,0.0
1167,10.16956687979798,55.93683888181818,0.0
1168,10.248735956565657,55.93683888181818,0.0
1169,10.565412263636365,55.93683888181818,0.0
1170,11.515441184848484,55.93683888181818,0.0
1171,11.594610261616161,55.93683888181818,0.0
1172,11.673779338383838,55.93683888181818,0.0
1173,11.752948415151515,55.93683888181818,0.0
1174,12.069624722222223,55.93683888181818,0.0
1175,12.1487937989899,55.93683888181818,0.0
1176,12.227962875757576,55.93683888181818,0.0
1177,12.307131952525253,55.93683888181818,0.0
1178,12.38630102929293,55.93683888181818,0.0
1179,12.465470106060607,55.93683888181818,0.0
1180,8.348678114141414,55.97220012424243,0.0
1181,8.427847190909091,55.97220012424243,0.0
1182,8.507016267676768,55.97220012424243,0.0
1183,8.586185344444445,55.97220012424243,0.0
1184,8.665354421212122,55.97220012424243,0.0
1185,8.744523497979797,55.97220012424243,0.0
1186,8.823692574747474,55.97220012424243,0.0
1187,8.90286165151515,55.97220012424243,0.0
1188,8.982030728282828,55.97220012424243,0.0
1189,9.061199805050505,55.97220012424243,0.0
1190,9.140368881818182,55.97220012424243,0.0
1191,9.219537958585859,55.97220012424243,0.0
1192,9.298707035353535,55.97220012424243,0.0
1193,9.377876112121212,55.97220012424243,0.0
1194,9.45704518888889,55.97220012424243,0.0
1195,9.536214265656564,55.97220012424243,0.0
1196,9.615383342424241,55.97220012424243,0.0
1197,9.694552419191918,55.97220012424243,0.0
1198,9.773721495959595,55.97220012424243,0.0
1199,9.852890572727272,55.97220012424243,0.0
1200,9.93205964949495,55.97220012424243,0.0
1201,10.011228726262626,55.97220012424243,0.0
1202,10.090397803030303,55.97220012424243,0.0
1203,10.16956687979798,55.97220012424243,0.0
1204,10.248735956565657,55.97220012424243,0.0
1205,10.565412263636365,55.97220012424243,0.0
1206,11.35710303131313,55.97220012424243,0.0
1207,11.911286568686869,55.97220012424243,0.0
1208,11.990455645454546,55.97220012424243,0.0
1209,12.069624722222223,55.97220012424243,0.0
1210,12.1487937989899,55.97220012424243,0.0
1211,12.227962875757576,55.97220012424243,0.0
1212,12.307131952525253,55.97220012424243,0.0
1213,12.38630102929293,55.97220012424243,0.0
1214,12.465470106060607,55.97220012424243,0.0
1215,12.544639182828284,55.97220012424243,0.0
1216,8.111170883838383,56.007561366666664,0.0
1217,8.348678114141414,56.007561366666664,0.0
1218,8.427847190909091,56.007561366666664,0.0
1219,8.507016267676768,56.007561366666664,0.0
1220,8.586185344444445,56.007561366666664,0.0
1221,8.665354421212122,56.007561366666664,0.0
1222,8.744523497979797,56.007561366666664,0.0
1223,8.823692574747474,56.007561366666664,0.0
1224,8.90286165151515,56.007561366666664,0.0
1225,8.982030728282828,56.007561366666664,0.0
1226,9.061199805050505,56.007561366666664,0.0
1227,9.140368881818182,56.007561366666664,0.0
1228,9.219537958585859,56.007561366666664,0.0
1229,9.298707035353535,56.007561366666664,0.0
1230,9.377876112121212,56.007561366666664,0.0
1231,9.45704518888889,56.007561366666664,0.0
1232,9.536214265656564,56.007561366666664,0.0
1233,9.615383342424241,56.007561366666664,0.0
1234,9.694552419191918,56.007561366666664,0.0
1235,9.773721495959595,56.007561366666664,0.0
1236,9.852890572727272,56.007561366666664,0.0
1237,9.93205964949495,56.007561366666664,0.0
1238,10.011228726262626,56.007561366666664,0.0
1239,10.090397803030303,56.007561366666664,0.0
1240,10.16956687979798,56.007561366666664,0.0
1241,10.248735956565657,56.007561366666664,0.0
1242,11.277933954545455,56.007561366666664,0.0
1243,11.990455645454546,56.007561366666664,0.0
1244,12.069624722222223,56.007561366666664,0.0
1245,12.1487937989899,56.007561366666664,0.0
1246,12.227962875757576,56.007561366666664,0.0
1247,12.307131952525253,56.007561366666664,0.0
1248,12.38630102929293,56.007561366666664,0.0
1249,12.465470106060607,56.007561366666664,0.0
1250,12.544639182828284,56.007561366666664,0.0
1251,8.111170883838383,56.04292260909091,0.0
1252,8.348678114141414,56.04292260909091,0.0
1253,8.427847190909091,56.04292260909091,0.0
1254,8.507016267676768,56.04292260909091,0.0
1255,8.586185344444445,56.04292260909091,0.0
1256,8.665354421212122,56.04292260909091,0.0
1257,8.744523497979797,56.04292260909091,0.0
1258,8.823692574747474,56.04292260909091,0.0
1259,8.90286165151515,56.04292260909091,0.0
1260,8.982030728282828,56.04292260909091,0.0
1261,9.061199805050505,56.04292260909091,0.0
1262,9.140368881818182,56.04292260909091,0.0
1263,9.219537958585859,56.04292260909091,0.0
1264,9.298707035353535,56.04292260909091,0.0
1265,9.377876112121212,56.04292260909091,0.0
1266,9.45704518888889,56.04292260909091,0.0
1267,9.536214265656564,56.04292260909091,0.0
1268,9.615383342424241,56.04292260909091,0.0
1269,9.694552419191918,56.04292260909091,0.0
1270,9.773721495959595,56.04292260909091,0.0
1271,9.852890572727272,56.04292260909091,0.0
1272,9.93205964949495,56.04292260909091,0.0
1273,10.011228726262626,56.04292260909091,0.0
1274,10.090397803030303,56.04292260909091,0.0
1275,10.16956687979798,56.04292260909091,0.0
1276,10.248735956565657,56.04292260909091,0.0
1277,12.069624722222223,56.04292260909091,0.0
1278,12.1487937989899,56.04292260909091,0.0
1279,12.227962875757576,56.04292260909091,0.0
1280,12.307131952525253,56.04292260909091,0.0
1281,12.38630102929293,56.04292260909091,0.0
1282,12.465470106060607,56.04292260909091,0.0
1283,12.544639182828284,56.04292260909091,0.0
1284,8.111170883838383,56.07828385151515,0.0
1285,8.269509037373737,56.07828385151515,0.0
1286,8.348678114141414,56.07828385151515,0.0
1287,8.427847190909091,56.07828385151515,0.0
1288,8.507016267676768,56.07828385151515,0.0
1289,8.586185344444445,56.07828385151515,0.0
1290,8.665354421212122,56.07828385151515,0.0
1291,8.744523497979797,56.07828385151515,0.0
1292,8.823692574747474,56.07828385151515,0.0
1293,8.90286165151515,56.07828385151515,0.0
1294,8.982030728282828,56.07828385151515,0.0
1295,9.061199805050505,56.07828385151515,0.0
1296,9.140368881818182,56.07828385151515,0.0
1297,9.219537958585859,56.07828385151515,0.0
1298,9.298707035353535,56.07828385151515,0.0
1299,9.377876112121212,56.07828385151515,0.0
1300,9.45704518888889,56.07828385151515,0.0
1301,9.536214265656564,56.07828385151515,0.0
1302,9.615383342424241,56.07828385151515,0.0
1303,9.694552419191918,56.07828385151515,0.0
1304,9.773721495959595,56.07828385151515,0.0
1305,9.852890572727272,56.07828385151515,0.0
1306,9.93205964949495,56.07828385151515,0.0
1307,10.011228726262626,56.07828385151515,0.0
1308,10.090397803030303,56.07828385151515,0.0
1309,10.16956687979798,56.07828385151515,0.0
1310,10.248735956565657,56.07828385151515,0.0
1311,12.1487937989899,56.07828385151515,0.0
1312,12.227962875757576,56.07828385151515,0.0
1313,12.307131952525253,56.07828385151515,0.0
1314,12.38630102929293,56.07828385151515,0.0
1315,12.465470106060607,56.07828385151515,0.0
1316,8.111170883838383,56.1136450939394,0.0
1317,8.19033996060606,56.1136450939394,0.0
1318,8.269509037373737,56.1136450939394,0.0
1319,8.348678114141414,56.1136450939394,0.0
1320,8.427847190909091,56.1136450939394,0.0
1321,8.507016267676768,56.1136450939394,0.0
1322,8.586185344444445,56.1136450939394,0.0
1323,8.665354421212122,56.1136450939394,0.0
1324,8.744523497979797,56.1136450939394,0.0
1325,8.823692574747474,56.1136450939394,0.0
1326,8.90286165151515,56.1136450939394,0.0
1327,8.982030728282828,56.1136450939394,0.0
1328,9.061199805050505,56.1136450939394,0.0
1329,9.140368881818182,56.1136450939394,0.0
1330,9.219537958585859,56.1136450939394,0.0
1331,9.298707035353535,56.1136450939394,0.0
1332,9.377876112121212,56.1136450939394,0.0
1333,9.45704518888889,56.1136450939394,0.0
1334,9.536214265656564,56.1136450939394,0.0
1335,9.615383342424241,56.1136450939394,0.0
1336,9.694552419191918,56.1136450939394,0.0
1337,9.773721495959595,56.1136450939394,0.0
1338,9.852890572727272,56.1136450939394,0.0
1339,9.93205964949495,56.1136450939394,0.0
1340,10.011228726262626,56.1136450939394,0.0
1341,10.090397803030303,56.1136450939394,0.0
1342,10.16956687979798,56.1136450939394,0.0
1343,12.227962875757576,56.1136450939394,0.0
1344,12.307131952525253,56.1136450939394,0.0
1345,8.19033996060606,56.149006336363634,0.0
1346,8.269509037373737,56.149006336363634,0.0
1347,8.348678114141414,56.149006336363634,0.0
1348,8.427847190909091,56.149006336363634,0.0
1349,8.507016267676768,56.149006336363634,0.0
1350,8.586185344444445,56.149006336363634,0.0
1351,8.665354421212122,56.149006336363634,0.0
1352,8.744523497979797,56.149006336363634,0.0
1353,8.823692574747474,56.149006336363634,0.0
1354,8.90286165151515,56.149006336363634,0.0
1355,8.982030728282828,56.149006336363634,0.0
1356,9.061199805050505,56.149006336363634,0.0
1357,9.140368881818182,56.149006336363634,0.0
1358,9.219537958585859,56.149006336363634,0.0
1359,9.298707035353535,56.149006336363634,0.0
1360,9.377876112121212,56.149006336363634,0.0
1361,9.45704518888889,56.149006336363634,0.0
1362,9.536214265656564,56.149006336363634,0.0
1363,9.615383342424241,56.149006336363634,0.0
1364,9.694552419191918,56.149006336363634,0.0
1365,9.773721495959595,56.149006336363634,0.0
1366,9.852890572727272,56.149006336363634,0.0
1367,9.93205964949495,56.149006336363634,0.0
1368,10.011228726262626,56.149006336363634,0.0
1369,10.090397803030303,56.149006336363634,0.0
1370,10.16956687979798,56.149006336363634,0.0
1371,8.19033996060606,56.18436757878788,0.0
1372,8.269509037373737,56.18436757878788,0.0
1373,8.348678114141414,56.18436757878788,0.0
1374,8.427847190909091,56.18436757878788,0.0
1375,8.507016267676768,56.18436757878788,0.0
1376,8.586185344444445,56.18436757878788,0.0
1377,8.665354421212122,56.18436757878788,0.0
1378,8.744523497979797,56.18436757878788,0.0
1379,8.823692574747474,56.18436757878788,0.0
1380,8.90286165151515,56.18436757878788,0.0
1381,8.982030728282828,56.18436757878788,0.0
1382,9.061199805050505,56.18436757878788,0.0
1383,9.140368881818182,56.18436757878788,0.0
1384,9.219537958585859,56.18436757878788,0.0
1385,9.298707035353535,56.18436757878788,0.0
1386,9.377876112121212,56.18436757878788,0.0
1387,9.45704518888889,56.18436757878788,0.0
1388,9.536214265656564,56.18436757878788,0.0
1389,9.615383342424241,56.18436757878788,0.0
1390,9.694552419191918,56.18436757878788,0.0
1391,9.773721495959595,56.18436757878788,0.0
1392,9.852890572727272,56.18436757878788,0.0
1393,9.93205964949495,56.18436757878788,0.0
1394,10.011228726262626,56.18436757878788,0.0
1395,10.090397803030303,56.18436757878788,0.0
1396,10.16956687979798,56.18436757878788,0.0
1397,10.40707411010101,56.18436757878788,0.0
1398,10.486243186868688,56.18436757878788,0.0
1399,10.64458134040404,56.18436757878788,0.0
1400,10.723750417171717,56.18436757878788,0.0
1401,8.19033996060606,56.21972882121212,0.0
1402,8.269509037373737,56.21972882121212,0.0
1403,8.348678114141414,56.21972882121212,0.0
1404,8.427847190909091,56.21972882121212,0.0
1405,8.507016267676768,56.21972882121212,0.0
1406,8.586185344444445,56.21972882121212,0.0
1407,8.665354421212122,56.21972882121212,0.0
1408,8.744523497979797,56.21972882121212,0.0
1409,8.823692574747474,56.21972882121212,0.0
1410,8.90286165151515,56.21972882121212,0.0
1411,8.982030728282828,56.21972882121212,0.0
1412,9.061199805050505,56.21972882121212,0.0
1413,9.140368881818182,56.21972882121212,0.0
1414,9.219537958585859,56.21972882121212,0.0
1415,9.298707035353535,56.21972882121212,0.0
1416,9.377876112121212,56.21972882121212,0.0
1417,9.45704518888889,56.21972882121212,0.0
1418,9.536214265656564,56.21972882121212,0.0
1419,9.615383342424241,56.21972882121212,0.0
1420,9.694552419191918,56.21972882121212,0.0
1421,9.773721495959595,56.21972882121212,0.0
1422,9.852890572727272,56.21972882121212,0.0
1423,9.93205964949495,56.21972882121212,0.0
1424,10.011228726262626,56.21972882121212,0.0
1425,10.090397803030303,56.21972882121212,0.0
1426,10.16956687979798,56.21972882121212,0.0
1427,10.248735956565657,56.21972882121212,0.0
1428,10.486243186868688,56.21972882121212,0.0
1429,10.565412263636365,56.21972882121212,0.0
1430,10.723750417171717,56.21972882121212,0.0
1431,8.19033996060606,56.255090063636366,0.0
1432,8.269509037373737,56.255090063636366,0.0
1433,8.348678114141414,56.255090063636366,0.0
1434,8.427847190909091,56.255090063636366,0.0
1435,8.507016267676768,56.255090063636366,0.0
1436,8.586185344444445,56.255090063636366,0.0
1437,8.665354421212122,56.255090063636366,0.0
1438,8.744523497979797,56.255090063636366,0.0
1439,8.823692574747474,56.255090063636366,0.0
1440,8.90286165151515,56.255090063636366,0.0
1441,8.982030728282828,56.255090063636366,0.0
1442,9.061199805050505,56.255090063636366,0.0
1443,9.140368881818182,56.255090063636366,0.0
1444,9.219537958585859,56.255090063636366,0.0
1445,9.298707035353535,56.255090063636366,0.0
1446,9.377876112121212,56.255090063636366,0.0
1447,9.45704518888889,56.255090063636366,0.0
1448,9.536214265656564,56.255090063636366,0.0
1449,9.615383342424241,56.255090063636366,0.0
1450,9.694552419191918,56.255090063636366,0.0
1451,9.773721495959595,56.255090063636366,0.0
1452,9.852890572727272,56.255090063636366,0.0
1453,9.93205964949495,56.255090063636366,0.0
1454,10.011228726262626,56.255090063636366,0.0
1455,10.090397803030303,56.255090063636366,0.0
1456,10.16956687979798,56.255090063636366,0.0
1457,10.248735956565657,56.255090063636366,0.0
1458,10.327905033333334,56.255090063636366,0.0
1459,10.486243186868688,56.255090063636366,0.0
1460,10.565412263636365,56.255090063636366,0.0
1461,10.64458134040404,56.255090063636366,0.0
1462,10.723750417171717,56.255090063636366,0.0
1463,10.802919493939394,56.255090063636366,0.0
1464,8.19033996060606,56.2904513060606,0.0
1465,8.269509037373737,56.2904513060606,0.0
1466,8.348678114141414,56.2904513060606,0.0
1467,8.427847190909091,56.2904513060606,0.0
1468,8.507016267676768,56.2904513060606,0.0
1469,8.586185344444445,56.2904513060606,0.0
1470,8.665354421212122,56.2904513060606,0.0
1471,8.744523497979797,56.2904513060606,0.0
1472,8.823692574747474,56.2904513060606,0.0
1473,8.90286165151515,56.2904513060606,0.0
1474,8.982030728282828,56.2904513060606,0.0
1475,9.061199805050505,56.2904513060606,0.0
1476,9.140368881818182,56.2904513060606,0.0
1477,9.219537958585859,56.2904513060606,0.0
1478,9.298707035353535,56.2904513060606,0.0
1479,9.377876112121212,56.2904513060606,0.0
1480,9.45704518888889,56.2904513060606,0.0
1481,9.536214265656564,56.2904513060606,0.0
1482,9.615383342424241,56.2904513060606,0.0
1483,9.694552419191918,56.2904513060606,0.0
1484,9.773721495959595,56.2904513060606,0.0
1485,9.852890572727272,56.2904513060606,0.0
1486,9.93205964949495,56.2904513060606,0.0
1487,10.011228726262626,56.2904513060606,0.0
1488,10.090397803030303,56.2904513060606,0.0
1489,10.16956687979798,56.2904513060606,0.0
1490,10.248735956565657,56.2904513060606,0.0
1491,10.327905033333334,56.2904513060606,0.0
1492,10.486243186868688,56.2904513060606,0.0
1493,10.565412263636365,56.2904513060606,0.0
1494,10.64458134040404,56.2904513060606,0.0
1495,10.723750417171717,56.2904513060606,0.0
1496,10.802919493939394,56.2904513060606,0.0
1497,8.19033996060606,56.32581254848485,0.0
1498,8.269509037373737,56.32581254848485,0.0
1499,8.348678114141414,56.32581254848485,0.0
1500,8.427847190909091,56.32581254848485,0.0
1501,8.507016267676768,56.32581254848485,0.0
1502,8.586185344444445,56.32581254848485,0.0
1503,8.665354421212122,56.32581254848485,0.0
1504,8.744523497979797,56.32581254848485,0.0
1505,8.823692574747474,56.32581254848485,0.0
1506,8.90286165151515,56.32581254848485,0.0
1507,8.982030728282828,56.32581254848485,0.0
1508,9.061199805050505,56.32581254848485,0.0
1509,9.140368881818182,56.32581254848485,0.0
1510,9.219537958585859,56.32581254848485,0.0
1511,9.298707035353535,56.32581254848485,0.0
1512,9.377876112121212,56.32581254848485,0.0
1513,9.45704518888889,56.32581254848485,0.0
1514,9.536214265656564,56.32581254848485,0.0
1515,9.615383342424241,56.32581254848485,0.0
1516,9.694552419191918,56.32581254848485,0.0
1517,9.773721495959595,56.32581254848485,0.0
1518,9.852890572727272,56.32581254848485,0.0
1519,9.93205964949495,56.32581254848485,0.0
1520,10.011228726262626,56.32581254848485,0.0
1521,10.090397803030303,56.32581254848485,0.0
1522,10.16956687979798,56.32581254848485,0.0
1523,10.248735956565657,56.32581254848485,0.0
1524,10.327905033333334,56.32581254848485,0.0
1525,10.40707411010101,56.32581254848485,0.0
1526,10.486243186868688,56.32581254848485,0.0
1527,10.565412263636365,56.32581254848485,0.0
1528,10.64458134040404,56.32581254848485,0.0
1529,10.723750417171717,56.32581254848485,0.0
1530,10.802919493939394,56.32581254848485,0.0
1531,10.88208857070707,56.32581254848485,0.0
1532,8.269509037373737,56.36117379090909,0.0
1533,8.348678114141414,56.36117379090909,0.0
1534,8.427847190909091,56.36117379090909,0.0
1535,8.507016267676768,56.36117379090909,0.0
1536,8.586185344444445,56.36117379090909,0.0
1537,8.665354421212122,56.36117379090909,0.0
1538,8.744523497979797,56.36117379090909,0.0
1539,8.823692574747474,56.36117379090909,0.0
1540,8.90286165151515,56.36117379090909,0.0
1541,8.982030728282828,56.36117379090909,0.0
1542,9.061199805050505,56.36117379090909,0.0
1543,9.140368881818182,56.36117379090909,0.0
1544,9.219537958585859,56.36117379090909,0.0
1545,9.298707035353535,56.36117379090909,0.0
1546,9.377876112121212,56.36117379090909,0.0
1547,9.45704518888889,56.36117379090909,0.0
1548,9.536214265656564,56.36117379090909,0.0
1549,9.615383342424241,56.36117379090909,0.0
1550,9.694552419191918,56.36117379090909,0.0
1551,9.773721495959595,56.36117379090909,0.0
1552,9.852890572727272,56.36117379090909,0.0
1553,9.93205964949495,56.36117379090909,0.0
1554,10.011228726262626,56.36117379090909,0.0
1555,10.090397803030303,56.36117379090909,0.0
1556,10.16956687979798,56.36117379090909,0.0
1557,10.248735956565657,56.36117379090909,0.0
1558,10.327905033333334,56.36117379090909,0.0
1559,10.40707411010101,56.36117379090909,0.0
1560,10.486243186868688,56.36117379090909,0.0
1561,10.565412263636365,56.36117379090909,0.0
1562,10.64458134040404,56.36117379090909,0.0
1563,10.723750417171717,56.36117379090909,0.0
1564,10.802919493939394,56.36117379090909,0.0
1565,10.88208857070707,56.36117379090909,0.0
1566,8.19033996060606,56.396535033333336,0.0
1567,8.269509037373737,56.396535033333336,0.0
1568,8.348678114141414,56.396535033333336,0.0
1569,8.427847190909091,56.396535033333336,0.0
1570,8.507016267676768,56.396535033333336,0.0
1571,8.586185344444445,56.396535033333336,0.0
1572,8.665354421212122,56.396535033333336,0.0
1573,8.744523497979797,56.396535033333336,0.0
1574,8.823692574747474,56.396535033333336,0.0
1575,8.90286165151515,56.396535033333336,0.0
1576,8.982030728282828,56.396535033333336,0.0
1577,9.061199805050505,56.396535033333336,0.0
1578,9.140368881818182,56.396535033333336,0.0
1579,9.219537958585859,56.396535033333336,0.0
1580,9.298707035353535,56.396535033333336,0.0
1581,9.377876112121212,56.396535033333336,0.0
1582,9.45704518888889,56.396535033333336,0.0
1583,9.536214265656564,56.396535033333336,0.0
1584,9.615383342424241,56.396535033333336,0.0
1585,9.694552419191918,56.396535033333336,0.0
1586,9.773721495959595,56.396535033333336,0.0
1587,9.852890572727272,56.396535033333336,0.0
1588,9.93205964949495,56.396535033333336,0.0
1589,10.011228726262626,56.396535033333336,0.0
1590,10.090397803030303,56.396535033333336,0.0
1591,10.16956687979798,56.396535033333336,0.0
1592,10.248735956565657,56.396535033333336,0.0
1593,10.327905033333334,56.396535033333336,0.0
1594,10.40707411010101,56.396535033333336,0.0
1595,10.486243186868688,56.396535033333336,0.0
1596,10.565412263636365,56.396535033333336,0.0
1597,10.64458134040404,56.396535033333336,0.0
1598,10.723750417171717,56.396535033333336,0.0
1599,10.802919493939394,56.396535033333336,0.0
1600,10.88208857070707,56.396535033333336,0.0
1601,8.19033996060606,56.43189627575757,0.0
1602,8.269509037373737,56.43189627575757,0.0
1603,8.348678114141414,56.43189627575757,0.0
1604,8.427847190909091,56.43189627575757,0.0
1605,8.507016267676768,56.43189627575757,0.0
1606,8.586185344444445,56.43189627575757,0.0
1607,8.665354421212122,56.43189627575757,0.0
1608,8.744523497979797,56.43189627575757,0.0
1609,8.823692574747474,56.43189627575757,0.0
1610,8.90286165151515,56.43189627575757,0.0
1611,8.982030728282828,56.43189627575757,0.0
1612,9.061199805050505,56.43189627575757,0.0
1613,9.140368881818182,56.43189627575757,0.0
1614,9.219537958585859,56.43189627575757,0.0
1615,9.298707035353535,56.43189627575757,0.0
1616,9.377876112121212,56.43189627575757,0.0
1617,9.45704518888889,56.43189627575757,0.0
1618,9.536214265656564,56.43189627575757,0.0
1619,9.615383342424241,56.43189627575757,0.0
1620,9.694552419191918,56.43189627575757,0.0
1621,9.773721495959595,56.43189627575757,0.0
1622,9.852890572727272,56.43189627575757,0.0
1623,9.93205964949495,56.43189627575757,0.0
1624,10.011228726262626,56.43189627575757,0.0
1625,10.090397803030303,56.43189627575757,0.0
1626,10.16956687979798,56.43189627575757,0.0
1627,10.248735956565657,56.43189627575757,0.0
1628,10.327905033333334,56.43189627575757,0.0
1629,10.40707411010101,56.43189627575757,0.0
1630,10.486243186868688,56.43189627575757,0.0
1631,10.565412263636365,56.43189627575757,0.0
1632,10.64458134040404,56.43189627575757,0.0
1633,10.723750417171717,56.43189627575757,0.0
1634,10.802919493939394,56.43189627575757,0.0
1635,10.88208857070707,56.43189627575757,0.0
1636,8.19033996060606,56.46725751818182,0.0
1637,8.269509037373737,56.46725751818182,0.0
1638,8.348678114141414,56.46725751818182,0.0
1639,8.427847190909091,56.46725751818182,0.0
1640,8.507016267676768,56.46725751818182,0.0
1641,8.586185344444445,56.46725751818182,0.0
1642,8.665354421212122,56.46725751818182,0.0
1643,8.744523497979797,56.46725751818182,0.0
1644,8.823692574747474,56.46725751818182,0.0
1645,8.90286165151515,56.46725751818182,0.0
1646,8.982030728282828,56.46725751818182,0.0
1647,9.061199805050505,56.46725751818182,0.0
1648,9.140368881818182,56.46725751818182,0.0
1649,9.219537958585859,56.46725751818182,0.0
1650,9.298707035353535,56.46725751818182,0.0
1651,9.377876112121212,56.46725751818182,0.0
1652,9.45704518888889,56.46725751818182,0.0
1653,9.536214265656564,56.46725751818182,0.0
1654,9.615383342424241,56.46725751818182,0.0
1655,9.694552419191918,56.46725751818182,0.0
1656,9.773721495959595,56.46725751818182,0.0
1657,9.852890572727272,56.46725751818182,0.0
1658,9.93205964949495,56.46725751818182,0.0
1659,10.011228726262626,56.46725751818182,0.0
1660,10.090397803030303,56.46725751818182,0.0
1661,10.16956687979798,56.46725751818182,0.0
1662,10.248735956565657,56.46725751818182,0.0
1663,10.327905033333334,56.46725751818182,0.0
1664,10.40707411010101,56.46725751818182,0.0
1665,10.486243186868688,56.46725751818182,0.0
1666,10.565412263636365,56.46725751818182,0.0
1667,10.64458134040404,56.46725751818182,0.0
1668,10.723750417171717,56.46725751818182,0.0
1669,10.802919493939394,56.46725751818182,0.0
1670,10.88208857070707,56.46725751818182,0.0
1671,8.19033996060606,56.50261876060606,0.0
1672,8.269509037373737,56.50261876060606,0.0
1673,8.348678114141414,56.50261876060606,0.0
1674,8.427847190909091,56.50261876060606,0.0
1675,8.507016267676768,56.50261876060606,0.0
1676,8.744523497979797,56.50261876060606,0.0
1677,8.823692574747474,56.50261876060606,0.0
1678,8.90286165151515,56.50261876060606,0.0
1679,8.982030728282828,56.50261876060606,0.0
1680,9.061199805050505,56.50261876060606,0.0
1681,9.140368881818182,56.50261876060606,0.0
1682,9.219537958585859,56.50261876060606,0.0
1683,9.298707035353535,56.50261876060606,0.0
1684,9.377876112121212,56.50261876060606,0.0
1685,9.45704518888889,56.50261876060606,0.0
1686,9.536214265656564,56.50261876060606,0.0
1687,9.615383342424241,56.50261876060606,0.0
1688,9.694552419191918,56.50261876060606,0.0
1689,9.773721495959595,56.50261876060606,0.0
1690,9.852890572727272,56.50261876060606,0.0
1691,9.93205964949495,56.50261876060606,0.0
1692,10.011228726262626,56.50261876060606,0.0
1693,10.090397803030303,56.50261876060606,0.0
1694,10.16956687979798,56.50261876060606,0.0
1695,10.248735956565657,56.50261876060606,0.0
1696,10.327905033333334,56.50261876060606,0.0
1697,10.40707411010101,56.50261876060606,0.0
1698,10.486243186868688,56.50261876060606,0.0
1699,10.565412263636365,56.50261876060606,0.0
1700,10.64458134040404,56.50261876060606,0.0
1701,10.723750417171717,56.50261876060606,0.0
1702,10.802919493939394,56.50261876060606,0.0
1703,8.19033996060606,56.537980003030306,0.0
1704,8.269509037373737,56.537980003030306,0.0
1705,8.348678114141414,56.537980003030306,0.0
1706,8.427847190909091,56.537980003030306,0.0
1707,8.507016267676768,56.537980003030306,0.0
1708,8.744523497979797,56.537980003030306,0.0
1709,8.823692574747474,56.537980003030306,0.0
1710,8.90286165151515,56.537980003030306,0.0
1711,8.982030728282828,56.537980003030306,0.0
1712,9.061199805050505,56.537980003030306,0.0
1713,9.140368881818182,56.537980003030306,0.0
1714,9.219537958585859,56.537980003030306,0.0
1715,9.377876112121212,56.537980003030306,0.0
1716,9.45704518888889,56.537980003030306,0.0
1717,9.536214265656564,56.537980003030306,0.0
1718,9.615383342424241,56.537980003030306,0.0
1719,9.694552419191918,56.537980003030306,0.0
1720,9.773721495959595,56.537980003030306,0.0
1721,9.852890572727272,56.537980003030306,0.0
1722,9.93205964949495,56.537980003030306,0.0
1723,10.011228726262626,56.537980003030306,0.0
1724,10.090397803030303,56.537980003030306,0.0
1725,10.16956687979798,56.537980003030306,0.0
1726,10.248735956565657,56.537980003030306,0.0
1727,10.327905033333334,56.537980003030306,0.0
1728,8.19033996060606,56.57334124545454,0.0
1729,8.269509037373737,56.57334124545454,0.0
1730,8.348678114141414,56.57334124545454,0.0
1731,8.744523497979797,56.57334124545454,0.0
1732,8.823692574747474,56.57334124545454,0.0
1733,8.90286165151515,56.57334124545454,0.0
1734,8.982030728282828,56.57334124545454,0.0
1735,9.140368881818182,56.57334124545454,0.0
1736,9.219537958585859,56.57334124545454,0.0
1737,9.298707035353535,56.57334124545454,0.0
1738,9.377876112121212,56.57334124545454,0.0
1739,9.45704518888889,56.57334124545454,0.0
1740,9.536214265656564,56.57334124545454,0.0
1741,9.615383342424241,56.57334124545454,0.0
1742,9.694552419191918,56.57334124545454,0.0
1743,9.773721495959595,56.57334124545454,0.0
1744,9.852890572727272,56.57334124545454,0.0
1745,9.93205964949495,56.57334124545454,0.0
1746,10.011228726262626,56.57334124545454,0.0
1747,10.090397803030303,56.57334124545454,0.0
1748,10.16956687979798,56.57334124545454,0.0
1749,10.327905033333334,56.57334124545454,0.0
1750,8.19033996060606,56.60870248787879,0.0
1751,8.507016267676768,56.60870248787879,0.0
1752,8.586185344444445,56.60870248787879,0.0
1753,8.744523497979797,56.60870248787879,0.0
1754,8.823692574747474,56.60870248787879,0.0
1755,8.90286165151515,56.60870248787879,0.0
1756,8.982030728282828,56.60870248787879,0.0
1757,9.219537958585859,56.60870248787879,0.0
1758,9.377876112121212,56.60870248787879,0.0
1759,9.45704518888889,56.60870248787879,0.0
1760,9.536214265656564,56.60870248787879,0.0
1761,9.615383342424241,56.60870248787879,0.0
1762,9.694552419191918,56.60870248787879,0.0
1763,9.773721495959595,56.60870248787879,0.0
1764,9.852890572727272,56.60870248787879,0.0
1765,9.93205964949495,56.60870248787879,0.0
1766,10.011228726262626,56.60870248787879,0.0
1767,10.090397803030303,56.60870248787879,0.0
1768,10.16956687979798,56.60870248787879,0.0
1769,10.248735956565657,56.60870248787879,0.0
1770,8.507016267676768,56.64406373030303,0.0
1771,8.823692574747474,56.64406373030303,0.0
1772,8.90286165151515,56.64406373030303,0.0
1773,8.982030728282828,56.64406373030303,0.0
1774,9.061199805050505,56.64406373030303,0.0
1775,9.377876112121212,56.64406373030303,0.0
1776,9.45704518888889,56.64406373030303,0.0
1777,9.536214265656564,56.64406373030303,0.0
1778,9.615383342424241,56.64406373030303,0.0
1779,9.694552419191918,56.64406373030303,0.0
1780,9.773721495959595,56.64406373030303,0.0
1781,9.93205964949495,56.64406373030303,0.0
1782,10.011228726262626,56.64406373030303,0.0
1783,10.090397803030303,56.64406373030303,0.0
1784,10.16956687979798,56.64406373030303,0.0
1785,10.248735956565657,56.64406373030303,0.0
1786,10.327905033333334,56.64406373030303,0.0
1787,8.19033996060606,56.679424972727276,0.0
1788,8.586185344444445,56.679424972727276,0.0
1789,8.665354421212122,56.679424972727276,0.0
1790,8.823692574747474,56.679424972727276,0.0
1791,8.90286165151515,56.679424972727276,0.0
1792,8.982030728282828,56.679424972727276,0.0
1793,9.061199805050505,56.679424972727276,0.0
1794,9.377876112121212,56.679424972727276,0.0
1795,9.45704518888889,56.679424972727276,0.0
1796,9.536214265656564,56.679424972727276,0.0
1797,9.615383342424241,56.679424972727276,0.0
1798,9.694552419191918,56.679424972727276,0.0
1799,9.773721495959595,56.679424972727276,0.0
1800,9.852890572727272,56.679424972727276,0.0
1801,9.93205964949495,56.679424972727276,0.0
1802,10.090397803030303,56.679424972727276,0.0
1803,10.16956687979798,56.679424972727276,0.0
1804,10.248735956565657,56.679424972727276,0.0
1805,10.327905033333334,56.679424972727276,0.0
1806,8.348678114141414,56.71478621515152,0.0
1807,8.427847190909091,56.71478621515152,0.0
1808,8.665354421212122,56.71478621515152,0.0
1809,8.744523497979797,56.71478621515152,0.0
1810,8.90286165151515,56.71478621515152,0.0
1811,8.982030728282828,56.71478621515152,0.0
1812,9.061199805050505,56.71478621515152,0.0
1813,9.140368881818182,56.71478621515152,0.0
1814,9.298707035353535,56.71478621515152,0.0
1815,9.377876112121212,56.71478621515152,0.0
1816,9.45704518888889,56.71478621515152,0.0
1817,9.536214265656564,56.71478621515152,0.0
1818,9.615383342424241,56.71478621515152,0.0
1819,9.694552419191918,56.71478621515152,0.0
1820,9.773721495959595,56.71478621515152,0.0
1821,9.852890572727272,56.71478621515152,0.0
1822,9.93205964949495,56.71478621515152,0.0
1823,10.011228726262626,56.71478621515152,0.0
1824,10.090397803030303,56.71478621515152,0.0
1825,10.16956687979798,56.71478621515152,0.0
1826,10.248735956565657,56.71478621515152,0.0
1827,10.327905033333334,56.71478621515152,0.0
1828,11.515441184848484,56.71478621515152,0.0
1829,11.594610261616161,56.71478621515152,0.0
1830,8.348678114141414,56.75014745757576,0.0
1831,8.427847190909091,56.75014745757576,0.0
1832,8.586185344444445,56.75014745757576,0.0
1833,8.665354421212122,56.75014745757576,0.0
1834,8.744523497979797,56.75014745757576,0.0
1835,8.823692574747474,56.75014745757576,0.0
1836,8.90286165151515,56.75014745757576,0.0
1837,8.982030728282828,56.75014745757576,0.0
1838,9.061199805050505,56.75014745757576,0.0
1839,9.298707035353535,56.75014745757576,0.0
1840,9.377876112121212,56.75014745757576,0.0
1841,9.45704518888889,56.75014745757576,0.0
1842,9.536214265656564,56.75014745757576,0.0
1843,9.615383342424241,56.75014745757576,0.0
1844,9.694552419191918,56.75014745757576,0.0
1845,9.773721495959595,56.75014745757576,0.0
1846,9.852890572727272,56.75014745757576,0.0
1847,9.93205964949495,56.75014745757576,0.0
1848,10.011228726262626,56.75014745757576,0.0
1849,10.090397803030303,56.75014745757576,0.0
1850,10.16956687979798,56.75014745757576,0.0
1851,10.248735956565657,56.75014745757576,0.0
1852,8.269509037373737,56.7855087,0.0
1853,8.348678114141414,56.7855087,0.0
1854,8.427847190909091,56.7855087,0.0
1855,8.586185344444445,56.7855087,0.0
1856,8.665354421212122,56.7855087,0.0
1857,8.744523497979797,56.7855087,0.0
1858,8.823692574747474,56.7855087,0.0
1859,8.982030728282828,56.7855087,0.0
1860,9.061199805050505,56.7855087,0.0
1861,9.219537958585859,56.7855087,0.0
1862,9.298707035353535,56.7855087,0.0
1863,9.377876112121212,56.7855087,0.0
1864,9.45704518888889,56.7855087,0.0
1865,9.536214265656564,56.7855087,0.0
1866,9.615383342424241,56.7855087,0.0
1867,9.694552419191918,56.7855087,0.0
1868,9.773721495959595,56.7855087,0.0
1869,9.852890572727272,56.7855087,0.0
1870,9.93205964949495,56.7855087,0.0
1871,10.011228726262626,56.7855087,0.0
1872,10.090397803030303,56.7855087,0.0
1873,10.16956687979798,56.7855087,0.0
1874,10.248735956565657,56.7855087,0.0
1875,8.269509037373737,56.820869942424245,0.0
1876,8.348678114141414,56.820869942424245,0.0
1877,8.427847190909091,56.820869942424245,0.0
1878,8.507016267676768,56.820869942424245,0.0
1879,8.665354421212122,56.820869942424245,0.0
1880,8.744523497979797,56.820869942424245,0.0
1881,8.823692574747474,56.820869942424245,0.0
1882,8.982030728282828,56.820869942424245,0.0
1883,9.061199805050505,56.820869942424245,0.0
1884,9.219537958585859,56.820869942424245,0.0
1885,9.298707035353535,56.820869942424245,0.0
1886,9.377876112121212,56.820869942424245,0.0
1887,9.45704518888889,56.820869942424245,0.0
1888,9.536214265656564,56.820869942424245,0.0
1889,9.615383342424241,56.820869942424245,0.0
1890,9.694552419191918,56.820869942424245,0.0
1891,9.773721495959595,56.820869942424245,0.0
1892,9.852890572727272,56.820869942424245,0.0
1893,9.93205964949495,56.820869942424245,0.0
1894,10.011228726262626,56.820869942424245,0.0
1895,10.090397803030303,56.820869942424245,0.0
1896,10.16956687979798,56.820869942424245,0.0
1897,10.248735956565657,56.820869942424245,0.0
1898,8.269509037373737,56.85623118484848,0.0
1899,8.348678114141414,56.85623118484848,0.0
1900,8.427847190909091,56.85623118484848,0.0
1901,8.507016267676768,56.85623118484848,0.0
1902,8.586185344444445,56.85623118484848,0.0
1903,8.665354421212122,56.85623118484848,0.0
1904,8.744523497979797,56.85623118484848,0.0
1905,8.823692574747474,56.85623118484848,0.0
1906,9.219537958585859,56.85623118484848,0.0
1907,9.298707035353535,56.85623118484848,0.0
1908,9.377876112121212,56.85623118484848,0.0
1909,9.45704518888889,56.85623118484848,0.0
1910,9.536214265656564,56.85623118484848,0.0
1911,9.615383342424241,56.85623118484848,0.0
1912,9.694552419191918,56.85623118484848,0.0
1913,9.773721495959595,56.85623118484848,0.0
1914,9.852890572727272,56.85623118484848,0.0
1915,9.93205964949495,56.85623118484848,0.0
1916,10.011228726262626,56.85623118484848,0.0
1917,10.090397803030303,56.85623118484848,0.0
1918,10.16956687979798,56.85623118484848,0.0
1919,10.248735956565657,56.85623118484848,0.0
1920,8.348678114141414,56.89159242727273,0.0
1921,8.427847190909091,56.89159242727273,0.0
1922,8.507016267676768,56.89159242727273,0.0
1923,8.586185344444445,56.89159242727273,0.0
1924,8.823692574747474,56.89159242727273,0.0
1925,8.90286165151515,56.89159242727273,0.0
1926,9.219537958585859,56.89159242727273,0.0
1927,9.298707035353535,56.89159242727273,0.0
1928,9.377876112121212,56.89159242727273,0.0
1929,9.45704518888889,56.89159242727273,0.0
1930,9.536214265656564,56.89159242727273,0.0
1931,9.615383342424241,56.89159242727273,0.0
1932,9.694552419191918,56.89159242727273,0.0
1933,9.773721495959595,56.89159242727273,0.0
1934,9.852890572727272,56.89159242727273,0.0
1935,9.93205964949495,56.89159242727273,0.0
1936,10.011228726262626,56.89159242727273,0.0
1937,10.090397803030303,56.89159242727273,0.0
1938,10.16956687979798,56.89159242727273,0.0
1939,10.248735956565657,56.89159242727273,0.0
1940,8.348678114141414,56.92695366969697,0.0
1941,8.427847190909091,56.92695366969697,0.0
1942,8.507016267676768,56.92695366969697,0.0
1943,8.586185344444445,56.92695366969697,0.0
1944,8.90286165151515,56.92695366969697,0.0
1945,9.219537958585859,56.92695366969697,0.0
1946,9.298707035353535,56.92695366969697,0.0
1947,9.377876112121212,56.92695366969697,0.0
1948,9.45704518888889,56.92695366969697,0.0
1949,9.536214265656564,56.92695366969697,0.0
1950,9.615383342424241,56.92695366969697,0.0
1951,9.694552419191918,56.92695366969697,0.0
1952,9.773721495959595,56.92695366969697,0.0
1953,9.852890572727272,56.92695366969697,0.0
1954,9.93205964949495,56.92695366969697,0.0
1955,10.011228726262626,56.92695366969697,0.0
1956,10.090397803030303,56.92695366969697,0.0
1957,10.16956687979798,56.92695366969697,0.0
1958,10.248735956565657,56.92695366969697,0.0
1959,8.427847190909091,56.962314912121215,0.0
1960,8.507016267676768,56.962314912121215,0.0
1961,8.586185344444445,56.962314912121215,0.0
1962,8.665354421212122,56.962314912121215,0.0
1963,8.744523497979797,56.962314912121215,0.0
1964,9.298707035353535,56.962314912121215,0.0
1965,9.377876112121212,56.962314912121215,0.0
1966,9.45704518888889,56.962314912121215,0.0
1967,9.536214265656564,56.962314912121215,0.0
1968,9.615383342424241,56.962314912121215,0.0
1969,9.694552419191918,56.962314912121215,0.0
1970,9.773721495959595,56.962314912121215,0.0
1971,9.852890572727272,56.962314912121215,0.0
1972,9.93205964949495,56.962314912121215,0.0
1973,10.011228726262626,56.962314912121215,0.0
1974,10.090397803030303,56.962314912121215,0.0
1975,10.16956687979798,56.962314912121215,0.0
1976,10.248735956565657,56.962314912121215,0.0
1977,8.427847190909091,56.99767615454546,0.0
1978,8.507016267676768,56.99767615454546,0.0
1979,8.586185344444445,56.99767615454546,0.0
1980,8.665354421212122,56.99767615454546,0.0
1981,8.744523497979797,56.99767615454546,0.0
1982,8.90286165151515,56.99767615454546,0.0
1983,9.219537958585859,56.99767615454546,0.0
1984,9.377876112121212,56.99767615454546,0.0
1985,9.45704518888889,56.99767615454546,0.0
1986,9.536214265656564,56.99767615454546,0.0
1987,9.694552419191918,56.99767615454546,0.0
1988,9.773721495959595,56.99767615454546,0.0
1989,9.852890572727272,56.99767615454546,0.0
1990,9.93205964949495,56.99767615454546,0.0
1991,10.011228726262626,56.99767615454546,0.0
1992,10.090397803030303,56.99767615454546,0.0
1993,10.248735956565657,56.99767615454546,0.0
1994,10.327905033333334,56.99767615454546,0.0
1995,8.507016267676768,57.033037396969696,0.0
1996,8.586185344444445,57.033037396969696,0.0
1997,8.665354421212122,57.033037396969696,0.0
1998,8.744523497979797,57.033037396969696,0.0
1999,8.823692574747474,57.033037396969696,0.0
2000,8.90286165151515,57.033037396969696,0.0
2001,8.982030728282828,57.033037396969696,0.0
2002,9.061199805050505,57.033037396969696,0.0
2003,9.219537958585859,57.033037396969696,0.0
2004,9.298707035353535,57.033037396969696,0.0
2005,9.377876112121212,57.033037396969696,0.0
2006,9.694552419191918,57.033037396969696,0.0
2007,9.773721495959595,57.033037396969696,0.0
2008,9.852890572727272,57.033037396969696,0.0
2009,9.93205964949495,57.033037396969696,0.0
2010,10.011228726262626,57.033037396969696,0.0
2011,10.090397803030303,57.033037396969696,0.0
2012,10.16956687979798,57.033037396969696,0.0
2013,10.248735956565657,57.033037396969696,0.0
2014,10.327905033333334,57.033037396969696,0.0
2015,8.586185344444445,57.06839863939394,0.0
2016,8.665354421212122,57.06839863939394,0.0
2017,8.744523497979797,57.06839863939394,0.0
2018,8.823692574747474,57.06839863939394,0.0
2019,8.90286165151515,57.06839863939394,0.0
2020,8.982030728282828,57.06839863939394,0.0
2021,9.061199805050505,57.06839863939394,0.0
2022,9.140368881818182,57.06839863939394,0.0
2023,9.219537958585859,57.06839863939394,0.0
2024,9.298707035353535,57.06839863939394,0.0
2025,9.377876112121212,57.06839863939394,0.0
2026,9.45704518888889,57.06839863939394,0.0
2027,9.536214265656564,57.06839863939394,0.0
2028,9.615383342424241,57.06839863939394,0.0
2029,9.694552419191918,57.06839863939394,0.0
2030,9.852890572727272,57.06839863939394,0.0
2031,9.93205964949495,57.06839863939394,0.0
2032,10.011228726262626,57.06839863939394,0.0
2033,10.090397803030303,57.06839863939394,0.0
2034,10.16956687979798,57.06839863939394,0.0
2035,10.248735956565657,57.06839863939394,0.0
2036,10.327905033333334,57.06839863939394,0.0
2037,8.586185344444445,57.103759881818185,0.0
2038,8.665354421212122,57.103759881818185,0.0
2039,8.823692574747474,57.103759881818185,0.0
2040,8.90286165151515,57.103759881818185,0.0
2041,8.982030728282828,57.103759881818185,0.0
2042,9.061199805050505,57.103759881818185,0.0
2043,9.140368881818182,57.103759881818185,0.0
2044,9.219537958585859,57.103759881818185,0.0
2045,9.298707035353535,57.103759881818185,0.0
2046,9.377876112121212,57.103759881818185,0.0
2047,9.45704518888889,57.103759881818185,0.0
2048,9.536214265656564,57.103759881818185,0.0
2049,9.615383342424241,57.103759881818185,0.0
2050,9.694552419191918,57.103759881818185,0.0
2051,9.773721495959595,57.103759881818185,0.0
2052,9.852890572727272,57.103759881818185,0.0
2053,9.93205964949495,57.103759881818185,0.0
2054,10.011228726262626,57.103759881818185,0.0
2055,10.090397803030303,57.103759881818185,0.0
2056,10.16956687979798,57.103759881818185,0.0
2057,10.248735956565657,57.103759881818185,0.0
2058,10.327905033333334,57.103759881818185,0.0
2059,8.982030728282828,57.13912112424243,0.0
2060,9.061199805050505,57.13912112424243,0.0
2061,9.140368881818182,57.13912112424243,0.0
2062,9.219537958585859,57.13912112424243,0.0
2063,9.298707035353535,57.13912112424243,0.0
2064,9.377876112121212,57.13912112424243,0.0
2065,9.45704518888889,57.13912112424243,0.0
2066,9.536214265656564,57.13912112424243,0.0
2067,9.615383342424241,57.13912112424243,0.0
2068,9.694552419191918,57.13912112424243,0.0
2069,9.773721495959595,57.13912112424243,0.0
2070,9.852890572727272,57.13912112424243,0.0
2071,9.93205964949495,57.13912112424243,0.0
2072,10.011228726262626,57.13912112424243,0.0
2073,10.090397803030303,57.13912112424243,0.0
2074,10.16956687979798,57.13912112424243,0.0
2075,10.248735956565657,57.13912112424243,0.0
2076,10.327905033333334,57.13912112424243,0.0
2077,10.40707411010101,57.13912112424243,0.0
2078,9.45704518888889,57.174482366666666,0.0
2079,9.536214265656564,57.174482366666666,0.0
2080,9.615383342424241,57.174482366666666,0.0
2081,9.694552419191918,57.174482366666666,0.0
2082,9.773721495959595,57.174482366666666,0.0
2083,9.852890572727272,57.174482366666666,0.0
2084,9.93205964949495,57.174482366666666,0.0
2085,10.011228726262626,57.174482366666666,0.0
2086,10.090397803030303,57.174482366666666,0.0
2087,10.16956687979798,57.174482366666666,0.0
2088,10.248735956565657,57.174482366666666,0.0
2089,10.327905033333334,57.174482366666666,0.0
2090,10.40707411010101,57.174482366666666,0.0
2091,9.536214265656564,57.20984360909091,0.0
2092,9.615383342424241,57.20984360909091,0.0
2093,9.694552419191918,57.20984360909091,0.0
2094,9.773721495959595,57.20984360909091,0.0
2095,9.852890572727272,57.20984360909091,0.0
2096,9.93205964949495,57.20984360909091,0.0
2097,10.011228726262626,57.20984360909091,0.0
2098,10.090397803030303,57.20984360909091,0.0
2099,10.16956687979798,57.20984360909091,0.0
2100,10.248735956565657,57.20984360909091,0.0
2101,10.327905033333334,57.20984360909091,0.0
2102,10.40707411010101,57.20984360909091,0.0
2103,10.486243186868688,57.20984360909091,0.0
2104,10.961257647474747,57.20984360909091,0.0
2105,9.615383342424241,57.245204851515155,0.0
2106,9.694552419191918,57.245204851515155,0.0
2107,9.773721495959595,57.245204851515155,0.0
2108,9.852890572727272,57.245204851515155,0.0
2109,9.93205964949495,57.245204851515155,0.0
2110,10.011228726262626,57.245204851515155,0.0
2111,10.090397803030303,57.245204851515155,0.0
2112,10.16956687979798,57.245204851515155,0.0
2113,10.248735956565657,57.245204851515155,0.0
2114,10.327905033333334,57.245204851515155,0.0
2115,10.40707411010101,57.245204851515155,0.0
2116,10.486243186868688,57.245204851515155,0.0
2117,10.961257647474747,57.245204851515155,0.0
2118,11.040426724242424,57.245204851515155,0.0
2119,9.615383342424241,57.2805660939394,0.0
2120,9.694552419191918,57.2805660939394,0.0
2121,9.773721495959595,57.2805660939394,0.0
2122,9.852890572727272,57.2805660939394,0.0
2123,9.93205964949495,57.2805660939394,0.0
2124,10.011228726262626,57.2805660939394,0.0
2125,10.090397803030303,57.2805660939394,0.0
2126,10.16956687979798,57.2805660939394,0.0
2127,10.248735956565657,57.2805660939394,0.0
2128,10.327905033333334,57.2805660939394,0.0
2129,10.40707411010101,57.2805660939394,0.0
2130,10.486243186868688,57.2805660939394,0.0
2131,10.961257647474747,57.2805660939394,0.0
2132,11.040426724242424,57.2805660939394,0.0
2133,9.694552419191918,57.315927336363636,0.0
2134,9.773721495959595,57.315927336363636,0.0
2135,9.852890572727272,57.315927336363636,0.0
2136,9.93205964949495,57.315927336363636,0.0
2137,10.011228726262626,57.315927336363636,0.0
2138,10.090397803030303,57.315927336363636,0.0
2139,10.16956687979798,57.315927336363636,0.0
2140,10.248735956565657,57.315927336363636,0.0
2141,10.327905033333334,57.315927336363636,0.0
2142,10.40707411010101,57.315927336363636,0.0
2143,10.486243186868688,57.315927336363636,0.0
2144,11.040426724242424,57.315927336363636,0.0
2145,11.119595801010101,57.315927336363636,0.0
2146,11.198764877777778,57.315927336363636,0.0
2147,9.694552419191918,57.35128857878788,0.0
2148,9.773721495959595,57.35128857878788,0.0
2149,9.852890572727272,57.35128857878788,0.0
2150,9.93205964949495,57.35128857878788,0.0
2151,10.011228726262626,57.35128857878788,0.0
2152,10.090397803030303,57.35128857878788,0.0
2153,10.16956687979798,57.35128857878788,0.0
2154,10.248735956565657,57.35128857878788,0.0
2155,10.327905033333334,57.35128857878788,0.0
2156,10.40707411010101,57.35128857878788,0.0
2157,10.486243186868688,57.35128857878788,0.0
2158,9.773721495959595,57.386649821212124,0.0
2159,9.852890572727272,57.386649821212124,0.0
2160,9.93205964949495,57.386649821212124,0.0
2161,10.011228726262626,57.386649821212124,0.0
2162,10.090397803030303,57.386649821212124,0.0
2163,10.16956687979798,57.386649821212124,0.0
2164,10.248735956565657,57.386649821212124,0.0
2165,10.327905033333334,57.386649821212124,0.0
2166,10.40707411010101,57.386649821212124,0.0
2167,10.486243186868688,57.386649821212124,0.0
2168,9.773721495959595,57.42201106363637,0.0
2169,9.852890572727272,57.42201106363637,0.0
2170,9.93205964949495,57.42201106363637,0.0
2171,10.011228726262626,57.42201106363637,0.0
2172,10.090397803030303,57.42201106363637,0.0
2173,10.16956687979798,57.42201106363637,0.0
2174,10.248735956565657,57.42201106363637,0.0
2175,10.327905033333334,57.42201106363637,0.0
2176,10.40707411010101,57.42201106363637,0.0
2177,10.486243186868688,57.42201106363637,0.0
2178,9.852890572727272,57.457372306060606,0.0
2179,9.93205964949495,57.457372306060606,0.0
2180,10.011228726262626,57.457372306060606,0.0
2181,10.090397803030303,57.457372306060606,0.0
2182,10.16956687979798,57.457372306060606,0.0
2183,10.248735956565657,57.457372306060606,0.0
2184,10.327905033333334,57.457372306060606,0.0
2185,10.40707411010101,57.457372306060606,0.0
2186,10.486243186868688,57.457372306060606,0.0
2187,9.852890572727272,57.49273354848485,0.0
2188,9.93205964949495,57.49273354848485,0.0
2189,10.011228726262626,57.49273354848485,0.0
2190,10.090397803030303,57.49273354848485,0.0
2191,10.16956687979798,57.49273354848485,0.0
2192,10.248735956565657,57.49273354848485,0.0
2193,10.327905033333334,57.49273354848485,0.0
2194,10.40707411010101,57.49273354848485,0.0
2195,10.486243186868688,57.49273354848485,0.0
2196,9.93205964949495,57.528094790909094,0.0
2197,10.011228726262626,57.528094790909094,0.0
2198,10.090397803030303,57.528094790909094,0.0
2199,10.16956687979798,57.528094790909094,0.0
2200,10.248735956565657,57.528094790909094,0.0
2201,10.327905033333334,57.528094790909094,0.0
2202,10.40707411010101,57.528094790909094,0.0
2203,9.93205964949495,57.56345603333334,0.0
2204,10.011228726262626,57.56345603333334,0.0
2205,10.090397803030303,57.56345603333334,0.0
2206,10.16956687979798,57.56345603333334,0.0
2207,10.248735956565657,57.56345603333334,0.0
2208,10.327905033333334,57.56345603333334,0.0
2209,10.40707411010101,57.56345603333334,0.0
2210,10.248735956565657,57.598817275757575,0.0
2211,10.327905033333334,57.598817275757575,0.0
2212,10.40707411010101,57.598817275757575,0.0
2213,10.327905033333334,57.63417851818182,0.0
2214,10.40707411010101,57.63417851818182,0.0
2215,10.40707411010101,57.669539760606064,0.0
2216,10.486243186868688,57.669539760606064,0.0
2217,10.486243186868688,57.70490100303031,0.0
2218,10.565412263636365,57.740262245454545,0.0
