,longitude,latitude,gravity,traffic,apartments,cinemas,clinics,colleges,communityCentres,conferenceCentres,dentists,eventsVenues,fastFoods,hospitals,hotels,leisureFitnessCentres,leisureStadiums,motorwayLinks,motorways,parkings,placesOfWorship,restaurants,shopMalls,shopSupermarkets,sportsCentres,sportsHalls,stadiums,substationMinorDistributions,theatres,universities
0,10.6484,55.5015,8342.56,467.199,0.0,0.0,0.0,0.0,375.359,0.0,0.0,0.0,0.0,0.0,0.0,0.0,0.0,0.0,0.0,0,4000.0,0.0,0.0,3500.0,0.0,0.0,0.0,0.0,0.0,0.0
1,8.83612,56.782,1314.26,0.0,0.0,0.0,0.0,0.0,0.0,0.0,0.0,975.662,132.23,0.0,0.0,0.0,0.0,0.0,23.8807,0,135.615,0.0,0.0,46.877,0.0,0.0,0.0,0.0,0.0,0.0
2,10.1824,57.0617,3500.0,0.0,0.0,0.0,0.0,0.0,0.0,0.0,0.0,0.0,0.0,0.0,0.0,0.0,0.0,0.0,0.0,0,0.0,0.0,0.0,3500.0,0.0,0.0,0.0,0.0,0.0,0.0
3,9.12968,55.1301,8190.66,32.0644,0.0,0.0,0.0,0.0,0.0,0.0,0.0,0.0,0.0,0.0,0.0,0.0,0.0,0.0,0.0,0,158.592,4500.0,0.0,3500.0,0.0,0.0,0.0,0.0,0.0,0.0
4,11.343,55.414,1109.43,0.0,87.6729,0.0,0.0,76.4412,0.0,0.0,0.0,52.9399,0.0,0.0,0.0,143.989,0.0,0.0,0.0,0,0.0,433.051,0.0,247.254,0.0,0.0,0.0,0.0,0.0,68.0789
5,9.53537,56.7399,4500.0,0.0,0.0,0.0,0.0,0.0,0.0,0.0,0.0,0.0,0.0,0.0,0.0,0.0,0.0,0.0,0.0,0,0.0,4500.0,0.0,0.0,0.0,0.0,0.0,0.0,0.0,0.0
6,9.91177,56.3591,4994.76,285.5,0.0,0.0,0.0,0.0,280.027,0.0,0.0,0.0,0.0,0.0,0.0,0.0,0.0,0.0,0.0,0,150.639,4123.05,0.0,155.546,0.0,0.0,0.0,0.0,0.0,0.0
7,11.8599,55.5921,11130.4,23.0155,249.397,231.638,244.641,0.0,0.0,0.0,0.0,0.0,0.0,0.0,0.0,645.287,0.0,0.0,0.0,0,679.546,2384.43,0.0,3847.71,0.0,0.0,0.0,2824.78,0.0,0.0
8,9.99036,57.2485,684.277,0.0,0.0,0.0,0.0,0.0,0.0,0.0,0.0,0.0,0.0,0.0,0.0,0.0,0.0,333.395,12.857,0,127.637,0.0,0.0,210.388,0.0,0.0,0.0,0.0,0.0,0.0
9,9.24193,56.9648,5267.47,0.0,71.6843,76.8525,0.0,0.0,0.0,0.0,119.286,0.0,0.0,0.0,0.0,0.0,0.0,0.0,0.0,0,150.841,4848.81,0.0,0.0,0.0,0.0,0.0,0.0,0.0,0.0
10,10.1824,57.0617,3500.0,0.0,0.0,0.0,0.0,0.0,0.0,0.0,0.0,0.0,0.0,0.0,0.0,0.0,0.0,0.0,0.0,0,0.0,0.0,0.0,3500.0,0.0,0.0,0.0,0.0,0.0,0.0
11,8.80521,56.3904,3947.33,0.057764,0.0,0.0,0.0,0.0,232.502,0.0,0.0,0.0,0.0,0.0,0.0,214.768,0.0,0.0,0.0,0,0.0,0.0,0.0,3500.0,0.0,0.0,0.0,0.0,0.0,0.0
12,11.296,55.488,15.419,15.419,0.0,0.0,0.0,0.0,0.0,0.0,0.0,0.0,0.0,0.0,0.0,0.0,0.0,0.0,0.0,0,0.0,0.0,0.0,0.0,0.0,0.0,0.0,0.0,0.0,0.0
13,10.1612,57.1524,4569.38,0.0,0.0,0.0,0.0,0.0,0.0,0.0,0.0,0.0,0.0,0.0,0.0,0.0,0.0,3991.72,577.657,0,0.0,0.0,0.0,0.0,0.0,0.0,0.0,0.0,0.0,0.0
14,9.36722,55.0655,8126.81,2.01766,0.0,0.0,0.0,0.0,0.0,0.0,0.0,0.0,713.225,0.0,0.0,0.0,0.0,3288.68,122.884,0,4000.0,0.0,0.0,0.0,0.0,0.0,0.0,0.0,0.0,0.0
15,9.79439,56.3915,4550.55,0.782257,0.0,0.0,0.0,0.0,0.0,0.0,156.143,0.0,0.0,0.0,0.0,0.0,0.0,0.0,0.0,0,63.286,0.0,0.0,4330.34,0.0,0.0,0.0,0.0,0.0,0.0
16,8.29872,56.1965,242.64,0.0,0.0,0.0,0.0,0.0,0.0,0.0,0.0,0.0,0.0,0.0,0.0,0.0,0.0,0.0,0.0,0,0.0,0.0,0.0,242.64,0.0,0.0,0.0,0.0,0.0,0.0
17,10.0641,56.4662,2965.02,0.0,2479.21,0.0,84.9555,0.0,0.0,0.0,0.0,0.0,0.0,0.0,0.0,0.0,0.0,0.0,0.0,0,86.6692,108.41,0.0,205.78,0.0,0.0,0.0,0.0,0.0,0.0
18,8.85901,56.0312,1816.62,0.0,750.002,0.0,0.0,0.0,384.64,0.0,407.262,0.0,0.0,0.0,201.007,0.0,0.0,0.0,0.0,0,0.0,0.0,0.0,73.7045,0.0,0.0,0.0,0.0,0.0,0.0
19,10.4105,54.8869,10660.3,0.0,3120.87,0.0,0.0,0.0,0.0,0.0,689.547,0.0,0.0,71.5441,533.38,0.0,0.0,0.0,0.0,0,1457.06,4538.97,0.0,118.194,130.776,0.0,0.0,0.0,0.0,0.0
20,11.9156,55.0071,10111.0,0.0,7564.0,0.0,0.0,0.0,791.551,0.0,0.0,0.0,0.0,124.17,0.0,158.906,32.5088,0.0,0.0,0,218.577,1073.78,0.0,109.964,0.0,0.0,0.0,0.0,37.4963,0.0
21,9.9104,55.2611,1079.54,0.39001,956.507,0.0,0.0,0.0,0.0,0.0,0.0,0.0,0.0,0.0,0.0,0.0,0.0,0.0,0.0,0,0.0,0.0,0.0,0.0,0.0,0.0,0.0,122.643,0.0,0.0
22,10.0632,56.264,12684.9,211.439,4000.0,0.0,0.0,0.0,0.0,0.0,0.0,0.0,0.0,0.0,0.0,0.0,220.008,0.0,0.0,0,0.0,2979.64,0.0,5273.76,0.0,0.0,0.0,0.0,0.0,0.0
23,10.0467,56.3267,9010.59,455.76,1104.72,884.038,0.0,0.0,1764.02,0.0,0.0,542.461,0.0,0.0,0.0,0.0,0.0,0.0,0.0,0,323.606,1650.33,0.0,2285.66,0.0,0.0,0.0,0.0,0.0,0.0
24,8.22163,56.7002,688.208,4.26568,196.012,0.0,0.0,0.0,0.0,0.0,0.0,0.0,0.0,0.0,0.0,0.0,0.0,0.0,0.0,0,0.0,417.231,0.0,70.6998,0.0,0.0,0.0,0.0,0.0,0.0
25,11.7901,55.2542,1893.23,0.0,0.0,0.0,0.0,0.0,0.0,0.0,0.0,0.0,537.53,0.0,0.0,0.0,0.0,0.0,22.7257,0,0.0,872.421,237.3,223.254,0.0,0.0,0.0,0.0,0.0,0.0
26,9.86709,56.2554,15680.2,132.959,856.329,1181.72,0.0,0.0,0.0,0.0,0.0,0.0,0.0,3132.74,0.0,0.0,0.0,0.0,0.0,0,593.878,0.0,6000.0,3782.6,0.0,0.0,0.0,0.0,0.0,0.0
27,9.76432,56.1476,6268.38,14.8665,0.0,0.0,0.0,0.0,0.0,0.0,0.0,0.0,0.0,0.0,0.0,0.0,0.0,3957.28,2296.24,0,0.0,0.0,0.0,0.0,0.0,0.0,0.0,0.0,0.0,0.0
28,11.8716,54.8991,2861.28,0.0,0.0,0.0,0.0,0.0,0.0,0.0,0.0,0.0,0.0,0.0,0.0,0.0,0.0,0.0,0.0,0,2436.26,0.0,0.0,425.012,0.0,0.0,0.0,0.0,0.0,0.0
29,9.93721,57.2226,1805.2,0.0,0.0,0.0,0.0,0.0,0.0,0.0,0.0,0.0,0.0,0.0,0.0,0.0,0.0,1455.86,349.34,0,0.0,0.0,0.0,0.0,0.0,0.0,0.0,0.0,0.0,0.0
30,11.7995,55.2742,160.271,0.0,0.0,0.0,0.0,0.0,0.0,0.0,0.0,0.0,0.0,0.0,0.0,0.0,0.0,0.0,5.39297,0,56.479,0.0,0.0,98.3995,0.0,0.0,0.0,0.0,0.0,0.0
31,9.76695,56.1497,6814.99,89.9532,0.0,0.0,0.0,0.0,0.0,0.0,0.0,0.0,0.0,0.0,0.0,0.0,0.0,4795.89,1929.14,0,0.0,0.0,0.0,0.0,0.0,0.0,0.0,0.0,0.0,0.0
32,11.789,55.4508,17079.8,16.9835,40.6655,439.012,0.0,0.0,0.0,1280.77,0.0,0.0,3401.68,2127.79,0.0,234.68,0.0,629.963,3.19789,0,170.25,3454.21,1545.1,3735.52,0.0,0.0,0.0,0.0,0.0,0.0
33,9.47472,55.2597,1607.93,89.8628,929.906,0.0,0.0,91.7573,60.0441,0.0,0.0,0.0,121.277,0.0,0.0,0.0,0.0,0.0,0.0,0,98.1062,0.0,0.0,114.701,0.0,0.0,56.9973,0.0,45.2824,0.0
34,9.00497,56.0397,1950.62,0.0,0.0,0.0,0.0,0.0,0.0,0.0,0.0,0.0,0.0,0.0,0.0,0.0,0.0,1805.66,144.96,0,0.0,0.0,0.0,0.0,0.0,0.0,0.0,0.0,0.0,0.0
35,10.0659,56.1752,16291.2,0.479338,0.0,0.0,0.0,0.0,0.0,0.0,0.0,0.0,0.0,0.0,0.0,0.0,0.0,12753.5,3537.2,0,0.0,0.0,0.0,0.0,0.0,0.0,0.0,0.0,0.0,0.0
36,9.40002,55.5141,7060.68,109.477,0.0,0.0,0.0,0.0,0.0,0.0,0.0,0.0,0.0,0.0,0.0,0.0,0.0,6941.92,9.28368,0,0.0,0.0,0.0,0.0,0.0,0.0,0.0,0.0,0.0,0.0
37,10.5062,56.381,5253.34,0.0,0.0,0.0,0.0,0.0,0.0,0.0,4000.0,0.0,0.0,0.0,0.0,0.0,0.0,0.0,0.0,0,0.0,1130.38,0.0,46.1508,0.0,76.8146,0.0,0.0,0.0,0.0
38,9.0001,56.038,2123.15,0.0,0.0,0.0,0.0,0.0,0.0,0.0,0.0,0.0,0.0,0.0,0.0,0.0,0.0,2045.3,77.8455,0,0.0,0.0,0.0,0.0,0.0,0.0,0.0,0.0,0.0,0.0
39,9.94186,57.222,2010.3,0.0,0.0,0.0,0.0,0.0,0.0,0.0,0.0,0.0,0.0,0.0,0.0,0.0,0.0,1529.8,480.493,0,0.0,0.0,0.0,0.0,0.0,0.0,0.0,0.0,0.0,0.0
40,11.5743,55.8492,1268.76,35.2276,0.0,197.82,250.039,0.0,307.907,0.0,0.0,62.0902,0.0,0.0,0.0,0.0,0.0,0.0,4.88754,0,104.531,219.496,0.0,86.7636,0.0,0.0,0.0,0.0,0.0,0.0
41,9.39401,55.512,8729.86,13.4873,0.0,0.0,0.0,0.0,0.0,0.0,0.0,0.0,0.0,0.0,0.0,0.0,0.0,8711.43,4.94887,0,0.0,0.0,0.0,0.0,0.0,0.0,0.0,0.0,0.0,0.0
42,10.1852,56.1269,1731.22,23.3804,371.323,0.0,0.0,0.0,370.812,0.0,0.0,0.0,0.0,0.0,0.0,53.7671,29.1319,0.0,0.0,0,525.459,138.361,0.0,132.541,0.0,86.4483,0.0,0.0,0.0,0.0
43,8.32584,55.6139,913.152,0.0,0.0,0.0,0.0,0.0,0.0,0.0,0.0,0.0,0.0,0.0,193.054,0.0,0.0,0.0,0.0,0,383.348,187.566,0.0,149.184,0.0,0.0,0.0,0.0,0.0,0.0
44,8.60822,57.1155,5706.6,0.717763,550.712,0.0,0.0,0.0,0.0,0.0,0.0,151.962,0.0,0.0,95.4304,0.0,0.0,0.0,0.0,0,114.533,4202.17,0.0,591.074,0.0,0.0,0.0,0.0,0.0,0.0
45,10.6563,55.4602,658.538,6.50662,0.0,0.0,0.0,0.0,0.0,0.0,0.0,0.0,0.0,0.0,0.0,0.0,0.0,0.0,0.0,0,0.0,113.141,0.0,538.89,0.0,0.0,0.0,0.0,0.0,0.0
46,9.96601,57.5921,2430.45,14.1048,1192.3,0.0,0.0,0.0,0.0,0.0,0.0,0.0,0.0,0.0,0.0,0.0,0.0,0.0,0.0,0,456.601,395.912,0.0,371.535,0.0,0.0,0.0,0.0,0.0,0.0
47,9.48366,55.3608,463.697,28.7152,113.398,0.0,0.0,0.0,0.0,0.0,0.0,0.0,0.0,0.0,0.0,0.0,0.0,0.0,0.0,0,143.599,0.0,0.0,177.985,0.0,0.0,0.0,0.0,0.0,0.0
48,9.51789,56.2008,9142.7,2.04962,114.839,0.0,0.0,0.0,0.0,0.0,0.0,0.0,0.0,0.0,0.0,0.0,0.0,8581.6,335.086,0,109.13,0.0,0.0,0.0,0.0,0.0,0.0,0.0,0.0,0.0
49,10.3397,55.4103,14656.3,35.9605,1208.83,0.0,443.667,0.0,0.0,0.0,0.0,0.0,2173.85,0.0,0.0,275.018,0.0,0.0,0.0,0,0.0,2478.04,4517.84,3523.07,0.0,0.0,0.0,0.0,0.0,0.0
50,12.2293,55.5609,12613.8,0.0,0.0,0.0,0.0,0.0,0.0,0.0,0.0,0.0,4009.81,0.0,90.5909,0.0,0.0,5252.41,3170.4,0,0.0,90.5909,0.0,0.0,0.0,0.0,0.0,0.0,0.0,0.0
51,12.6054,55.6211,1892.48,9.15526,420.805,0.0,0.0,313.501,0.0,0.0,0.0,177.146,0.0,0.0,0.0,0.0,0.0,227.931,15.0156,0,65.9195,130.939,0.0,147.953,0.0,0.0,0.0,384.112,0.0,0.0
52,9.32942,54.8262,3965.35,0.0,0.0,0.0,0.0,0.0,0.0,0.0,0.0,0.0,0.0,0.0,0.0,0.0,0.0,3660.65,304.699,0,0.0,0.0,0.0,0.0,0.0,0.0,0.0,0.0,0.0,0.0
53,12.4889,55.7654,13920.1,11.0649,7874.45,0.0,108.361,0.0,0.0,0.0,0.0,0.0,0.0,0.0,0.0,0.0,0.0,0.0,12.7992,0,214.41,97.2906,0.0,3566.89,0.0,235.326,0.0,1799.52,0.0,0.0
54,11.9003,55.7084,7029.73,0.0,0.0,0.0,0.0,0.0,0.0,0.0,0.0,0.0,0.0,0.0,0.0,0.0,0.0,0.0,0.0,0,49.3647,0.0,0.0,6222.49,0.0,0.0,0.0,757.877,0.0,0.0
55,9.13578,55.7314,7744.73,0.0,0.0,0.0,0.0,0.0,120.892,0.0,0.0,48.8326,0.0,0.0,1627.76,0.0,0.0,0.0,3.2969,0,0.0,5800.29,0.0,0.0,0.0,0.0,0.0,0.0,143.656,0.0
56,10.2372,56.2307,6245.13,1.04697,720.997,0.0,0.0,0.0,120.028,0.0,0.0,345.722,213.413,0.0,0.0,0.0,0.0,343.671,23.8208,0,281.841,119.14,0.0,4075.45,0.0,0.0,0.0,0.0,0.0,0.0
57,10.1775,56.1372,2793.57,4.61144,632.872,0.0,64.8873,0.0,96.1653,0.0,0.0,0.0,0.0,0.0,0.0,1227.53,0.0,0.0,14.4936,0,307.211,56.2751,0.0,389.52,0.0,0.0,0.0,0.0,0.0,0.0
58,12.1864,55.4824,1854.5,569.222,0.0,0.0,0.0,0.0,0.0,0.0,0.0,0.0,907.449,0.0,0.0,157.722,0.0,0.0,15.7098,0,105.374,0.0,0.0,99.0266,0.0,0.0,0.0,0.0,0.0,0.0
59,10.0654,56.1781,11534.4,0.363736,0.0,0.0,0.0,0.0,0.0,0.0,0.0,0.0,0.0,0.0,0.0,0.0,0.0,7996.8,3537.2,0,0.0,0.0,0.0,0.0,0.0,0.0,0.0,0.0,0.0,0.0
60,10.0311,56.4707,12762.8,0.0,7279.22,44.3155,83.5571,0.0,112.099,0.0,0.0,94.2325,0.0,129.478,0.0,95.4236,0.0,0.0,0.0,0,256.669,177.011,0.0,4327.0,0.0,0.0,0.0,0.0,163.78,0.0
61,10.0242,57.1,3515.48,0.271356,0.0,0.0,0.0,0.0,0.0,0.0,0.0,0.0,0.0,0.0,116.016,0.0,0.0,2401.97,38.0434,0,98.4116,118.682,0.0,742.08,0.0,0.0,0.0,0.0,0.0,0.0
62,9.90815,57.0339,15874.1,27.5148,7702.94,0.0,0.0,2134.25,0.0,0.0,0.0,52.3848,0.0,143.58,0.0,0.0,0.0,0.0,4.12006,0,0.0,50.2693,0.0,5582.57,0.0,0.0,0.0,0.0,71.477,104.954
63,9.09573,55.7359,372.631,0.0,236.125,0.0,0.0,0.0,0.0,0.0,42.6895,0.0,0.0,0.0,0.0,0.0,0.0,0.0,47.4376,0,0.0,0.0,0.0,46.3795,0.0,0.0,0.0,0.0,0.0,0.0
64,9.5784,56.1858,15075.1,2.68507,0.0,0.0,47.6099,0.0,0.0,0.0,0.0,0.0,0.0,0.0,0.0,0.0,370.742,13938.6,29.9967,0,0.0,0.0,0.0,685.494,0.0,0.0,0.0,0.0,0.0,0.0
65,12.2314,55.5607,15306.0,0.0,0.0,0.0,0.0,0.0,58.4717,0.0,0.0,0.0,7500.0,0.0,68.4697,0.0,0.0,4440.16,3170.4,0,0.0,68.4697,0.0,0.0,0.0,0.0,0.0,0.0,0.0,0.0
66,11.6519,55.7006,1729.2,3.72882,0.0,0.0,0.0,0.0,0.0,0.0,0.0,0.0,0.0,0.0,0.0,0.0,0.0,1585.76,139.704,0,0.0,0.0,0.0,0.0,0.0,0.0,0.0,0.0,0.0,0.0
67,9.64665,55.7945,421.533,221.999,0.0,0.0,0.0,0.0,0.0,0.0,0.0,0.0,0.0,0.0,0.0,0.0,0.0,0.0,11.1401,0,188.394,0.0,0.0,0.0,0.0,0.0,0.0,0.0,0.0,0.0
68,8.38584,55.4383,3848.31,0.0,0.0,0.0,0.0,0.0,0.0,0.0,0.0,0.0,0.0,0.0,0.0,0.0,0.0,0.0,0.0,0,67.4529,258.041,0.0,3522.81,0.0,0.0,0.0,0.0,0.0,0.0
69,9.37451,54.9369,976.556,21.5384,0.0,0.0,0.0,0.0,0.0,0.0,0.0,0.0,348.521,0.0,0.0,0.0,0.0,551.458,55.0381,0,0.0,0.0,0.0,0.0,0.0,0.0,0.0,0.0,0.0,0.0
70,8.58381,56.4869,14347.1,0.0,429.783,108.837,53.7182,0.0,62.5037,0.0,0.0,0.0,7500.0,0.0,0.0,0.0,33.6098,0.0,0.0,0,135.025,101.706,0.0,5921.91,0.0,0.0,0.0,0.0,0.0,0.0
71,8.58928,55.5246,1517.75,10.4558,0.0,0.0,0.0,0.0,0.0,0.0,0.0,0.0,0.0,0.0,0.0,0.0,0.0,1492.43,14.8637,0,0.0,0.0,0.0,0.0,0.0,0.0,0.0,0.0,0.0,0.0
72,8.30279,56.5497,7286.2,0.710518,2171.4,126.537,0.0,0.0,214.474,73.8244,0.0,0.0,0.0,67.2629,0.0,0.0,0.0,0.0,0.0,0,1670.5,2742.64,0.0,218.866,0.0,0.0,0.0,0.0,0.0,0.0
73,9.74208,56.8436,4277.34,0.0,0.0,0.0,0.0,0.0,0.0,0.0,0.0,0.0,0.0,0.0,0.0,0.0,0.0,3777.13,500.209,0,0.0,0.0,0.0,0.0,0.0,0.0,0.0,0.0,0.0,0.0
74,9.99505,57.4565,14574.4,185.215,1668.7,0.0,0.0,0.0,217.584,0.0,3998.42,0.0,556.523,85.834,0.0,106.542,406.695,0.0,0.0,0,565.548,3150.17,834.613,2445.22,0.0,0.0,0.0,0.0,193.57,159.774
75,9.90386,57.0224,7492.54,6.32032,6308.85,0.0,0.0,0.0,0.0,0.0,0.0,0.0,0.0,0.0,0.0,0.0,0.0,0.0,6.40892,0,318.508,730.058,0.0,122.39,0.0,0.0,0.0,0.0,0.0,0.0
76,8.96735,56.1567,467.042,15.9239,40.3309,0.0,364.13,0.0,0.0,0.0,0.0,0.0,0.0,0.0,0.0,0.0,0.0,0.0,0.0,0,46.6571,0.0,0.0,0.0,0.0,0.0,0.0,0.0,0.0,0.0
77,11.5153,54.7765,4699.67,0.0,447.026,0.0,0.0,0.0,0.0,0.0,0.0,52.4964,0.0,0.0,0.0,0.0,197.03,0.0,8.98828,0,304.788,136.167,0.0,3553.17,0.0,0.0,0.0,0.0,0.0,0.0
78,8.49344,55.6105,6989.77,0.0,44.764,0.0,0.0,0.0,0.0,0.0,0.0,0.0,140.07,39.685,0.0,3060.89,0.0,0.0,17.2117,0,0.0,0.0,119.411,3567.74,0.0,0.0,0.0,0.0,0.0,0.0
79,11.6567,55.7018,3519.18,2.90005,0.0,0.0,0.0,0.0,0.0,0.0,0.0,0.0,0.0,0.0,0.0,0.0,0.0,2310.77,1120.37,0,0.0,0.0,0.0,85.1411,0.0,0.0,0.0,0.0,0.0,0.0
80,12.1732,55.4465,10057.6,22.579,9240.65,0.0,0.0,0.0,56.1705,0.0,0.0,0.0,0.0,0.0,0.0,202.68,0.0,0.0,0.0,0,97.5279,90.6985,0.0,267.594,0.0,0.0,0.0,0.0,79.6965,0.0
81,11.5965,55.4554,2024.26,0.204431,0.0,0.0,0.0,0.0,0.0,0.0,0.0,0.0,0.0,0.0,0.0,0.0,0.0,1912.28,111.772,0,0.0,0.0,0.0,0.0,0.0,0.0,0.0,0.0,0.0,0.0
82,11.9875,54.9484,1581.98,0.0,0.0,0.0,0.0,0.0,0.0,0.0,0.0,0.0,0.0,0.0,0.0,0.0,0.0,1459.91,122.066,0,0.0,0.0,0.0,0.0,0.0,0.0,0.0,0.0,0.0,0.0
83,10.4123,57.5925,12093.1,1005.0,0.0,0.0,0.0,0.0,0.0,0.0,0.0,0.0,0.0,0.0,0.0,0.0,0.0,0.0,0.0,0,109.142,5356.06,0.0,5622.86,0.0,0.0,0.0,0.0,0.0,0.0
84,8.85353,56.7931,8212.97,0.0,0.0,183.168,0.0,0.0,0.0,0.0,0.0,53.414,0.0,0.0,0.0,0.0,0.0,0.0,0.0,0,1628.06,334.772,0.0,5803.86,0.0,209.703,0.0,0.0,0.0,0.0
85,11.6072,55.4552,2006.8,11.4033,0.0,0.0,0.0,0.0,0.0,0.0,0.0,0.0,0.0,0.0,0.0,0.0,0.0,1982.25,13.1451,0,0.0,0.0,0.0,0.0,0.0,0.0,0.0,0.0,0.0,0.0
86,12.5732,55.6685,13249.6,5.58978,717.19,118.864,311.871,113.181,836.482,0.0,156.307,944.141,350.657,0.0,685.832,259.503,0.0,0.0,0.0,0,244.771,5462.22,0.0,424.982,158.063,0.0,0.0,2229.05,230.911,0.0
87,9.33313,54.8323,2410.5,0.0,0.0,0.0,0.0,0.0,0.0,0.0,0.0,0.0,0.0,0.0,0.0,0.0,0.0,2201.88,110.508,0,0.0,98.1061,0.0,0.0,0.0,0.0,0.0,0.0,0.0,0.0
88,9.56324,56.1868,5199.53,29.615,414.834,0.0,3501.58,0.0,0.0,0.0,0.0,0.0,0.0,0.0,0.0,741.46,40.324,211.447,10.0245,0,89.4561,50.3912,0.0,110.396,0.0,0.0,0.0,0.0,0.0,0.0
89,8.49555,55.1464,7467.97,33.8327,0.0,0.0,0.0,0.0,0.0,0.0,0.0,0.0,0.0,0.0,69.2492,0.0,0.0,0.0,0.0,0,0.0,6086.21,0.0,1278.68,0.0,0.0,0.0,0.0,0.0,0.0
90,12.5931,55.7013,12941.9,0.0,2564.49,77.052,86.898,0.0,190.457,52.9323,0.0,0.0,373.936,0.0,0.0,256.637,0.0,0.0,3.81082,0,418.352,2414.29,118.095,390.368,354.294,0.0,0.0,5640.26,0.0,0.0
91,11.1382,54.829,9795.04,0.0,0.0,0.0,0.0,0.0,0.0,0.0,0.0,0.0,0.0,72.2718,0.0,96.5588,0.0,0.0,0.0,0,686.859,4503.51,0.0,4384.46,0.0,0.0,0.0,0.0,51.3875,0.0
92,9.9585,57.588,8039.16,52.2559,1539.01,0.0,0.0,0.0,0.0,0.0,0.0,0.0,0.0,0.0,0.0,0.0,0.0,0.0,0.0,0,667.494,5114.43,0.0,665.967,0.0,0.0,0.0,0.0,0.0,0.0
93,9.7435,56.8413,2455.22,0.0,0.0,0.0,0.0,0.0,0.0,0.0,0.0,0.0,0.0,0.0,0.0,0.0,0.0,1881.78,573.432,0,0.0,0.0,0.0,0.0,0.0,0.0,0.0,0.0,0.0,0.0
94,12.0003,54.9981,8781.67,0.0,0.0,0.0,0.0,0.0,0.0,0.0,0.0,0.0,7500.0,0.0,0.0,0.0,0.0,1281.67,0.0,0,0.0,0.0,0.0,0.0,0.0,0.0,0.0,0.0,0.0,0.0
95,9.12764,55.7337,15747.6,0.0,143.378,0.0,0.0,0.0,2981.88,0.0,42.0285,0.0,0.0,0.0,5517.56,0.0,0.0,0.0,5.38357,0,78.2135,2629.71,0.0,71.3738,0.0,0.0,0.0,0.0,4278.04,0.0
96,10.189,55.3933,2979.37,144.985,0.0,0.0,0.0,0.0,0.0,0.0,0.0,0.0,0.0,0.0,0.0,0.0,0.0,2275.79,483.942,0,0.0,0.0,0.0,74.6516,0.0,0.0,0.0,0.0,0.0,0.0
97,9.6606,56.1778,108.952,0.0,0.0,0.0,0.0,0.0,108.952,0.0,0.0,0.0,0.0,0.0,0.0,0.0,0.0,0.0,0.0,0,0.0,0.0,0.0,0.0,0.0,0.0,0.0,0.0,0.0,0.0
98,9.44927,56.4539,4987.81,2.74796,0.0,0.0,0.0,0.0,0.0,0.0,0.0,0.0,2195.51,0.0,0.0,0.0,0.0,0.0,0.0,0,357.191,0.0,0.0,2432.36,0.0,0.0,0.0,0.0,0.0,0.0
99,11.7995,55.4602,2837.56,7.05477,0.0,0.0,0.0,0.0,0.0,0.0,0.0,0.0,0.0,0.0,0.0,0.0,0.0,428.339,3.92781,0,616.171,111.027,0.0,1671.04,0.0,0.0,0.0,0.0,0.0,0.0
100,9.46446,55.5264,8451.87,35.6654,0.0,0.0,0.0,0.0,0.0,0.0,3848.44,205.005,0.0,0.0,95.9128,96.3374,246.623,2548.53,146.523,0,50.1207,739.567,0.0,275.149,0.0,0.0,0.0,164.008,0.0,0.0
101,12.5867,56.026,9174.07,64.7025,1123.01,977.516,0.0,0.0,164.159,0.0,0.0,1034.0,2860.32,0.0,0.0,2404.27,0.0,0.0,0.0,0,159.485,156.735,0.0,172.533,0.0,57.3405,0.0,0.0,0.0,0.0
102,12.3714,55.818,10417.6,153.631,1596.18,96.9863,341.935,0.0,0.0,0.0,0.0,0.0,146.793,0.0,0.0,2923.63,0.0,290.661,147.545,0,772.091,183.901,135.141,193.27,0.0,0.0,0.0,3435.88,0.0,0.0
103,11.1418,54.8298,11328.1,0.0,0.0,0.0,0.0,0.0,0.0,0.0,0.0,0.0,0.0,155.267,0.0,68.0776,0.0,0.0,0.0,0,457.956,4159.27,0.0,6426.56,0.0,0.0,0.0,0.0,60.934,0.0
104,11.9592,55.0807,7246.01,0.0,0.0,0.0,0.0,0.0,0.0,0.0,0.0,0.0,0.0,0.0,0.0,0.0,0.0,2516.22,185.154,0,44.6327,4500.0,0.0,0.0,0.0,0.0,0.0,0.0,0.0,0.0
105,10.1581,57.1543,2715.74,0.0,0.0,0.0,0.0,0.0,0.0,0.0,0.0,0.0,0.0,0.0,0.0,0.0,0.0,2305.88,409.863,0,0.0,0.0,0.0,0.0,0.0,0.0,0.0,0.0,0.0,0.0
106,9.46834,55.3601,4556.99,4.10797,0.0,0.0,0.0,0.0,0.0,0.0,0.0,0.0,0.0,0.0,0.0,0.0,0.0,0.0,7.19473,0,45.6905,4500.0,0.0,0.0,0.0,0.0,0.0,0.0,0.0,0.0
107,12.4962,55.8895,4411.88,2.23702,847.946,41.1527,0.0,0.0,0.0,0.0,0.0,0.0,167.815,0.0,0.0,0.0,0.0,0.0,7.70451,0,0.0,506.692,1377.45,978.664,0.0,0.0,0.0,482.228,0.0,0.0
108,10.6085,55.0601,36784.2,9.86884,7314.5,4000.0,0.0,133.654,924.12,0.0,696.721,315.508,356.932,279.051,0.0,353.524,0.0,0.0,0.0,0,5169.9,6528.26,1121.79,2323.15,0.0,0.0,0.0,1423.64,5622.86,210.719
109,8.43581,55.473,12520.3,29.4673,2667.0,0.0,836.684,93.9212,139.68,0.0,1319.37,0.0,0.0,0.0,0.0,2748.59,0.0,0.0,0.0,0,212.614,487.402,0.0,3985.56,0.0,0.0,0.0,0.0,0.0,0.0
110,12.5687,56.0203,5780.16,48.087,255.497,0.0,0.0,0.0,78.038,0.0,0.0,0.0,0.0,2793.85,0.0,47.4431,0.0,0.0,0.0,0,97.3731,0.0,0.0,2254.48,0.0,205.397,0.0,0.0,0.0,0.0
111,8.62004,56.3775,13020.7,23.5042,350.894,0.0,91.5561,0.0,0.0,0.0,0.0,0.0,7550.52,0.0,0.0,0.0,0.0,0.0,7.28547,0,0.0,541.082,852.72,3509.91,0.0,0.0,0.0,0.0,0.0,93.246
112,9.11285,55.7293,12638.6,0.0,1093.06,0.0,0.0,0.0,0.0,0.0,1301.78,0.0,0.0,0.0,0.0,0.0,0.0,0.0,4.5589,0,343.525,5985.86,0.0,3850.5,0.0,0.0,0.0,0.0,59.2938,0.0
113,9.55807,55.6421,1889.61,0.407083,0.0,0.0,0.0,0.0,0.0,0.0,0.0,0.0,0.0,0.0,0.0,0.0,0.0,1884.03,5.1807,0,0.0,0.0,0.0,0.0,0.0,0.0,0.0,0.0,0.0,0.0
114,8.88761,57.0482,0.0,0.0,0.0,0.0,0.0,0.0,0.0,0.0,0.0,0.0,0.0,0.0,0.0,0.0,0.0,0.0,0.0,0,0.0,0.0,0.0,0.0,0.0,0.0,0.0,0.0,0.0,0.0
115,12.4962,55.8895,4411.88,2.23702,847.946,41.1527,0.0,0.0,0.0,0.0,0.0,0.0,167.815,0.0,0.0,0.0,0.0,0.0,7.70451,0,0.0,506.692,1377.45,978.664,0.0,0.0,0.0,482.228,0.0,0.0
116,12.5606,55.7126,28997.0,29.4757,8828.43,0.0,0.0,72.2308,189.133,0.0,4095.38,0.0,235.555,157.979,0.0,724.504,0.0,5357.64,204.768,0,406.495,864.827,0.0,4371.89,142.177,75.9518,0.0,3193.3,0.0,47.2544
117,9.10298,55.7352,2424.29,0.0,1705.4,0.0,0.0,0.0,0.0,0.0,187.031,0.0,0.0,0.0,0.0,0.0,0.0,0.0,21.6183,0,0.0,217.742,0.0,226.967,0.0,0.0,0.0,0.0,65.5352,0.0
118,10.2539,55.0933,5521.65,0.0,550.853,0.0,182.485,0.0,0.0,0.0,0.0,58.9464,0.0,0.0,0.0,0.0,0.0,0.0,0.0,0,105.579,232.361,0.0,3783.57,0.0,0.0,0.0,500.657,107.191,0.0
119,8.41757,56.7515,12898.2,7.94584,629.977,0.0,0.0,0.0,0.0,0.0,4000.0,0.0,0.0,0.0,4500.0,0.0,0.0,0.0,0.0,0,163.352,0.0,0.0,3596.9,0.0,0.0,0.0,0.0,0.0,0.0
120,12.3766,55.7835,25912.0,0.0,4950.36,583.829,0.0,0.0,142.604,0.0,1120.61,58.1225,0.0,0.0,0.0,49.7569,0.0,0.0,70.0698,0,0.0,6383.68,1115.32,4702.57,0.0,3852.17,0.0,2550.96,331.944,0.0
121,12.2154,55.5457,18117.8,0.0,222.359,105.724,0.0,0.0,0.0,0.0,0.0,0.0,7500.0,0.0,0.0,0.0,0.0,10042.8,246.909,0,0.0,0.0,0.0,0.0,0.0,0.0,0.0,0.0,0.0,0.0
122,9.54919,54.8911,4746.39,0.0,0.0,0.0,0.0,0.0,0.0,0.0,0.0,172.237,0.0,0.0,0.0,0.0,0.0,0.0,0.0,0,0.0,4500.0,0.0,74.156,0.0,0.0,0.0,0.0,0.0,0.0
123,10.523,57.4177,1705.25,7.89559,154.291,0.0,0.0,0.0,0.0,0.0,0.0,0.0,0.0,0.0,1322.9,0.0,0.0,0.0,0.0,0,100.249,119.908,0.0,0.0,0.0,0.0,0.0,0.0,0.0,0.0
124,12.0971,55.6261,6420.13,108.838,180.395,0.0,0.0,0.0,0.0,0.0,0.0,0.0,696.786,0.0,0.0,0.0,0.0,1591.62,137.475,0,252.358,255.24,0.0,392.236,0.0,0.0,0.0,2757.8,47.3723,0.0
125,9.56305,55.6404,1769.28,0.635314,0.0,0.0,0.0,0.0,0.0,0.0,0.0,0.0,0.0,0.0,0.0,0.0,0.0,1761.08,7.56335,0,0.0,0.0,0.0,0.0,0.0,0.0,0.0,0.0,0.0,0.0
126,11.133,54.8322,9643.2,0.0,0.0,0.0,0.0,0.0,0.0,0.0,0.0,0.0,0.0,50.2897,0.0,1201.85,0.0,0.0,0.0,0,4888.54,2611.87,0.0,788.495,0.0,0.0,0.0,0.0,102.154,0.0
127,9.90437,57.0222,8601.82,6.50317,7385.85,0.0,0.0,0.0,0.0,0.0,0.0,0.0,0.0,0.0,0.0,0.0,0.0,0.0,6.7518,0,286.029,802.701,0.0,113.98,0.0,0.0,0.0,0.0,0.0,0.0
128,8.44543,55.4657,18551.8,204.086,4280.77,82.2809,1039.4,0.0,1421.94,0.0,528.139,69.5248,544.499,111.463,353.785,2136.27,0.0,0.0,0.0,0,1066.32,5597.23,334.392,221.425,0.0,0.0,0.0,0.0,560.226,0.0
129,11.8308,55.6397,799.935,0.67477,0.0,0.0,0.0,0.0,0.0,0.0,0.0,0.0,0.0,0.0,0.0,0.0,0.0,677.593,50.8524,0,0.0,70.8154,0.0,0.0,0.0,0.0,0.0,0.0,0.0,0.0
130,11.9571,55.1694,13036.5,0.0,0.0,0.0,0.0,0.0,0.0,0.0,0.0,0.0,0.0,0.0,0.0,0.0,0.0,12982.1,54.3407,0,0.0,0.0,0.0,0.0,0.0,0.0,0.0,0.0,0.0,0.0
131,11.7271,55.6978,3365.87,0.0,0.0,0.0,0.0,0.0,118.759,0.0,0.0,1050.73,0.0,0.0,0.0,0.0,0.0,0.0,0.0,0,42.4254,0.0,0.0,2153.96,0.0,0.0,0.0,0.0,0.0,0.0
132,10.6042,55.0587,31234.9,5.48113,8686.46,658.456,0.0,310.469,5097.31,0.0,785.432,3506.28,670.596,497.893,0.0,288.983,0.0,0.0,0.0,0,946.412,3140.69,3649.09,1040.01,0.0,0.0,0.0,1097.53,497.23,356.539
133,10.002,56.4489,12773.3,0.0,0.0,0.0,0.0,0.0,0.0,0.0,0.0,0.0,0.0,0.0,0.0,0.0,0.0,11363.9,1409.39,0,0.0,0.0,0.0,0.0,0.0,0.0,0.0,0.0,0.0,0.0
134,12.557,55.6981,15160.7,6.16286,3975.1,85.1572,45.3444,5189.36,511.312,0.0,197.49,134.243,145.684,142.782,0.0,433.59,0.0,0.0,6.15927,0,449.955,578.247,0.0,1340.98,194.695,0.0,0.0,1429.41,0.0,295.001
135,10.1966,56.1729,11572.1,10.0388,9331.5,0.0,0.0,0.0,233.867,0.0,98.8765,0.0,283.358,0.0,0.0,411.172,0.0,0.0,0.0,0,219.048,190.953,306.39,269.092,0.0,0.0,0.0,0.0,217.843,0.0
136,12.2146,55.5345,14027.8,0.0,7932.72,81.9299,0.0,0.0,0.0,0.0,0.0,0.0,0.0,0.0,0.0,213.167,0.0,0.0,35.6275,0,167.694,2655.02,0.0,2941.69,0.0,0.0,0.0,0.0,0.0,0.0
137,12.5747,55.7026,33663.4,4.18702,9300.52,1029.57,730.066,53.3845,557.536,0.0,434.471,4564.49,1390.72,49.4159,0.0,1719.07,1866.31,0.0,5.15082,0,2318.87,2451.08,0.0,1468.53,1048.4,2409.87,0.0,1802.65,459.081,0.0
138,9.99933,56.4495,14966.2,0.0,0.0,0.0,0.0,0.0,0.0,0.0,0.0,0.0,0.0,0.0,0.0,0.0,0.0,13556.8,1409.39,0,0.0,0.0,0.0,0.0,0.0,0.0,0.0,0.0,0.0,0.0
139,9.50718,56.7976,1049.51,0.0,241.73,47.8296,0.0,0.0,0.0,0.0,0.0,165.989,0.0,0.0,0.0,99.2105,89.947,0.0,0.0,0,97.0647,129.452,0.0,178.285,0.0,0.0,0.0,0.0,0.0,0.0
140,8.7646,55.3304,20546.3,8.99377,8160.13,0.0,0.0,196.617,369.068,0.0,0.0,753.083,0.0,0.0,0.0,85.4035,0.0,0.0,0.0,0,368.645,9185.41,130.82,1009.9,76.2767,0.0,0.0,0.0,201.98,0.0
141,8.49311,55.4783,12166.8,32.4041,3122.1,0.0,0.0,98.0022,1427.17,0.0,60.2855,0.0,1956.92,0.0,0.0,164.311,0.0,0.0,21.528,0,83.2334,92.2289,0.0,2229.71,0.0,234.603,0.0,2500.0,0.0,144.26
142,10.5393,57.4441,21118.4,0.553617,6862.94,1825.67,0.0,0.0,0.0,0.0,0.0,420.87,6861.59,0.0,218.625,0.0,0.0,0.0,0.0,0,4180.11,381.851,0.0,249.368,0.0,0.0,0.0,0.0,116.78,0.0
143,9.96749,57.0204,5445.58,0.0,616.81,0.0,45.2309,0.0,0.0,0.0,0.0,81.1852,0.0,41.6602,1325.09,0.0,0.0,1593.26,82.855,0,0.0,1548.07,0.0,0.0,0.0,0.0,0.0,0.0,0.0,111.409
144,12.1624,55.4886,25096.6,99.9443,0.0,0.0,0.0,705.34,0.0,0.0,0.0,0.0,7500.0,0.0,0.0,0.0,0.0,16259.0,532.32,0,0.0,0.0,0.0,0.0,0.0,0.0,0.0,0.0,0.0,0.0
145,11.7862,55.4533,21147.1,12.0559,0.0,3191.59,0.0,0.0,0.0,185.721,0.0,0.0,3847.22,172.241,0.0,83.7167,0.0,1683.34,4.22115,0,78.6353,3354.91,6374.2,2159.21,0.0,0.0,0.0,0.0,0.0,0.0
146,8.6067,56.4804,178.329,0.0,0.0,0.0,0.0,0.0,0.0,0.0,0.0,0.0,0.0,0.0,0.0,0.0,0.0,0.0,0.0,0,139.804,0.0,0.0,38.5247,0.0,0.0,0.0,0.0,0.0,0.0
147,11.8505,55.9621,23596.1,242.655,255.659,4000.0,5546.37,0.0,861.834,0.0,161.083,227.373,0.0,0.0,0.0,1017.42,0.0,0.0,0.0,0,0.0,7465.36,0.0,3818.32,0.0,0.0,0.0,0.0,0.0,0.0
148,10.1248,56.1816,25835.2,1.59275,72.1455,0.0,0.0,0.0,0.0,0.0,0.0,0.0,15461.3,0.0,0.0,4500.0,0.0,0.0,0.0,0,902.433,4500.0,62.5947,266.226,0.0,0.0,0.0,68.8968,0.0,0.0
149,10.6081,55.0592,39059.9,7.79736,9219.81,1965.98,0.0,174.437,1497.25,0.0,1772.19,541.901,339.456,458.158,0.0,661.193,0.0,0.0,0.0,0,4057.4,8661.28,1258.82,3326.28,0.0,0.0,0.0,2227.05,2704.26,186.624
150,9.89515,55.4689,2892.22,0.0,0.0,0.0,0.0,0.0,0.0,0.0,0.0,0.0,0.0,0.0,0.0,0.0,0.0,2251.78,640.448,0,0.0,0.0,0.0,0.0,0.0,0.0,0.0,0.0,0.0,0.0
151,10.8411,55.2975,10643.1,0.0,0.0,0.0,0.0,0.0,0.0,0.0,0.0,0.0,0.0,0.0,0.0,0.0,0.0,9708.39,934.673,0,0.0,0.0,0.0,0.0,0.0,0.0,0.0,0.0,0.0,0.0
152,11.7582,55.2233,11569.0,0.0,323.014,152.551,0.0,0.0,0.0,0.0,0.0,76.5913,7500.0,0.0,72.586,116.67,94.5879,0.0,0.0,0,190.4,2524.9,0.0,517.742,0.0,0.0,0.0,0.0,0.0,0.0
153,12.6295,55.6205,3813.86,1.46237,2065.96,0.0,0.0,0.0,0.0,0.0,0.0,0.0,0.0,0.0,0.0,0.0,0.0,0.0,10.9274,0,0.0,137.181,0.0,570.609,0.0,0.0,0.0,1027.73,0.0,0.0
154,12.2975,55.5826,9415.45,2.50455,1568.46,0.0,0.0,0.0,97.8092,0.0,0.0,48.9508,0.0,0.0,0.0,106.09,0.0,0.0,8.94963,0,3021.66,109.935,1653.24,1838.83,0.0,0.0,0.0,959.026,0.0,0.0
155,10.1882,55.3955,3384.51,267.221,0.0,0.0,0.0,0.0,0.0,0.0,0.0,0.0,0.0,0.0,0.0,0.0,0.0,2021.13,1055.05,0,0.0,0.0,0.0,41.1062,0.0,0.0,0.0,0.0,0.0,0.0
156,10.3566,55.3944,12328.4,3.48121,6349.66,0.0,85.1947,0.0,475.691,0.0,70.4973,386.858,0.0,0.0,0.0,353.116,121.674,0.0,0.0,0,393.255,0.0,0.0,3662.65,188.328,0.0,126.203,0.0,111.789,0.0
157,11.4647,55.7227,2148.95,0.518594,0.0,0.0,0.0,0.0,0.0,0.0,0.0,0.0,0.0,0.0,0.0,0.0,0.0,0.0,0.0,0,317.197,0.0,0.0,1831.24,0.0,0.0,0.0,0.0,0.0,0.0
158,10.5767,55.0571,6998.98,6.16446,229.681,0.0,0.0,970.771,0.0,0.0,0.0,0.0,0.0,249.716,0.0,0.0,0.0,0.0,0.0,0,0.0,0.0,0.0,97.1248,5000.0,0.0,0.0,0.0,0.0,445.519
159,12.4726,55.7271,8929.53,72.1089,4597.83,0.0,0.0,0.0,0.0,0.0,0.0,0.0,0.0,1135.36,0.0,0.0,0.0,1352.06,83.7498,0,394.271,0.0,0.0,386.137,0.0,0.0,0.0,908.01,0.0,0.0
160,10.1252,56.1815,24915.2,1.51992,66.9679,0.0,0.0,0.0,0.0,0.0,0.0,0.0,14724.9,0.0,0.0,4480.63,0.0,0.0,0.0,0,762.463,4500.0,66.4285,249.533,0.0,0.0,0.0,62.7981,0.0,0.0
161,8.85423,56.7942,11437.8,0.0,0.0,254.505,0.0,0.0,0.0,0.0,0.0,68.8229,0.0,0.0,0.0,0.0,0.0,0.0,0.0,0,4199.09,468.242,0.0,6059.63,0.0,387.522,0.0,0.0,0.0,0.0
162,9.39407,56.4566,3930.41,10.3066,1447.75,94.5672,324.308,136.962,250.388,0.0,0.0,161.351,175.85,0.0,102.012,260.781,0.0,0.0,0.0,0,165.071,280.568,0.0,482.916,0.0,0.0,0.0,0.0,37.5866,0.0
163,12.0478,55.947,6217.23,0.0,0.0,0.0,0.0,0.0,0.0,0.0,0.0,0.0,0.0,0.0,0.0,0.0,0.0,0.0,0.0,0,1700.74,780.401,0.0,3500.0,0.0,0.0,0.0,236.093,0.0,0.0
164,10.0062,56.1516,10402.0,1.24824,0.0,0.0,0.0,0.0,0.0,0.0,0.0,0.0,0.0,0.0,0.0,0.0,0.0,5758.82,1039.83,0,72.835,0.0,0.0,3529.26,0.0,0.0,0.0,0.0,0.0,0.0
165,12.3767,55.8127,23279.9,225.599,6929.98,2252.11,189.354,0.0,0.0,0.0,0.0,0.0,530.769,0.0,0.0,80.2885,0.0,1122.81,217.407,0,192.936,4812.28,756.983,1579.44,0.0,0.0,0.0,4389.96,0.0,0.0
166,12.3624,55.7356,12261.0,38.4702,9090.61,94.0016,0.0,0.0,389.129,0.0,69.0549,98.2035,0.0,0.0,0.0,87.4969,0.0,0.0,7.41259,0,422.624,545.122,95.4768,415.096,0.0,0.0,0.0,908.313,0.0,0.0
167,8.31063,56.5518,13395.4,1.42918,731.736,234.348,0.0,0.0,2707.02,411.638,0.0,0.0,0.0,309.026,0.0,0.0,0.0,0.0,0.0,0,1211.24,3055.27,0.0,4733.66,0.0,0.0,0.0,0.0,0.0,0.0
168,12.5609,55.6779,30116.6,10.7457,9331.5,1460.94,165.921,198.785,270.956,0.0,57.3796,693.42,797.978,0.0,4759.57,899.276,0.0,0.0,0.0,0,730.191,1528.35,0.0,3820.69,53.5672,0.0,0.0,3273.34,1799.58,264.379
169,12.0977,55.6406,19106.0,2.95591,2858.08,1205.27,0.0,0.0,93.9146,0.0,42.6148,61.9211,7634.99,218.419,0.0,1939.3,0.0,0.0,11.3196,0,268.303,1994.17,1450.59,1024.26,0.0,0.0,0.0,236.575,63.2749,0.0
170,8.84014,56.7994,6.95075,0.0,0.0,0.0,0.0,0.0,0.0,0.0,0.0,0.0,0.0,0.0,0.0,0.0,0.0,0.0,6.95075,0,0.0,0.0,0.0,0.0,0.0,0.0,0.0,0.0,0.0,0.0
171,11.3012,55.9762,0.0,0.0,0.0,0.0,0.0,0.0,0.0,0.0,0.0,0.0,0.0,0.0,0.0,0.0,0.0,0.0,0.0,0,0.0,0.0,0.0,0.0,0.0,0.0,0.0,0.0,0.0,0.0
172,12.5748,55.7369,18484.7,24.4611,548.764,0.0,290.838,0.0,384.183,0.0,58.8831,0.0,1987.65,0.0,0.0,0.0,0.0,0.0,3.68015,0,423.243,7188.76,0.0,3700.7,0.0,102.236,0.0,3771.28,0.0,0.0
173,10.0499,56.4393,9839.32,29.0693,1561.57,0.0,61.1331,0.0,0.0,0.0,0.0,0.0,0.0,0.0,0.0,4500.0,0.0,0.0,83.5752,0,75.2277,0.0,0.0,3528.75,0.0,0.0,0.0,0.0,0.0,0.0
174,12.5173,55.7697,5192.29,6.46659,346.504,103.551,62.0986,0.0,113.59,0.0,0.0,0.0,305.397,167.747,76.6403,144.725,0.0,771.426,81.3722,0,82.786,221.003,101.218,189.159,0.0,0.0,0.0,2418.6,0.0,0.0
175,9.93138,57.0394,8597.44,5.0631,5872.75,102.519,236.82,96.9707,79.2185,0.0,0.0,41.573,110.217,48.8733,0.0,586.964,0.0,97.0337,3.00458,0,453.262,170.724,0.0,243.965,0.0,110.359,0.0,161.246,176.876,0.0
176,11.918,54.899,9499.57,0.407659,0.0,0.0,0.0,0.0,0.0,0.0,0.0,0.0,7500.0,0.0,0.0,0.0,0.0,1888.91,19.9945,0,90.2558,0.0,0.0,0.0,0.0,0.0,0.0,0.0,0.0,0.0
177,9.39185,56.4501,12208.9,31.3343,7978.68,42.8433,183.084,0.0,192.979,0.0,0.0,55.6854,2225.0,83.7465,58.0513,154.523,0.0,0.0,0.0,0,512.451,185.719,88.6722,371.548,0.0,0.0,0.0,0.0,44.5999,0.0
178,12.5246,55.7089,26067.5,38.5885,9331.5,0.0,1569.85,490.641,236.624,25.5271,129.624,0.0,0.0,0.0,0.0,1157.72,0.0,0.0,25.5449,0,4151.02,5303.59,0.0,1483.66,159.9,0.0,0.0,1915.85,0.0,47.8629
179,12.3075,55.6561,4208.89,33.207,1048.85,0.0,0.0,0.0,167.268,0.0,0.0,0.0,0.0,0.0,0.0,141.285,0.0,686.926,75.2123,0,69.0017,0.0,0.0,231.636,0.0,0.0,0.0,1659.78,95.721,0.0
180,10.0739,56.4128,12971.8,51.9434,0.0,0.0,0.0,0.0,0.0,0.0,0.0,0.0,1886.02,0.0,3668.72,0.0,0.0,6036.32,1328.84,0,0.0,0.0,0.0,0.0,0.0,0.0,0.0,0.0,0.0,0.0
181,12.4516,55.6854,13580.3,2.97519,7347.45,60.9047,142.16,523.016,190.844,0.0,48.8643,107.671,150.48,0.0,0.0,146.812,0.0,0.0,12.8408,0,283.859,340.094,104.067,3038.85,0.0,0.0,0.0,907.202,172.198,0.0
182,12.4158,55.7259,9432.87,4.13179,446.643,0.0,0.0,0.0,0.0,0.0,0.0,40.7091,0.0,0.0,0.0,4500.0,0.0,0.0,0.0,0,116.08,0.0,0.0,60.3561,0.0,197.076,0.0,4067.87,0.0,0.0
183,10.3486,55.3948,19968.3,2.24813,1152.14,0.0,56.1847,0.0,941.151,0.0,0.0,1468.59,0.0,0.0,0.0,4500.0,282.701,0.0,0.0,0,549.347,0.0,0.0,6944.34,240.598,0.0,330.975,0.0,3500.0,0.0
184,8.76945,55.1587,20853.0,22.9058,9331.5,0.0,0.0,0.0,246.799,0.0,2353.12,0.0,0.0,0.0,0.0,0.0,0.0,0.0,0.0,0,508.865,2650.97,0.0,5738.81,0.0,0.0,0.0,0.0,0.0,0.0
185,12.4769,55.8771,6233.72,58.4504,0.0,0.0,0.0,0.0,0.0,0.0,0.0,0.0,0.0,0.0,0.0,0.0,0.0,6006.37,122.785,0,0.0,0.0,0.0,0.0,0.0,0.0,0.0,46.118,0.0,0.0
186,8.62113,56.3769,15238.9,22.5319,426.852,0.0,114.814,0.0,0.0,0.0,0.0,0.0,9731.9,0.0,0.0,0.0,0.0,0.0,7.34709,0,0.0,421.377,746.815,3659.23,0.0,0.0,0.0,0.0,0.0,108.054
187,9.45733,55.5074,3614.82,15.9827,82.2307,63.5308,0.0,845.721,0.0,0.0,0.0,0.0,887.123,0.0,0.0,0.0,0.0,0.0,4.29368,0,1244.25,151.515,106.079,214.093,0.0,0.0,0.0,0.0,0.0,0.0
188,10.1644,56.1301,15531.9,41.8294,4433.98,0.0,0.0,0.0,228.729,0.0,1327.02,0.0,1627.73,0.0,0.0,1993.5,0.0,273.878,40.1516,0,750.635,1899.97,1893.57,843.09,0.0,177.826,0.0,0.0,0.0,0.0
189,8.96547,56.1371,15828.7,145.151,6096.24,65.7811,255.041,0.0,229.597,0.0,234.599,0.0,219.472,0.0,0.0,3730.05,0.0,0.0,0.0,0,267.686,421.993,338.486,3760.42,0.0,0.0,0.0,0.0,64.1365,0.0
190,12.2309,55.5601,17562.0,0.0,0.0,0.0,0.0,0.0,50.7595,0.0,0.0,0.0,7500.0,0.0,78.5349,0.0,0.0,6683.76,3170.4,0,0.0,78.5349,0.0,0.0,0.0,0.0,0.0,0.0,0.0,0.0
191,9.48772,55.8453,132.033,0.0,0.0,0.0,0.0,0.0,0.0,0.0,0.0,0.0,0.0,0.0,0.0,0.0,0.0,0.0,6.51757,0,0.0,0.0,0.0,125.515,0.0,0.0,0.0,0.0,0.0,0.0
192,10.0762,56.4124,24037.6,42.6463,0.0,0.0,0.0,0.0,0.0,0.0,0.0,0.0,7500.0,0.0,4500.0,0.0,0.0,9466.02,2528.91,0,0.0,0.0,0.0,0.0,0.0,0.0,0.0,0.0,0.0,0.0
193,8.97848,56.1086,12738.5,20.1254,5579.51,0.0,0.0,0.0,172.31,0.0,179.172,0.0,0.0,0.0,0.0,867.444,0.0,185.618,50.6655,0,60.8212,0.0,0.0,5622.86,0.0,0.0,0.0,0.0,0.0,0.0
194,12.5242,55.833,19831.4,10.2263,0.0,0.0,0.0,0.0,327.54,0.0,0.0,0.0,0.0,0.0,0.0,0.0,0.0,15406.4,353.225,0,240.633,102.606,0.0,2389.33,0.0,0.0,0.0,1001.46,0.0,0.0
195,9.35115,54.8318,368.711,6.74719,0.0,0.0,54.4808,0.0,0.0,0.0,0.0,0.0,0.0,0.0,0.0,0.0,0.0,149.734,19.4202,0,0.0,101.994,0.0,36.3344,0.0,0.0,0.0,0.0,0.0,0.0
196,12.3624,55.7356,12261.0,38.4702,9090.61,94.0016,0.0,0.0,389.129,0.0,69.0549,98.2035,0.0,0.0,0.0,87.4969,0.0,0.0,7.41259,0,422.624,545.122,95.4768,415.096,0.0,0.0,0.0,908.313,0.0,0.0
197,12.3468,55.8692,2825.97,26.5692,186.722,215.302,509.656,0.0,0.0,0.0,443.477,0.0,0.0,0.0,0.0,314.986,0.0,0.0,14.1056,0,174.552,309.492,0.0,498.259,0.0,0.0,0.0,0.0,132.848,0.0
198,12.4832,55.673,8350.76,6.14515,2987.25,0.0,0.0,0.0,0.0,0.0,0.0,111.77,0.0,0.0,0.0,0.0,0.0,0.0,0.0,0,190.937,170.828,0.0,4304.81,0.0,78.0313,0.0,500.98,0.0,0.0
199,9.78647,55.8864,11346.5,691.24,0.0,0.0,0.0,0.0,0.0,0.0,0.0,0.0,6992.01,0.0,0.0,0.0,0.0,3503.68,3.38369,0,0.0,0.0,0.0,156.199,0.0,0.0,0.0,0.0,0.0,0.0
200,12.5495,55.7026,43586.2,131.682,9331.5,0.0,0.0,5014.03,5281.2,30.554,1648.62,4000.0,126.021,0.0,0.0,4885.96,0.0,0.0,7.63521,0,482.932,1619.95,116.926,6246.73,592.099,0.0,0.0,3638.31,0.0,432.007
201,12.4873,55.9376,3100.96,66.5143,110.584,0.0,70.8815,0.0,0.0,0.0,0.0,0.0,0.0,0.0,0.0,0.0,0.0,696.463,25.7024,0,0.0,0.0,0.0,0.0,0.0,58.6077,0.0,2072.21,0.0,0.0
202,12.2298,55.5616,12220.3,0.0,0.0,0.0,0.0,0.0,56.7265,0.0,0.0,0.0,2270.36,0.0,75.2013,0.0,0.0,6572.44,3170.4,0,0.0,75.2013,0.0,0.0,0.0,0.0,0.0,0.0,0.0,0.0
203,10.7898,55.3171,16189.3,0.0,426.663,149.974,53.6519,119.195,73.477,0.0,74.4991,0.0,0.0,1239.32,0.0,4545.9,0.0,0.0,36.0278,0,267.274,4701.69,0.0,4243.16,0.0,55.8478,0.0,26.6234,176.02,0.0
204,8.63765,56.3663,8051.98,8.11672,0.0,0.0,0.0,0.0,0.0,0.0,0.0,0.0,0.0,0.0,0.0,4500.0,182.111,0.0,0.0,0,548.686,2740.19,0.0,0.0,0.0,0.0,0.0,0.0,72.8763,0.0
205,9.55818,56.1862,7920.68,46.9145,4195.55,0.0,568.112,0.0,0.0,0.0,0.0,0.0,161.398,0.0,0.0,2407.53,0.0,0.0,10.0946,0,163.357,167.447,0.0,200.277,0.0,0.0,0.0,0.0,0.0,0.0
206,11.9581,55.1661,4073.93,0.0,0.0,0.0,0.0,0.0,0.0,0.0,0.0,0.0,0.0,0.0,0.0,0.0,0.0,3931.99,141.936,0,0.0,0.0,0.0,0.0,0.0,0.0,0.0,0.0,0.0,0.0
207,12.174,55.7789,5977.26,0.917408,0.0,0.0,0.0,0.0,0.0,0.0,0.0,314.948,0.0,0.0,0.0,0.0,0.0,0.0,0.0,0,202.244,0.0,0.0,2912.57,0.0,0.0,0.0,2546.58,0.0,0.0
208,9.37184,55.2156,3726.13,0.0544627,0.0,0.0,0.0,0.0,0.0,0.0,0.0,0.0,0.0,0.0,0.0,0.0,0.0,3510.53,215.549,0,0.0,0.0,0.0,0.0,0.0,0.0,0.0,0.0,0.0,0.0
209,9.99393,57.4553,16105.4,214.312,6724.84,0.0,0.0,0.0,163.485,0.0,698.635,0.0,408.894,118.137,0.0,84.5858,166.87,0.0,0.0,0,1328.26,1513.24,636.463,3763.23,0.0,0.0,0.0,0.0,181.52,102.952
210,9.37661,55.2164,3301.42,0.0532922,0.0,0.0,0.0,0.0,0.0,0.0,0.0,0.0,0.0,0.0,0.0,0.0,0.0,2490.11,811.256,0,0.0,0.0,0.0,0.0,0.0,0.0,0.0,0.0,0.0,0.0
211,10.2406,55.1019,5523.58,0.0,223.719,0.0,56.4254,0.0,0.0,0.0,0.0,53.2965,0.0,0.0,0.0,1197.82,0.0,0.0,0.0,0,82.3921,157.548,0.0,3658.61,0.0,0.0,0.0,51.1058,42.6536,0.0
212,8.88722,54.9521,5686.87,38.9791,0.0,0.0,0.0,0.0,0.0,0.0,0.0,0.0,5617.19,0.0,0.0,0.0,0.0,0.0,30.7043,0,0.0,0.0,0.0,0.0,0.0,0.0,0.0,0.0,0.0,0.0
213,8.69212,56.9519,20442.7,16.0782,2524.56,256.473,0.0,0.0,630.018,0.0,0.0,264.495,4267.52,116.946,0.0,599.623,0.0,0.0,0.0,0,427.47,6073.59,774.277,3909.45,0.0,0.0,0.0,0.0,582.176,0.0
214,12.4003,55.6656,33669.5,186.914,8880.95,114.904,137.782,0.0,0.0,0.0,311.611,77.6688,105.558,110.312,0.0,2340.01,0.0,0.0,12.5458,0,255.754,6708.99,6829.45,4068.37,0.0,0.0,0.0,3528.67,0.0,0.0
215,10.357,55.3679,2394.13,13.3993,0.0,0.0,0.0,0.0,0.0,0.0,102.19,46.2814,0.0,0.0,0.0,87.8311,26.2923,202.551,20.1536,0,0.0,0.0,0.0,1895.43,0.0,0.0,0.0,0.0,0.0,0.0
216,11.1399,55.3303,11443.7,0.0,1069.88,638.665,0.0,0.0,0.0,0.0,0.0,0.0,0.0,0.0,0.0,1014.88,0.0,0.0,0.0,0,613.572,4242.64,0.0,3864.09,0.0,0.0,0.0,0.0,0.0,0.0
217,11.3525,55.3919,15777.8,0.0,45.4239,0.0,0.0,0.0,610.812,0.0,0.0,0.0,12049.0,0.0,0.0,49.2758,0.0,953.46,46.8892,0,131.714,187.153,0.0,565.42,0.0,1138.71,0.0,0.0,0.0,0.0
218,11.3627,55.3877,4489.08,0.0,0.0,0.0,0.0,0.0,0.0,0.0,0.0,0.0,201.483,0.0,0.0,0.0,0.0,3667.44,345.008,0,43.524,0.0,0.0,122.274,0.0,109.352,0.0,0.0,0.0,0.0
219,12.2884,55.647,8522.58,7.60147,6637.64,0.0,0.0,0.0,60.3116,0.0,0.0,0.0,0.0,0.0,0.0,53.5015,0.0,0.0,0.0,0,149.46,157.627,92.1767,198.331,0.0,0.0,0.0,1115.98,49.9575,0.0
220,11.7577,55.2329,19698.5,0.0,4722.97,303.71,273.399,0.0,0.0,0.0,0.0,838.502,0.0,155.895,516.56,4580.73,0.0,0.0,0.0,0,547.398,5911.21,0.0,1848.12,0.0,0.0,0.0,0.0,0.0,0.0
221,9.7935,54.914,11123.0,242.67,3505.73,166.374,0.0,0.0,630.83,0.0,0.0,0.0,0.0,0.0,169.418,122.106,192.519,0.0,7.87323,0,4155.8,847.383,237.841,180.135,54.0348,0.0,0.0,0.0,610.29,0.0
222,12.6013,56.0303,11581.3,162.04,9331.5,49.531,98.1019,0.0,294.704,0.0,0.0,102.987,99.6114,0.0,0.0,472.385,0.0,0.0,0.0,0,108.871,412.485,247.892,201.231,0.0,0.0,0.0,0.0,0.0,0.0
223,11.9158,55.0072,10530.1,0.0,8048.0,0.0,0.0,0.0,809.235,0.0,0.0,0.0,0.0,121.484,0.0,158.776,31.3718,0.0,0.0,0,206.91,1008.35,0.0,109.659,0.0,0.0,0.0,0.0,36.3485,0.0
224,11.3532,55.3907,10101.3,0.0,0.0,0.0,0.0,0.0,410.503,0.0,0.0,0.0,5526.19,0.0,0.0,0.0,0.0,1622.77,76.8969,0,176.138,124.704,0.0,1420.49,0.0,743.616,0.0,0.0,0.0,0.0
225,10.0558,55.4139,11201.1,0.0,0.0,0.0,0.0,0.0,85.0067,0.0,0.0,0.0,7500.0,0.0,0.0,0.0,0.0,1034.25,81.821,0,0.0,0.0,0.0,0.0,0.0,0.0,0.0,2500.0,0.0,0.0
226,8.69206,56.954,34171.1,29.1278,495.29,866.64,0.0,0.0,2845.91,0.0,0.0,1202.19,6384.36,235.674,0.0,4898.62,0.0,0.0,0.0,0,1231.04,4129.14,6000.0,4169.05,0.0,0.0,0.0,0.0,1684.08,0.0
227,12.4578,55.6783,29936.7,1.1331,5382.47,1540.18,3087.32,95.0765,306.883,0.0,0.0,52.7885,2437.66,0.0,0.0,1391.6,0.0,0.0,6.7278,0,1968.43,4214.62,3752.0,4855.09,0.0,0.0,0.0,781.388,63.3689,0.0
228,8.23574,56.0945,4787.59,28.7564,289.642,70.0276,45.5371,0.0,0.0,0.0,106.713,144.363,391.757,35.9281,0.0,0.0,0.0,0.0,0.0,0,84.387,3305.04,0.0,285.443,0.0,0.0,0.0,0.0,0.0,0.0
229,12.4001,55.6433,13374.4,5.03609,133.341,0.0,0.0,0.0,0.0,0.0,0.0,0.0,0.0,0.0,0.0,0.0,0.0,4527.6,767.714,0,102.719,0.0,0.0,3500.0,101.274,0.0,0.0,4236.74,0.0,0.0
230,11.579,55.8541,7619.06,133.088,0.0,1389.94,638.289,0.0,1083.28,0.0,0.0,48.0444,0.0,0.0,0.0,0.0,0.0,0.0,9.64423,0,196.033,620.748,0.0,3500.0,0.0,0.0,0.0,0.0,0.0,0.0
231,12.5259,55.6871,23475.2,54.0862,5079.35,56.1748,1898.47,332.184,281.879,0.0,184.3,127.984,854.454,4284.64,0.0,478.924,0.0,0.0,19.8113,0,936.506,1187.93,188.606,2324.92,0.0,0.0,0.0,5023.44,0.0,161.513
232,12.404,55.967,1144.41,5.1657,0.0,0.0,0.0,0.0,0.0,0.0,0.0,0.0,0.0,0.0,400.151,0.0,0.0,0.0,0.0,0,400.727,0.0,0.0,338.365,0.0,0.0,0.0,0.0,0.0,0.0
233,12.1981,55.6494,16613.4,0.0,2833.59,0.0,0.0,0.0,371.914,0.0,598.423,0.0,0.0,0.0,0.0,0.0,0.0,310.425,27.1352,0,103.04,5049.58,0.0,4461.63,115.816,0.0,0.0,2741.85,0.0,0.0
234,12.545,55.7409,6097.29,35.2546,285.033,79.5988,311.3,0.0,0.0,0.0,0.0,0.0,0.0,799.413,61.3258,251.224,0.0,540.944,50.3902,0,59.715,163.385,0.0,186.482,0.0,200.269,0.0,3072.95,0.0,0.0
235,8.48112,57.0433,11774.7,0.0,0.0,0.0,0.0,0.0,4089.63,0.0,0.0,0.0,0.0,0.0,361.76,0.0,0.0,0.0,0.0,0,0.0,7323.34,0.0,0.0,0.0,0.0,0.0,0.0,0.0,0.0
236,9.46407,55.5261,8247.14,38.7897,0.0,0.0,0.0,0.0,0.0,0.0,4000.0,175.585,0.0,0.0,86.0019,107.505,203.213,2056.87,119.006,0,49.0859,926.173,0.0,335.135,0.0,0.0,0.0,149.773,0.0,0.0
237,11.8038,55.4356,540.884,7.14121,183.569,0.0,0.0,0.0,0.0,0.0,0.0,49.2943,0.0,0.0,0.0,65.0495,0.0,0.0,0.0,0,0.0,62.4342,0.0,173.395,0.0,0.0,0.0,0.0,0.0,0.0
238,9.58365,55.7238,11679.2,14.5754,398.56,0.0,0.0,82.7413,0.0,0.0,0.0,0.0,7556.68,50.4619,0.0,73.567,0.0,1620.99,57.9358,0,53.2583,0.0,0.0,1770.41,0.0,0.0,0.0,0.0,0.0,0.0
239,10.2995,56.2343,4148.25,9.44332,0.0,0.0,0.0,0.0,123.899,0.0,0.0,0.0,0.0,0.0,0.0,0.0,58.5987,0.0,7.67886,0,448.628,0.0,0.0,3500.0,0.0,0.0,0.0,0.0,0.0,0.0
240,9.47408,55.4884,25503.8,297.563,791.633,253.341,1024.91,374.82,0.0,0.0,3245.16,654.292,2760.27,0.0,0.0,859.321,0.0,0.0,0.0,0,661.667,9689.32,0.0,4001.98,0.0,0.0,0.0,0.0,581.23,308.311
241,8.85439,54.9398,6167.77,162.598,198.597,0.0,0.0,71.4389,0.0,0.0,0.0,40.7163,0.0,0.0,0.0,57.7068,0.0,0.0,0.0,0,0.0,0.0,0.0,5636.71,0.0,0.0,0.0,0.0,0.0,0.0
242,9.40673,56.452,16936.4,46.2993,290.712,248.379,503.557,78.3933,492.137,0.0,0.0,3386.71,719.181,200.062,477.995,341.375,0.0,0.0,0.0,0,697.016,2150.0,424.818,3683.16,0.0,0.0,0.0,0.0,3196.59,0.0
243,11.3408,54.661,719.397,0.0,304.813,59.8316,0.0,0.0,0.0,0.0,0.0,0.0,127.749,0.0,0.0,0.0,0.0,0.0,7.185,0,0.0,78.537,0.0,37.0832,0.0,104.198,0.0,0.0,0.0,0.0
244,9.85159,55.8585,19794.0,783.137,944.188,774.413,0.0,51.1483,60.438,0.0,0.0,131.895,893.043,0.0,0.0,3053.64,0.0,0.0,0.0,0,580.081,6305.35,0.0,6071.39,0.0,0.0,0.0,0.0,145.274,0.0
245,10.1455,56.1038,52.162,0.0,52.162,0.0,0.0,0.0,0.0,0.0,0.0,0.0,0.0,0.0,0.0,0.0,0.0,0.0,0.0,0,0.0,0.0,0.0,0.0,0.0,0.0,0.0,0.0,0.0,0.0
246,11.338,55.4179,4661.08,0.0,0.0,0.0,0.0,0.0,0.0,0.0,0.0,0.0,0.0,0.0,0.0,4500.0,0.0,0.0,0.0,0,0.0,91.1801,0.0,69.8994,0.0,0.0,0.0,0.0,0.0,0.0
247,12.0004,54.9973,5991.78,0.0,0.0,0.0,0.0,0.0,0.0,0.0,0.0,0.0,4870.37,0.0,0.0,0.0,0.0,1121.41,0.0,0,0.0,0.0,0.0,0.0,0.0,0.0,0.0,0.0,0.0,0.0
248,9.9487,57.2659,12668.3,0.0,1244.49,0.0,0.0,0.0,0.0,0.0,1249.65,0.0,0.0,0.0,0.0,615.431,0.0,0.0,0.0,0,341.151,2874.91,0.0,6287.16,0.0,0.0,0.0,0.0,55.4936,0.0
249,12.6566,55.6313,25416.0,1.08356,153.819,0.0,148.714,0.0,0.0,0.0,0.0,224.294,7672.98,0.0,0.0,414.057,0.0,11166.3,316.811,0,0.0,828.186,0.0,3500.0,0.0,0.0,0.0,989.716,0.0,0.0
250,12.4053,55.6544,14072.3,22.6755,9278.69,0.0,0.0,0.0,0.0,0.0,0.0,943.47,178.331,72.0672,0.0,136.362,0.0,0.0,17.2984,0,0.0,145.056,0.0,193.03,150.343,0.0,0.0,2934.96,0.0,0.0
251,12.5566,55.7452,9499.05,31.5222,5165.09,41.751,0.0,0.0,0.0,0.0,0.0,0.0,0.0,67.2705,0.0,465.015,0.0,0.0,6.22763,0,110.739,150.46,0.0,76.1011,0.0,810.064,0.0,2574.81,0.0,0.0
252,10.4206,55.3541,12907.0,3.88647,76.6489,0.0,0.0,0.0,0.0,0.0,0.0,0.0,7551.7,0.0,0.0,0.0,0.0,2559.99,214.745,0,0.0,0.0,0.0,0.0,0.0,0.0,0.0,2500.0,0.0,0.0
253,9.8444,55.8673,13906.8,65.8322,9191.15,0.0,0.0,367.134,124.75,0.0,0.0,1154.47,79.878,0.0,0.0,591.435,28.8978,0.0,0.0,0,1374.73,528.309,0.0,281.139,0.0,0.0,0.0,0.0,119.109,0.0
254,8.4569,55.51,15464.4,486.586,115.98,0.0,0.0,0.0,0.0,0.0,53.8036,0.0,2279.77,0.0,0.0,49.2888,0.0,0.0,14.3019,0,97.7513,2694.12,6040.89,3631.93,0.0,0.0,0.0,0.0,0.0,0.0
255,8.62016,56.3617,33464.9,111.508,273.961,402.051,443.244,0.0,2049.4,0.0,3852.04,2259.39,301.61,0.0,147.131,4500.0,34.3079,0.0,0.0,0,570.298,8736.38,6000.0,3633.66,0.0,0.0,0.0,0.0,149.9,0.0
256,12.3517,55.6166,5050.71,8.47553,169.633,0.0,0.0,121.273,163.793,0.0,0.0,0.0,0.0,0.0,0.0,299.59,0.0,566.895,48.4019,0,2733.49,261.752,0.0,677.406,0.0,0.0,0.0,0.0,0.0,0.0
257,12.4809,55.7972,7853.17,0.334276,2361.27,0.0,1577.09,0.0,0.0,0.0,104.282,0.0,0.0,0.0,0.0,204.809,0.0,0.0,13.0195,0,59.3808,261.05,259.292,342.907,0.0,0.0,0.0,2669.73,0.0,0.0
258,10.8819,56.4135,23013.7,0.0,8129.04,931.197,0.0,234.158,0.0,0.0,794.86,0.0,75.8762,0.0,0.0,550.041,25.1122,0.0,0.0,0,4283.48,6882.77,0.0,858.812,0.0,0.0,0.0,0.0,0.0,248.313
259,12.4976,55.8832,20395.0,3.78348,6423.69,507.438,0.0,0.0,0.0,0.0,0.0,0.0,7500.0,0.0,0.0,287.437,0.0,0.0,12.3798,0,51.5824,767.902,2877.39,1937.0,0.0,0.0,0.0,26.424,0.0,0.0
260,9.35111,54.832,405.287,6.53264,0.0,0.0,52.5734,0.0,0.0,0.0,0.0,0.0,0.0,0.0,0.0,0.0,0.0,184.591,20.0135,0,0.0,106.427,0.0,35.1496,0.0,0.0,0.0,0.0,0.0,0.0
261,12.6591,55.5956,15035.4,0.0,343.15,48.3809,0.0,0.0,0.0,0.0,50.0334,0.0,0.0,0.0,0.0,0.0,0.0,0.0,0.0,0,137.457,143.766,5613.02,6150.24,0.0,0.0,0.0,2549.38,0.0,0.0
262,9.36618,55.0653,11169.0,1.92348,0.0,0.0,0.0,0.0,0.0,0.0,0.0,0.0,823.24,0.0,0.0,0.0,0.0,6154.65,189.192,0,4000.0,0.0,0.0,0.0,0.0,0.0,0.0,0.0,0.0,0.0
263,11.7902,55.4294,2080.87,7.68002,0.0,0.0,0.0,0.0,0.0,0.0,0.0,0.0,0.0,0.0,0.0,251.815,0.0,0.0,0.0,0,106.019,0.0,0.0,1715.35,0.0,0.0,0.0,0.0,0.0,0.0
264,9.02687,56.5627,11844.2,4.87037,125.744,0.0,530.07,55.6856,63.8024,0.0,827.448,63.1525,884.148,0.0,401.24,3277.08,30.8343,0.0,0.0,0,409.476,772.559,255.157,4038.87,0.0,0.0,0.0,0.0,104.089,0.0
265,12.4766,55.7339,5140.14,19.1756,145.199,0.0,0.0,0.0,0.0,0.0,0.0,0.0,0.0,62.156,0.0,48.6057,0.0,1128.15,85.7597,0,88.9233,0.0,0.0,118.462,0.0,0.0,0.0,3443.7,0.0,0.0
266,9.69486,56.783,20281.8,0.0,0.0,0.0,0.0,0.0,0.0,0.0,0.0,0.0,9381.8,0.0,0.0,0.0,0.0,10447.0,358.52,0,53.9495,0.0,0.0,40.5063,0.0,0.0,0.0,0.0,0.0,0.0
267,9.93137,56.0325,29233.7,267.263,1646.28,336.9,241.029,0.0,5033.98,0.0,0.0,48.9596,0.0,540.84,0.0,2407.19,53.3546,0.0,0.0,0,131.416,4089.31,6000.0,7364.86,0.0,0.0,0.0,222.349,850.004,0.0
268,12.6132,56.0394,8029.6,9.82702,591.754,0.0,87.457,1543.95,1626.23,0.0,0.0,189.567,0.0,0.0,0.0,0.0,0.0,0.0,0.0,0,747.3,2046.56,99.6745,251.804,0.0,0.0,0.0,0.0,835.484,0.0
269,12.521,55.7751,18650.4,3.41177,804.867,47.1497,669.599,248.153,138.314,0.0,0.0,0.0,82.5694,0.0,0.0,269.141,0.0,6074.7,266.454,0,49.2763,79.9403,0.0,5643.98,0.0,0.0,0.0,4213.41,0.0,59.4318
270,12.5196,55.7822,3768.7,0.808262,1038.13,0.0,148.784,159.9,101.052,0.0,0.0,0.0,0.0,0.0,0.0,192.414,32.9137,438.223,56.9454,0,0.0,128.849,0.0,372.006,0.0,232.174,0.0,263.244,0.0,603.258
271,11.9088,55.0122,4806.55,0.0,1015.75,134.117,0.0,0.0,172.482,0.0,106.55,0.0,0.0,102.559,0.0,1428.14,52.8548,0.0,0.0,0,318.449,938.861,0.0,376.228,0.0,0.0,0.0,0.0,69.3457,91.2087
272,12.3808,55.6514,1169.09,12.736,40.6311,0.0,0.0,0.0,0.0,0.0,0.0,0.0,78.7251,0.0,0.0,46.6958,0.0,83.5904,27.8833,0,0.0,0.0,0.0,119.768,0.0,0.0,0.0,759.062,0.0,0.0
273,10.0258,56.4824,8959.04,0.0298195,465.008,0.0,0.0,0.0,2031.25,0.0,0.0,44.7843,1317.58,0.0,0.0,0.0,29.7773,0.0,0.0,0,179.339,271.942,0.0,4619.32,0.0,0.0,0.0,0.0,0.0,0.0
274,8.69696,56.955,12320.3,9.57705,291.985,2740.91,0.0,0.0,1473.66,0.0,0.0,1231.55,828.65,668.462,0.0,694.95,0.0,0.0,0.0,0,249.147,1396.53,491.95,870.722,0.0,0.0,0.0,0.0,1372.22,0.0
275,9.97856,56.0686,15498.8,1.05379,0.0,0.0,0.0,0.0,0.0,0.0,0.0,0.0,7500.0,0.0,0.0,0.0,0.0,7972.06,25.6541,0,0.0,0.0,0.0,0.0,0.0,0.0,0.0,0.0,0.0,0.0
276,9.87627,57.0056,20100.3,8.96079,310.04,212.646,0.0,0.0,0.0,0.0,0.0,0.0,10204.4,0.0,0.0,0.0,0.0,0.0,11.0213,0,0.0,6088.05,2296.42,968.731,0.0,0.0,0.0,0.0,0.0,0.0
277,12.3866,55.7329,9689.54,30.1105,0.0,0.0,74.0987,258.073,0.0,0.0,0.0,0.0,0.0,0.0,0.0,964.951,0.0,0.0,0.0,0,65.4454,4500.0,0.0,3521.51,0.0,0.0,0.0,275.35,0.0,0.0
278,8.37408,56.95,7594.13,1.04959,0.0,0.0,0.0,0.0,0.0,0.0,0.0,0.0,0.0,0.0,0.0,0.0,0.0,0.0,0.0,0,4000.0,93.0822,0.0,3500.0,0.0,0.0,0.0,0.0,0.0,0.0
279,12.5911,55.7022,16004.3,0.0,7659.05,115.086,139.351,0.0,179.751,39.3212,49.3869,40.8539,321.65,0.0,0.0,459.657,0.0,0.0,4.45532,0,531.884,1134.6,79.2857,401.009,741.204,61.607,0.0,4046.12,0.0,0.0
280,12.0669,55.6354,7486.18,1.48838,1542.08,0.0,0.0,0.0,279.995,2500.0,76.9893,0.0,452.551,0.0,0.0,207.864,130.059,0.0,13.9379,0,246.899,397.304,0.0,898.526,643.296,0.0,0.0,95.1938,0.0,0.0
281,9.72128,55.5673,6936.69,0.0,536.924,0.0,0.0,0.0,128.202,0.0,0.0,45.738,439.684,0.0,0.0,69.7206,0.0,0.0,0.0,0,241.878,0.0,0.0,5474.54,0.0,0.0,0.0,0.0,0.0,0.0
282,8.23264,56.7817,11152.2,0.0,0.0,0.0,0.0,0.0,0.0,0.0,0.0,0.0,0.0,0.0,0.0,0.0,0.0,0.0,0.0,0,259.813,8756.28,0.0,2136.14,0.0,0.0,0.0,0.0,0.0,0.0
283,8.8297,56.7872,7881.37,0.0,0.0,0.0,0.0,0.0,0.0,0.0,0.0,63.0437,7500.0,0.0,0.0,0.0,0.0,0.0,36.4479,0,281.874,0.0,0.0,0.0,0.0,0.0,0.0,0.0,0.0,0.0
284,9.48196,55.2556,12239.4,1052.96,979.919,86.86,120.027,1848.83,298.686,0.0,0.0,260.43,2663.79,0.0,0.0,0.0,0.0,0.0,0.0,0,229.004,317.528,0.0,3956.86,0.0,0.0,66.7519,0.0,357.737,0.0
285,10.1495,55.975,17545.4,843.23,789.533,461.6,0.0,0.0,0.0,0.0,0.0,93.6675,439.711,0.0,1299.48,155.557,96.2613,0.0,0.0,0,676.124,5546.93,0.0,7143.26,0.0,0.0,0.0,0.0,0.0,0.0
286,10.1361,56.1535,11764.0,1.79592,398.843,0.0,0.0,0.0,1262.22,0.0,0.0,0.0,0.0,0.0,0.0,1145.16,0.0,0.0,0.0,0,502.976,0.0,4168.99,4159.59,0.0,124.455,0.0,0.0,0.0,0.0
287,8.77031,55.3332,9991.34,26.1547,1056.08,0.0,0.0,54.1432,725.397,0.0,0.0,84.7179,0.0,0.0,0.0,671.51,0.0,0.0,0.0,0,63.0963,523.724,1419.24,5130.1,105.512,0.0,0.0,0.0,131.663,0.0
288,8.24257,56.0921,20850.9,183.035,7743.5,454.445,179.951,0.0,0.0,0.0,1133.09,103.706,1894.44,220.112,0.0,0.0,0.0,0.0,0.0,0,1089.92,2214.42,0.0,5634.28,0.0,0.0,0.0,0.0,0.0,0.0
289,8.43433,55.4718,9788.75,42.6008,4818.99,0.0,446.244,67.3808,87.9435,0.0,883.971,0.0,0.0,0.0,0.0,1343.72,0.0,0.0,0.0,0,156.286,943.22,0.0,998.393,0.0,0.0,0.0,0.0,0.0,0.0
290,10.222,56.1605,3329.85,72.8317,389.629,163.237,86.3001,347.356,302.151,0.0,80.2503,395.875,0.0,0.0,54.1803,286.573,0.0,0.0,0.0,0,90.1788,570.287,0.0,291.45,0.0,0.0,0.0,0.0,199.549,0.0
291,9.87932,57.0048,10697.8,16.4337,444.37,151.813,0.0,0.0,0.0,0.0,0.0,0.0,3525.57,0.0,0.0,0.0,0.0,0.0,8.2416,0,0.0,1607.6,996.049,3947.7,0.0,0.0,0.0,0.0,0.0,0.0
292,12.4497,55.7202,18481.0,6.36395,5597.95,1030.34,0.0,0.0,94.9251,0.0,0.0,40.1615,1524.11,0.0,69.4851,950.552,0.0,1473.36,91.8024,0,972.846,1233.89,1393.26,1334.45,0.0,0.0,0.0,2620.56,46.9492,0.0
293,9.41918,55.0462,20566.7,24.5192,403.738,4000.0,0.0,0.0,1493.45,0.0,0.0,163.996,0.0,0.0,0.0,274.749,0.0,0.0,0.0,0,1210.77,9000.5,0.0,3840.25,0.0,94.0351,0.0,0.0,0.0,60.6982
294,12.5909,55.6427,10768.5,2.94425,6658.76,0.0,0.0,0.0,67.8715,25.5753,0.0,43.2143,0.0,353.161,0.0,0.0,0.0,0.0,5.38244,0,0.0,152.922,0.0,346.852,119.24,64.4348,0.0,2928.11,0.0,0.0
295,12.4749,55.9065,21677.0,16.4176,0.0,0.0,0.0,0.0,0.0,0.0,0.0,532.264,589.309,0.0,0.0,7229.39,0.0,6408.07,0.0,0,902.924,188.601,0.0,5622.86,0.0,70.0494,0.0,64.9903,52.1263,0.0
296,12.562,55.6765,48709.2,9.9927,8805.12,7291.84,149.857,160.061,393.857,0.0,41.0391,2018.22,1733.17,0.0,6463.76,1934.34,0.0,0.0,0.0,0,974.17,7170.51,0.0,4456.0,79.185,0.0,0.0,2572.61,4221.42,234.083
297,12.4397,55.7285,14880.0,31.0155,7776.27,0.0,0.0,0.0,1790.58,0.0,0.0,1178.55,0.0,200.202,186.186,367.621,0.0,247.38,12.4388,0,865.881,334.258,145.396,246.837,0.0,0.0,0.0,1196.4,300.947,0.0
298,12.0652,55.8478,6347.95,7.12384,523.191,0.0,0.0,0.0,74.1179,0.0,0.0,0.0,114.913,0.0,0.0,515.355,0.0,0.0,0.0,0,0.0,104.271,0.0,3521.34,0.0,0.0,0.0,1487.63,0.0,0.0
299,10.1894,56.1703,31302.0,31.3985,5708.83,0.0,0.0,0.0,969.143,0.0,616.721,0.0,6393.37,0.0,0.0,1280.08,0.0,0.0,0.0,0,807.773,4913.77,6671.47,3811.16,0.0,0.0,0.0,0.0,98.2423,0.0
300,11.789,55.4532,30855.2,11.2348,0.0,4000.0,0.0,0.0,0.0,185.775,0.0,0.0,8724.06,273.109,0.0,90.9655,0.0,2296.76,3.49293,0,85.1678,4848.95,6536.28,3799.35,0.0,0.0,0.0,0.0,0.0,0.0
301,10.8051,55.3096,14418.3,0.0,260.647,50.4063,242.134,0.0,180.575,0.0,0.0,0.0,8856.74,0.0,70.5852,0.0,58.5226,1195.69,160.627,0,158.077,227.14,0.0,2821.52,0.0,0.0,0.0,135.637,0.0,0.0
302,12.5404,55.7113,14660.0,20.1077,6082.8,0.0,0.0,66.7351,5100.48,0.0,155.54,0.0,0.0,331.21,0.0,132.368,0.0,0.0,8.57959,0,333.253,379.634,74.2348,378.342,131.521,83.1001,0.0,1240.48,0.0,141.581
303,9.75905,55.4966,10108.8,14.2742,8854.47,0.0,0.0,0.0,0.0,0.0,0.0,0.0,0.0,0.0,0.0,1073.77,0.0,0.0,3.05735,0,0.0,76.5628,0.0,86.6189,0.0,0.0,0.0,0.0,0.0,0.0
304,9.69435,56.7829,15531.6,0.0,0.0,0.0,0.0,0.0,0.0,0.0,0.0,0.0,7340.57,0.0,0.0,0.0,0.0,7822.6,269.742,0,56.5042,0.0,0.0,42.1968,0.0,0.0,0.0,0.0,0.0,0.0
305,10.132,56.1132,100.743,0.0,0.0,0.0,0.0,0.0,0.0,0.0,0.0,0.0,0.0,0.0,0.0,0.0,0.0,0.0,15.4847,0,0.0,0.0,0.0,0.0,0.0,85.2581,0.0,0.0,0.0,0.0
306,9.57014,55.7226,10868.2,4.37322,404.451,0.0,0.0,0.0,61.2334,0.0,0.0,0.0,7577.96,0.0,0.0,111.67,0.0,2000.91,99.5105,0,470.433,0.0,0.0,137.633,0.0,0.0,0.0,0.0,0.0,0.0
307,12.6203,55.6546,14901.9,8.33263,2703.78,0.0,0.0,0.0,0.0,0.0,167.181,144.027,233.938,3537.37,64.638,45.6228,0.0,0.0,0.0,0,2412.97,840.18,0.0,716.698,0.0,169.685,0.0,3805.99,51.5108,0.0
308,10.1036,56.1828,16741.7,1.52485,83.982,0.0,0.0,0.0,183.503,0.0,0.0,0.0,7500.0,0.0,0.0,0.0,0.0,0.0,27.8148,0,0.0,2294.43,0.0,6602.87,0.0,0.0,0.0,47.6254,0.0,0.0
309,12.4627,55.6925,10426.6,0.328757,2857.28,0.0,0.0,56.2669,0.0,0.0,951.19,67.001,0.0,0.0,0.0,1992.26,0.0,0.0,10.5629,0,57.5943,3742.11,0.0,270.057,0.0,0.0,0.0,421.93,0.0,0.0
310,9.33597,55.0732,10595.4,419.189,802.652,0.0,0.0,0.0,0.0,0.0,0.0,0.0,0.0,0.0,0.0,0.0,0.0,0.0,3.1572,0,3368.32,904.4,0.0,5097.72,0.0,0.0,0.0,0.0,0.0,0.0
311,12.3891,55.7318,2861.8,27.3837,0.0,0.0,57.3049,125.335,0.0,0.0,0.0,0.0,0.0,0.0,0.0,337.545,0.0,0.0,0.0,0,52.4786,870.12,0.0,520.246,0.0,0.0,0.0,871.39,0.0,0.0
312,9.99318,57.0183,1808.71,0.0,178.561,0.0,0.0,67.5793,0.0,0.0,0.0,0.0,0.0,0.0,0.0,0.0,0.0,0.0,3.14176,0,0.0,0.0,0.0,36.632,0.0,0.0,0.0,0.0,0.0,1522.8
313,10.3768,55.3943,20438.7,247.449,1553.67,537.148,0.0,275.5,136.647,0.0,555.762,931.222,445.516,593.614,0.0,290.336,0.0,0.0,0.0,0,546.534,5225.06,0.0,5726.19,101.948,0.0,0.0,1675.86,1596.23,0.0
314,9.76777,55.5098,10485.9,0.0,80.5609,0.0,0.0,0.0,0.0,0.0,0.0,0.0,8369.81,0.0,0.0,0.0,0.0,1380.32,46.911,0,608.274,0.0,0.0,0.0,0.0,0.0,0.0,0.0,0.0,0.0
315,9.93466,57.0367,16008.7,2.26241,5156.39,0.0,4500.0,0.0,0.0,0.0,0.0,0.0,0.0,0.0,0.0,4500.0,0.0,165.051,3.9363,0,166.397,81.6693,0.0,1119.18,0.0,160.63,0.0,107.993,45.1646,0.0
316,12.5753,55.6268,22052.8,0.670496,1262.52,350.475,182.543,114.181,0.0,0.0,0.0,0.0,5204.28,0.0,1415.86,363.587,622.54,8769.03,371.941,0,0.0,633.596,313.461,281.885,0.0,636.772,0.0,1478.83,50.6404,0.0
317,11.9882,54.9487,1953.65,0.0,0.0,0.0,0.0,0.0,0.0,0.0,0.0,0.0,0.0,0.0,0.0,0.0,0.0,1812.79,140.857,0,0.0,0.0,0.0,0.0,0.0,0.0,0.0,0.0,0.0,0.0
318,12.3552,55.6146,14220.6,6.04686,181.119,0.0,0.0,274.685,295.545,0.0,0.0,0.0,0.0,0.0,0.0,4500.0,0.0,238.97,26.6032,0,859.899,3937.51,0.0,3900.2,0.0,0.0,0.0,0.0,0.0,0.0
319,12.1574,55.4867,10442.7,70.708,0.0,0.0,0.0,7642.56,0.0,0.0,0.0,0.0,536.694,0.0,0.0,0.0,0.0,1912.57,280.122,0,0.0,0.0,0.0,0.0,0.0,0.0,0.0,0.0,0.0,0.0
320,9.80563,54.9295,6367.46,10.6503,118.543,0.0,0.0,0.0,0.0,0.0,0.0,0.0,338.869,0.0,0.0,0.0,0.0,0.0,199.331,0,557.898,4593.18,120.526,86.4044,0.0,342.05,0.0,0.0,0.0,0.0
321,10.2522,56.15,0.0,0.0,0.0,0.0,0.0,0.0,0.0,0.0,0.0,0.0,0.0,0.0,0.0,0.0,0.0,0.0,0.0,0,0.0,0.0,0.0,0.0,0.0,0.0,0.0,0.0,0.0,0.0
322,10.5104,57.3893,174.689,0.0,0.0,0.0,0.0,0.0,0.0,0.0,0.0,0.0,0.0,0.0,0.0,0.0,0.0,160.437,14.2517,0,0.0,0.0,0.0,0.0,0.0,0.0,0.0,0.0,0.0,0.0
323,12.5866,55.6661,25184.0,8.76514,3670.57,0.0,4500.0,0.0,234.619,0.0,167.8,425.003,0.0,0.0,3607.17,4916.74,0.0,0.0,0.0,0,287.574,4041.18,0.0,635.913,0.0,84.1346,0.0,2259.05,93.8898,251.605
324,11.0912,55.6787,15509.9,49.0901,424.59,1978.26,0.0,0.0,5219.86,0.0,0.0,511.051,0.0,0.0,0.0,111.482,0.0,0.0,0.0,0,158.19,2807.03,0.0,4250.34,0.0,0.0,0.0,0.0,0.0,0.0
325,9.97839,56.0681,21519.6,1.12629,0.0,0.0,0.0,0.0,0.0,0.0,0.0,0.0,7500.0,0.0,0.0,0.0,0.0,13991.1,27.422,0,0.0,0.0,0.0,0.0,0.0,0.0,0.0,0.0,0.0,0.0
326,8.14186,55.5556,5389.83,0.0,169.971,0.0,0.0,0.0,0.0,0.0,0.0,0.0,0.0,0.0,0.0,0.0,0.0,0.0,0.0,0,1121.89,520.636,0.0,3577.33,0.0,0.0,0.0,0.0,0.0,0.0
327,11.8736,54.7675,16528.4,18.7558,5591.08,78.1117,687.477,0.0,474.872,0.0,0.0,0.0,2187.28,0.0,0.0,297.212,0.0,0.0,0.0,0,498.117,5837.37,0.0,485.42,0.0,0.0,0.0,83.5626,289.112,0.0
328,10.8403,55.2973,5658.03,0.0,0.0,0.0,0.0,0.0,0.0,0.0,0.0,0.0,0.0,0.0,0.0,0.0,0.0,4695.19,962.84,0,0.0,0.0,0.0,0.0,0.0,0.0,0.0,0.0,0.0,0.0
329,10.8049,55.3094,13977.7,0.0,270.478,50.6393,247.625,0.0,183.179,0.0,0.0,0.0,8848.01,0.0,68.6562,0.0,56.09,1114.21,148.654,0,161.266,239.91,0.0,2463.07,0.0,0.0,0.0,125.947,0.0,0.0
330,10.6789,56.2027,11977.1,0.0,2462.61,0.0,0.0,0.0,883.371,0.0,0.0,0.0,0.0,0.0,0.0,0.0,0.0,0.0,0.0,0,74.1531,4278.69,0.0,4113.21,0.0,0.0,0.0,0.0,165.106,0.0
331,12.3352,55.6581,1316.6,2.54574,0.0,0.0,0.0,0.0,57.0734,0.0,0.0,0.0,0.0,0.0,0.0,0.0,0.0,0.0,33.3032,0,53.2515,336.526,0.0,351.388,0.0,0.0,0.0,482.509,0.0,0.0
332,8.59171,56.4933,12208.8,0.0,4477.81,560.633,0.0,0.0,269.842,0.0,0.0,0.0,111.313,0.0,0.0,0.0,0.0,0.0,0.0,0,197.687,5342.32,0.0,1249.22,0.0,0.0,0.0,0.0,0.0,0.0
333,12.46,55.6456,23728.7,14.9212,287.163,0.0,0.0,0.0,0.0,0.0,0.0,122.668,7500.0,124.504,0.0,0.0,0.0,1467.83,161.8,0,191.286,4500.0,0.0,4701.22,0.0,0.0,0.0,4267.33,230.086,159.889
334,9.54478,55.709,16078.7,105.579,9043.93,53.6921,3414.91,0.0,56.0701,0.0,0.0,0.0,0.0,83.2979,126.356,213.774,30.5117,0.0,6.29432,0,418.472,456.185,116.095,1905.02,0.0,0.0,0.0,0.0,48.5042,0.0
335,9.3663,55.065,10243.7,1.8828,0.0,0.0,0.0,0.0,0.0,0.0,0.0,0.0,735.61,0.0,0.0,0.0,0.0,5340.5,165.68,0,4000.0,0.0,0.0,0.0,0.0,0.0,0.0,0.0,0.0,0.0
336,9.6951,56.7841,16954.0,0.0,0.0,0.0,0.0,0.0,0.0,0.0,0.0,0.0,12049.0,0.0,0.0,0.0,0.0,4582.25,220.135,0,58.5331,0.0,0.0,44.0905,0.0,0.0,0.0,0.0,0.0,0.0
337,11.7857,55.2527,5283.84,0.0,0.0,0.0,0.0,0.0,0.0,0.0,0.0,0.0,2964.97,0.0,0.0,0.0,0.0,0.0,12.2831,0,0.0,331.757,769.38,1205.45,0.0,0.0,0.0,0.0,0.0,0.0
338,12.5351,55.6639,22334.2,19.4872,5178.44,0.0,116.864,5286.5,368.745,0.0,0.0,459.175,533.084,0.0,0.0,162.326,0.0,0.0,0.0,0,1001.32,764.509,0.0,4654.75,0.0,0.0,0.0,3671.08,117.888,0.0
339,11.8969,54.8999,4549.1,0.0,0.0,0.0,0.0,0.0,0.0,0.0,0.0,0.0,0.0,0.0,0.0,0.0,0.0,0.0,14.0747,0,0.0,4500.0,0.0,35.0205,0.0,0.0,0.0,0.0,0.0,0.0
340,9.27575,55.4575,0.0,0.0,0.0,0.0,0.0,0.0,0.0,0.0,0.0,0.0,0.0,0.0,0.0,0.0,0.0,0.0,0.0,0,0.0,0.0,0.0,0.0,0.0,0.0,0.0,0.0,0.0,0.0
341,12.0841,55.642,28590.5,8.92801,9190.61,0.0,0.0,0.0,2242.91,0.0,1951.74,539.248,971.046,160.396,0.0,653.973,35.5194,0.0,5.28674,0,2074.59,9730.17,61.4965,558.015,91.0141,0.0,0.0,111.521,204.062,0.0
342,11.7176,55.7146,19672.4,24.3958,432.2,102.284,0.0,106.178,0.0,0.0,0.0,255.194,6002.2,258.878,66.4221,530.774,0.0,0.0,0.0,0,683.583,4396.79,65.0468,6324.32,0.0,0.0,0.0,0.0,424.183,0.0
343,12.2855,55.6602,11513.6,35.4031,221.765,0.0,0.0,0.0,0.0,0.0,0.0,0.0,7962.04,0.0,0.0,0.0,0.0,724.933,43.9788,0,0.0,114.65,0.0,60.7159,0.0,0.0,0.0,2300.92,49.1818,0.0
344,12.295,55.5827,24362.6,3.0118,8567.12,0.0,0.0,0.0,91.515,0.0,0.0,48.5415,0.0,0.0,0.0,111.262,0.0,0.0,9.19873,0,685.422,0.0,6000.0,5622.86,0.0,0.0,0.0,3223.63,0.0,0.0
345,12.6058,55.6687,19536.6,186.99,5451.53,115.161,75.1254,0.0,554.304,0.0,158.103,383.88,0.0,0.0,0.0,927.321,0.0,0.0,0.0,0,321.196,500.165,158.883,5414.65,0.0,302.648,0.0,4947.71,38.8955,0.0
346,9.71768,55.5368,15677.5,0.0,0.0,0.0,0.0,0.0,0.0,0.0,0.0,0.0,10056.5,0.0,0.0,0.0,0.0,2030.8,37.8428,0,0.0,0.0,0.0,3552.4,0.0,0.0,0.0,0.0,0.0,0.0
347,9.55111,56.1683,25391.2,3136.74,5086.14,136.101,445.7,1298.25,0.0,0.0,0.0,328.498,1134.34,252.167,0.0,1040.56,0.0,0.0,0.0,0,1972.02,7502.86,0.0,2813.01,0.0,0.0,0.0,0.0,244.836,0.0
348,10.0554,56.4337,5972.06,61.0682,55.6869,0.0,1200.28,0.0,0.0,0.0,0.0,0.0,162.728,0.0,0.0,86.208,0.0,240.218,3454.15,0,50.424,414.892,127.074,119.337,0.0,0.0,0.0,0.0,0.0,0.0
349,12.5319,55.7059,26410.8,19.7807,9286.9,0.0,176.757,852.571,1084.83,119.166,108.159,0.0,0.0,0.0,0.0,468.908,0.0,0.0,12.9863,0,725.612,2708.74,249.947,1601.29,3490.57,0.0,0.0,5302.67,0.0,201.932
350,12.6226,55.6699,6370.07,6.72273,420.367,0.0,0.0,0.0,108.309,0.0,0.0,949.333,0.0,0.0,0.0,619.79,0.0,0.0,0.0,0,43.8753,553.17,0.0,209.433,0.0,0.0,0.0,2015.14,1443.93,0.0
351,9.35005,56.1313,6300.98,18.7257,0.0,0.0,0.0,0.0,0.0,0.0,0.0,0.0,0.0,0.0,0.0,0.0,0.0,5940.91,224.622,0,0.0,116.722,0.0,0.0,0.0,0.0,0.0,0.0,0.0,0.0
352,8.54802,55.5212,2936.51,346.568,0.0,0.0,0.0,0.0,0.0,0.0,0.0,0.0,0.0,0.0,0.0,0.0,0.0,2237.08,352.857,0,0.0,0.0,0.0,0.0,0.0,0.0,0.0,0.0,0.0,0.0
353,11.8552,54.7589,11180.8,115.861,43.0722,0.0,0.0,0.0,0.0,0.0,0.0,0.0,7500.0,0.0,0.0,0.0,0.0,0.0,0.0,0,0.0,0.0,0.0,3521.9,0.0,0.0,0.0,0.0,0.0,0.0
354,11.1202,55.3477,11063.6,0.0,364.992,0.0,0.0,0.0,0.0,0.0,0.0,0.0,0.0,0.0,0.0,0.0,0.0,9500.73,1074.1,0,52.4843,0.0,0.0,71.3024,0.0,0.0,0.0,0.0,0.0,0.0
355,12.6244,55.6271,14336.1,1.32705,7741.56,0.0,46.9398,0.0,0.0,0.0,0.0,0.0,0.0,0.0,0.0,106.726,0.0,346.648,123.159,0,0.0,1133.79,0.0,563.77,0.0,434.314,0.0,3837.83,0.0,0.0
356,9.89723,56.5416,20678.4,0.0,0.0,0.0,0.0,0.0,0.0,0.0,0.0,0.0,7500.0,0.0,0.0,0.0,0.0,12445.0,733.379,0,0.0,0.0,0.0,0.0,0.0,0.0,0.0,0.0,0.0,0.0
357,11.4772,54.7791,7916.97,0.0,0.0,0.0,0.0,0.0,0.0,0.0,0.0,0.0,7009.48,0.0,0.0,0.0,0.0,623.146,88.9157,0,0.0,114.823,0.0,80.6007,0.0,0.0,0.0,0.0,0.0,0.0
358,10.4332,55.3781,12380.6,1.19538,742.842,113.251,0.0,0.0,54.7277,0.0,50.7585,0.0,5306.99,0.0,0.0,57.7645,0.0,0.0,0.0,0,0.0,145.403,103.807,5679.13,0.0,124.773,0.0,0.0,0.0,0.0
359,12.5297,55.6784,31517.4,122.216,9331.5,832.49,212.395,258.195,200.047,0.0,282.12,320.953,1158.28,89.0543,0.0,1082.7,0.0,0.0,5.6781,0,1559.26,6950.81,531.092,4339.45,0.0,0.0,0.0,3140.12,574.386,526.675
360,10.6154,55.0639,21805.0,172.131,5628.97,87.3207,0.0,0.0,2521.46,0.0,113.588,42.8471,1461.88,37.1618,0.0,61.5533,0.0,0.0,0.0,0,1121.14,934.121,90.7615,5691.68,0.0,0.0,0.0,3547.2,239.45,53.7347
361,12.0822,55.6373,25322.4,15.7937,4900.44,0.0,0.0,0.0,1050.85,31.9149,275.456,400.589,514.19,338.913,0.0,244.11,84.2068,0.0,9.40518,0,2438.93,9727.13,0.0,4871.05,187.434,0.0,0.0,167.977,64.0203,0.0
362,12.2577,55.5849,14915.7,13.7691,0.0,0.0,0.0,0.0,0.0,0.0,0.0,0.0,12049.0,0.0,0.0,0.0,0.0,2717.65,77.9695,0,57.2852,0.0,0.0,0.0,0.0,0.0,0.0,0.0,0.0,0.0
363,12.2171,55.5342,10645.4,0.0,1385.71,82.674,0.0,0.0,0.0,0.0,0.0,0.0,0.0,0.0,0.0,502.127,0.0,0.0,30.7396,0,345.616,2032.24,0.0,6266.31,0.0,0.0,0.0,0.0,0.0,0.0
364,12.4785,55.7112,21734.1,28.0683,8943.02,0.0,0.0,0.0,0.0,0.0,4142.47,125.249,0.0,0.0,0.0,1039.18,0.0,0.0,4.44271,0,571.749,1199.64,0.0,4182.07,0.0,0.0,0.0,1498.22,0.0,0.0
365,8.96995,56.1348,17844.2,2799.83,558.41,208.556,2562.84,0.0,1121.44,0.0,1326.31,0.0,245.216,0.0,0.0,621.889,0.0,0.0,0.0,0,316.648,1254.86,3776.02,2920.82,0.0,0.0,0.0,0.0,131.329,0.0
366,12.5718,55.6689,17762.0,5.90683,1007.47,132.944,317.668,154.878,537.563,0.0,113.154,987.008,464.681,0.0,951.537,226.684,0.0,0.0,0.0,0,209.481,6874.46,0.0,400.486,227.784,0.0,0.0,4831.4,273.147,45.7902
367,12.5416,55.6472,11117.2,2.38865,4357.2,0.0,0.0,0.0,90.6143,0.0,0.0,55.5168,0.0,0.0,0.0,208.752,0.0,0.0,5.76084,0,107.709,403.56,0.0,297.077,0.0,0.0,0.0,4821.39,0.0,767.205
368,8.44414,55.4657,13702.0,107.382,4378.24,68.9706,637.769,0.0,1053.89,0.0,378.173,58.1718,387.034,90.9852,238.743,1419.53,0.0,0.0,0.0,0,738.792,3270.93,247.663,234.145,0.0,0.0,0.0,0.0,391.564,0.0
369,10.8088,55.3085,15350.6,0.0,133.084,0.0,94.6228,0.0,80.8692,0.0,0.0,0.0,9492.24,0.0,132.156,0.0,109.519,3390.4,247.563,0,57.8197,91.4219,0.0,1458.41,0.0,0.0,0.0,62.5085,0.0,0.0
370,12.559,55.6761,28997.8,17.9279,6004.69,1922.02,89.6796,178.724,476.135,0.0,51.2719,654.042,883.491,0.0,5640.05,780.802,0.0,0.0,0.0,0,721.809,4828.81,0.0,1161.44,75.2569,0.0,0.0,3063.95,2257.51,190.213
371,12.4744,55.6613,12144.3,340.387,3613.88,0.0,0.0,0.0,113.014,0.0,0.0,0.0,0.0,0.0,0.0,669.34,0.0,0.0,23.593,0,192.051,511.636,889.603,4016.15,0.0,0.0,0.0,1774.61,0.0,0.0
372,10.0423,57.4558,19181.7,6.6739,0.0,0.0,0.0,0.0,0.0,0.0,0.0,0.0,7500.0,0.0,0.0,0.0,0.0,11406.8,268.244,0,0.0,0.0,0.0,0.0,0.0,0.0,0.0,0.0,0.0,0.0
373,9.84563,55.4877,4245.19,0.0,0.0,0.0,0.0,0.0,0.0,0.0,0.0,0.0,0.0,0.0,0.0,0.0,0.0,3061.73,1183.46,0,0.0,0.0,0.0,0.0,0.0,0.0,0.0,0.0,0.0,0.0
374,8.21379,56.7053,6146.42,8.76263,472.323,0.0,0.0,0.0,0.0,0.0,0.0,0.0,0.0,0.0,0.0,0.0,0.0,0.0,0.0,0,47.8,5617.53,0.0,0.0,0.0,0.0,0.0,0.0,0.0,0.0
375,11.8306,55.6401,845.56,0.715585,0.0,0.0,0.0,0.0,0.0,0.0,0.0,0.0,0.0,0.0,0.0,0.0,0.0,723.631,51.2318,0,0.0,69.9824,0.0,0.0,0.0,0.0,0.0,0.0,0.0,0.0
376,12.2914,55.9292,12713.5,0.954499,1844.07,89.7276,0.0,151.415,0.0,0.0,141.577,223.741,0.0,0.0,0.0,141.79,0.0,0.0,0.0,0,316.5,1659.29,159.932,3640.49,0.0,0.0,0.0,4308.49,35.4993,0.0
377,9.87785,55.4782,1379.47,0.0,0.0,0.0,0.0,0.0,0.0,0.0,0.0,0.0,0.0,0.0,0.0,0.0,0.0,803.291,576.179,0,0.0,0.0,0.0,0.0,0.0,0.0,0.0,0.0,0.0,0.0
378,12.5606,55.713,31678.4,27.7212,7694.15,0.0,0.0,65.2205,186.986,0.0,4080.86,0.0,214.025,178.472,0.0,618.621,0.0,8927.65,292.593,0,420.534,731.193,0.0,4909.86,160.221,84.2209,0.0,3086.03,0.0,0.0
379,9.37871,54.9399,9807.69,12.1726,0.0,0.0,0.0,0.0,0.0,0.0,0.0,0.0,6938.28,0.0,0.0,0.0,0.0,2638.7,218.54,0,0.0,0.0,0.0,0.0,0.0,0.0,0.0,0.0,0.0,0.0
380,9.71852,55.5358,15607.9,0.0,0.0,0.0,0.0,0.0,0.0,0.0,0.0,0.0,8776.54,0.0,0.0,0.0,0.0,3771.11,58.3246,0,41.1025,0.0,0.0,2960.86,0.0,0.0,0.0,0.0,0.0,0.0
381,9.76477,55.5113,6371.11,0.0,156.557,0.0,0.0,0.0,0.0,0.0,0.0,0.0,4712.23,0.0,0.0,0.0,0.0,1290.51,57.9308,0,153.878,0.0,0.0,0.0,0.0,0.0,0.0,0.0,0.0,0.0
382,9.46287,55.5126,13448.4,67.5468,0.0,1300.98,0.0,444.769,0.0,0.0,0.0,0.0,4783.42,0.0,0.0,53.9994,0.0,0.0,4.35978,0,201.681,4308.86,1362.92,919.819,0.0,0.0,0.0,0.0,0.0,0.0
383,9.17301,56.1224,8395.86,7.35122,0.0,0.0,0.0,0.0,0.0,0.0,0.0,0.0,7182.94,0.0,0.0,0.0,0.0,1191.69,13.8732,0,0.0,0.0,0.0,0.0,0.0,0.0,0.0,0.0,0.0,0.0
384,9.69089,56.7833,3002.98,0.0,0.0,0.0,0.0,0.0,0.0,0.0,0.0,0.0,1446.17,0.0,0.0,0.0,0.0,1329.69,60.4585,0,97.5958,0.0,0.0,69.0668,0.0,0.0,0.0,0.0,0.0,0.0
385,10.0618,56.4303,11378.4,72.0293,136.118,0.0,309.329,109.504,0.0,0.0,0.0,0.0,2035.99,0.0,0.0,0.0,0.0,540.186,146.63,0,184.031,5756.92,1693.61,394.014,0.0,0.0,0.0,0.0,0.0,0.0
386,9.54709,55.6637,12190.6,5.93349,0.0,0.0,0.0,0.0,0.0,0.0,0.0,0.0,3382.66,0.0,0.0,0.0,0.0,8747.55,54.4969,0,0.0,0.0,0.0,0.0,0.0,0.0,0.0,0.0,0.0,0.0
387,9.36084,55.0682,19116.7,5.66225,0.0,0.0,0.0,0.0,0.0,0.0,0.0,0.0,13418.0,0.0,0.0,0.0,0.0,5370.09,183.049,0,139.901,0.0,0.0,0.0,0.0,0.0,0.0,0.0,0.0,0.0
388,9.00689,56.1353,10497.9,28.2026,226.574,0.0,0.0,0.0,0.0,0.0,0.0,0.0,4881.68,0.0,101.124,0.0,0.0,1623.07,177.808,0,50.1644,503.527,268.229,2637.5,0.0,0.0,0.0,0.0,0.0,0.0
389,12.5048,55.7727,31130.7,3.21261,2124.2,712.856,92.3678,0.0,1085.0,0.0,0.0,253.513,1804.44,0.0,239.439,3508.76,25.0871,380.563,29.6684,0,4520.45,3546.06,6000.0,4141.96,0.0,175.847,0.0,2487.28,0.0,0.0
390,9.96868,57.0885,4694.34,0.0,0.0,0.0,0.0,0.0,0.0,0.0,0.0,0.0,0.0,0.0,0.0,0.0,0.0,3685.24,1009.1,0,0.0,0.0,0.0,0.0,0.0,0.0,0.0,0.0,0.0,0.0
391,10.4267,55.3865,16523.0,3.90017,525.854,830.116,0.0,0.0,208.901,0.0,715.124,0.0,8605.56,0.0,0.0,141.362,0.0,0.0,0.0,0,0.0,3961.53,677.664,853.027,0.0,0.0,0.0,0.0,0.0,0.0
392,10.0633,56.4296,18167.5,84.6828,202.062,0.0,184.071,151.542,0.0,0.0,0.0,0.0,3900.76,0.0,0.0,0.0,0.0,459.777,112.966,0,219.293,8351.61,3871.92,628.78,0.0,0.0,0.0,0.0,0.0,0.0
393,12.2748,55.643,10048.9,11.6297,205.085,0.0,0.0,0.0,66.5624,0.0,0.0,56.578,0.0,0.0,0.0,3501.68,0.0,0.0,0.0,0,0.0,171.064,2516.2,2707.18,0.0,0.0,0.0,812.907,0.0,0.0
394,9.66793,55.7864,13490.8,3.98806,0.0,0.0,0.0,0.0,0.0,0.0,0.0,0.0,12049.0,0.0,0.0,0.0,0.0,1414.72,23.0697,0,0.0,0.0,0.0,0.0,0.0,0.0,0.0,0.0,0.0,0.0
395,11.3618,55.3879,4930.46,0.0,0.0,0.0,0.0,0.0,52.2353,0.0,0.0,0.0,236.397,0.0,0.0,0.0,0.0,3729.47,579.891,0,48.836,0.0,0.0,155.218,0.0,128.409,0.0,0.0,0.0,0.0
396,9.71694,55.5345,29781.6,0.0,0.0,0.0,0.0,0.0,0.0,0.0,0.0,0.0,10960.0,0.0,0.0,0.0,0.0,17953.0,100.821,0,41.9373,0.0,0.0,725.792,0.0,0.0,0.0,0.0,0.0,0.0
397,10.4198,55.3527,11669.0,1.50791,112.834,0.0,0.0,0.0,0.0,0.0,0.0,0.0,5090.49,0.0,0.0,0.0,0.0,4714.84,517.831,0,0.0,0.0,0.0,0.0,0.0,0.0,0.0,1231.55,0.0,0.0
398,12.1614,55.4893,10715.7,75.8541,0.0,0.0,0.0,818.197,0.0,0.0,0.0,0.0,3892.53,0.0,0.0,0.0,0.0,5663.11,265.968,0,0.0,0.0,0.0,0.0,0.0,0.0,0.0,0.0,0.0,0.0
399,12.1631,55.489,16616.0,97.4027,0.0,0.0,0.0,541.844,0.0,0.0,0.0,0.0,7500.0,0.0,0.0,0.0,0.0,7963.27,513.438,0,0.0,0.0,0.0,0.0,0.0,0.0,0.0,0.0,0.0,0.0
