,longitude,latitude,gravity,traffic,apartments,cinemas,clinics,colleges,communityCentres,conferenceCentres,dentists,eventsVenues,fastFoods,hospitals,hotels,leisureFitnessCentres,leisureStadiums,placesOfWorship,restaurants,shopMalls,shopSupermarkets,sportsCentres,sportsHalls,stadiums,substationMinorDistributions,theatres,universities,ratios_length,minCapacity,maxCapacity,slug,use,kommune
0,8.83612,56.782,851.252,0.0,0.0,0.0,0.0,0.0,0.0,0.0,0.0,13.3376,356.92,0.0,0.0,0.0,0.0,300.77,0.0,0.0,180.225,0.0,0.0,0.0,0.0,0,0,1,50.0,50.0,7nyr93,0.16,Morsø
1,10.1824,57.0617,13377.8,0.0,0.0,0.0,0.0,0.0,0.0,0.0,0.0,0.0,0.0,0.0,0.0,0.0,0.0,0.0,0.0,0.0,13377.8,0.0,0.0,0.0,0.0,0,0,2,90.0,90.0,5np96k,0.26,Aalborg
2,9.12968,55.1301,26765.5,22.2776,0.0,0.0,0.0,0.0,0.0,0.0,0.0,0.0,0.0,0.0,0.0,0.0,0.0,346.131,13155.0,0.0,13242.1,0.0,0.0,0.0,0.0,0,0,2,43.0,50.0,pz5kg3,0.37,Tønder
3,11.343,55.414,2577.2,0.0,159.43,0.0,0.0,74.2319,0.0,0.0,0.0,0.695362,0.0,0.0,0.0,193.418,0.0,0.0,1236.05,0.0,913.374,0.0,0.0,0.0,0.0,0,0,4,50.0,60.0,39xd56,0.44,Slagelse
4,9.91177,56.3591,12957.3,38.953,0.0,0.0,0.0,0.0,49.5653,0.0,0.0,0.0,0.0,0.0,0.0,0.0,0.0,326.201,11958.7,0.0,583.895,0.0,0.0,0.0,0.0,0,0,2,150.0,150.0,7ky5yz,0.49,Favrskov
5,11.8599,55.5921,36901.9,174.466,425.955,6.11473,1208.05,0.0,0.0,0.0,0.0,0.0,0.0,0.0,0.0,814.118,0.0,1360.08,6392.18,0.0,13349.8,0.0,0.0,0.0,13171.1,0,0,2,75.0,75.0,rp39yz,0.53,Lejre
6,9.99036,57.2485,1108.69,33.4618,0.0,0.0,0.0,0.0,0.0,0.0,0.0,0.0,0.0,0.0,0.0,0.0,0.0,278.744,0.0,0.0,796.488,0.0,0.0,0.0,0.0,0,0,2,50.0,50.0,ejq8zp,0.63,Brønderslev
7,9.24193,56.9648,9873.46,0.0,90.0168,1.49159,0.0,0.0,0.0,0.0,2.89749,0.0,0.0,0.0,0.0,0.0,0.0,221.969,9557.09,0.0,0.0,0.0,0.0,0.0,0.0,0,0,5,11.0,150.0,y67jq,0.69,Vesthimmerland
8,10.1824,57.0617,13377.8,0.0,0.0,0.0,0.0,0.0,0.0,0.0,0.0,0.0,0.0,0.0,0.0,0.0,0.0,0.0,0.0,0.0,13377.8,0.0,0.0,0.0,0.0,0,0,2,85.5,85.5,3r926z,0.78,Aalborg
9,8.80521,56.3904,13828.1,0.0,0.0,0.0,0.0,0.0,42.2387,0.0,0.0,0.0,0.0,0.0,0.0,300.893,0.0,0.0,0.0,0.0,13485.0,0.0,0.0,0.0,0.0,0,0,2,150.0,150.0,5jq92e,0.8,Holstebro
10,11.296,55.488,10.4287,10.4287,0.0,0.0,0.0,0.0,0.0,0.0,0.0,0.0,0.0,0.0,0.0,0.0,0.0,0.0,0.0,0.0,0.0,0.0,0.0,0.0,0.0,0,0,2,300.0,300.0,m8zkjj,0.85,Kalundborg
11,9.79439,56.3915,16401.3,3.30674,0.0,0.0,0.0,0.0,0.0,0.0,5.58124,0.0,0.0,0.0,0.0,0.0,0.0,137.042,0.0,0.0,16255.4,0.0,0.0,0.0,0.0,0,0,4,28.8,50.0,m86pwk,0.91,Favrskov
12,8.29872,56.1965,933.165,0.0,0.0,0.0,0.0,0.0,0.0,0.0,0.0,0.0,0.0,0.0,0.0,0.0,0.0,0.0,0.0,0.0,933.165,0.0,0.0,0.0,0.0,0,0,2,150.0,150.0,wxdewp,0.92,Ringkøbing-Skjern
13,10.0641,56.4662,6339.23,0.0,4602.69,0.0,456.008,0.0,0.0,0.0,0.0,0.0,0.0,0.0,0.0,0.0,0.0,188.554,315.907,0.0,776.074,0.0,0.0,0.0,0.0,0,0,3,22.1,60.0,exnwyy,0.96,Randers
14,8.85901,56.0312,1782.8,11.0759,1396.4,0.0,0.0,0.0,68.5967,0.0,14.6675,0.0,0.0,0.0,13.2999,0.0,0.0,0.0,0.0,0.0,278.767,0.0,0.0,0.0,0.0,0,0,2,150.0,150.0,m8xe2d,0.98,Herning
15,10.4105,54.8869,20078.0,0.0,5023.45,0.0,0.0,0.0,0.0,0.0,21.4696,0.0,0.0,59.3784,30.5108,0.0,0.0,2748.38,11467.6,0.0,386.474,340.734,0.0,0.0,0.0,0,0,2,60.0,60.0,626ngz,0.99,Ærø
16,11.9156,55.0071,17412.3,0.0,13117.9,0.0,0.0,0.0,131.49,0.0,0.0,0.0,0.0,111.034,0.0,203.57,93.7418,444.211,2922.94,0.0,387.404,0.0,0.0,0.0,0.0,0,0,2,150.0,150.0,5jq9ke,1.03,Vordingborg
17,9.9104,55.2611,2529.03,143.589,1766.94,0.0,0.0,0.0,0.0,0.0,0.0,0.0,0.0,0.0,0.0,0.0,0.0,0.0,0.0,0.0,0.0,0.0,0.0,0.0,618.501,0,0,2,150.0,150.0,exnwzy,1.06,Assens
18,10.0632,56.264,36613.6,106.881,7391.54,0.0,0.0,0.0,0.0,0.0,0.0,0.0,0.0,0.0,0.0,0.0,675.98,0.0,8642.33,0.0,19796.9,0.0,0.0,0.0,0.0,0,0,4,50.0,50.0,gmeqzj,1.06,Favrskov
19,10.0467,56.3267,16493.9,40.293,2041.4,25.2487,0.0,0.0,312.235,0.0,0.0,7.24048,0.0,0.0,0.0,0.0,0.0,700.752,4786.7,0.0,8579.98,0.0,0.0,0.0,0.0,0,0,4,50.0,50.0,n9zren,1.07,Favrskov
20,8.22163,56.7002,1847.09,0.0,365.897,0.0,0.0,0.0,0.0,0.0,0.0,0.0,0.0,0.0,0.0,0.0,0.0,0.0,1213.09,0.0,268.099,0.0,0.0,0.0,0.0,0,0,2,150.0,150.0,kj3rrz,1.09,Lemvig
21,11.7901,55.2542,4717.34,15.3291,0.0,0.0,0.0,0.0,0.0,0.0,0.0,0.0,1450.92,0.0,0.0,0.0,0.0,0.0,2414.56,36.8434,799.686,0.0,0.0,0.0,0.0,0,0,3,50.0,75.0,rqyd9,1.13,Næstved
22,9.86709,56.2554,21062.6,0.0,1582.4,33.7507,0.0,0.0,0.0,0.0,0.0,0.0,0.0,2984.89,0.0,0.0,0.0,1286.01,0.0,976.265,14199.3,0.0,0.0,0.0,0.0,0,0,4,50.0,124.0,qz53kg,1.16,Favrskov
23,11.8716,54.8991,6769.73,0.0,0.0,0.0,0.0,0.0,0.0,0.0,0.0,0.0,0.0,0.0,0.0,0.0,0.0,5197.82,0.0,0.0,1571.91,0.0,0.0,0.0,0.0,0,0,2,150.0,150.0,nz69w2,1.22,Guldborgsund
24,11.7995,55.2742,469.165,0.0,0.0,0.0,0.0,0.0,0.0,0.0,0.0,0.0,0.0,0.0,0.0,0.0,0.0,116.702,0.0,0.0,352.463,0.0,0.0,0.0,0.0,0,0,2,150.0,150.0,rgjd25,1.25,Næstved
25,11.789,55.4508,51060.0,411.635,71.4402,11.9203,0.0,0.0,0.0,15705.7,0.0,0.0,9181.95,1927.41,0.0,304.547,0.0,350.491,9524.8,239.009,13331.2,0.0,0.0,0.0,0.0,0,0,2,43.0,50.0,y68n9,1.36,Ringsted
26,9.47472,55.2597,2965.89,11.9208,1713.1,0.0,0.0,90.2699,10.5954,0.0,0.0,0.0,327.357,0.0,0.0,0.0,0.0,211.794,0.0,0.0,429.251,0.0,0.0,171.603,0.0,0,0,2,150.0,150.0,7kkxxj,1.36,Haderslev
27,10.5062,56.381,3548.09,0.0,0.0,0.0,0.0,0.0,0.0,0.0,138.578,0.0,0.0,0.0,0.0,0.0,0.0,0.0,3177.71,0.0,167.911,0.0,63.8845,0.0,0.0,0,0,2,150.0,150.0,zprj3z,1.48,Syddjurs
28,11.5743,55.8492,2462.22,6.90356,0.0,5.36531,1268.59,0.0,51.755,0.0,0.0,0.787006,0.0,0.0,0.0,0.0,0.0,214.955,604.573,0.0,309.292,0.0,0.0,0.0,0.0,0,0,2,150.0,150.0,jre33n,1.61,Odsherred
29,10.1852,56.1269,2056.04,0.0,466.284,0.0,0.0,0.0,44.6021,0.0,0.0,0.0,0.0,0.0,0.0,49.8743,60.8259,773.234,272.711,0.0,338.103,0.0,50.409,0.0,0.0,0,0,2,150.0,150.0,9e62kk,1.64,Århus
30,8.60822,57.1155,15447.0,0.579513,1002.43,0.0,0.0,0.0,0.0,0.0,0.0,1.99797,0.0,0.0,6.17318,0.0,0.0,244.305,12005.9,0.0,2185.61,0.0,0.0,0.0,0.0,0,0,3,22.0,60.0,xrmqr2,1.72,Thisted
31,10.6563,55.4602,2314.69,2.83442,0.0,0.0,0.0,0.0,0.0,0.0,0.0,0.0,0.0,0.0,0.0,0.0,0.0,0.0,322.689,0.0,1989.17,0.0,0.0,0.0,0.0,0,0,2,22.0,60.0,eerm7k,1.73,Kerteminde
32,9.96601,57.5921,5764.83,0.0,2214.7,0.0,0.0,0.0,0.0,0.0,0.0,0.0,0.0,0.0,0.0,0.0,0.0,993.892,1154.3,0.0,1401.94,0.0,0.0,0.0,0.0,0,0,4,300.0,300.0,xr5pze,1.73,Hjørring
33,9.48366,55.3608,1243.38,25.5733,214.691,0.0,0.0,0.0,0.0,0.0,0.0,0.0,0.0,0.0,0.0,0.0,0.0,318.59,0.0,0.0,684.53,0.0,0.0,0.0,0.0,0,0,2,150.0,150.0,gjenxn,1.77,Kolding
34,10.3397,55.4103,31886.5,30.8664,2221.87,0.0,2357.73,0.0,0.0,0.0,0.0,0.0,5867.75,0.0,0.0,373.402,0.0,0.0,7149.15,731.184,13154.6,0.0,0.0,0.0,0.0,0,0,2,300.0,300.0,6ejdj8,1.92,Odense
35,12.2293,55.5609,20107.5,9024.88,0.0,0.0,0.0,0.0,0.0,0.0,0.0,0.0,10823.5,0.0,5.73886,0.0,0.0,0.0,253.469,0.0,0.0,0.0,0.0,0.0,0.0,0,0,2,43.0,50.0,z65qz,1.93,Greve
36,12.6054,55.6211,3431.54,0.0,650.028,0.0,0.0,258.612,0.0,0.0,0.0,1.97654,0.0,0.0,0.0,0.0,0.0,119.327,317.476,0.0,464.277,0.0,0.0,0.0,1619.84,0,0,1,50.0,50.0,39mjj5,1.94,Tårnby
37,12.4889,55.7654,37037.3,7.48381,13978.7,0.0,556.163,0.0,0.0,0.0,0.0,0.0,0.0,0.0,0.0,0.0,0.0,446.03,271.087,0.0,12862.8,0.0,193.985,0.0,8721.02,0,0,2,300.0,300.0,3ryq3r,2.0,Lyngby-Taarbæk
38,11.9003,55.7084,25310.2,88.3586,0.0,0.0,0.0,0.0,0.0,0.0,0.0,0.0,0.0,0.0,0.0,0.0,0.0,98.8014,0.0,0.0,21589.3,0.0,0.0,0.0,3533.75,0,0,2,75.2,75.2,8nkngr,2.08,Lejre
39,9.13578,55.7314,17169.9,0.0,0.0,0.0,0.0,0.0,21.6726,0.0,0.0,0.660152,0.0,0.0,108.266,0.0,0.0,0.0,17039.3,0.0,0.0,0.0,0.0,0.0,0.0,0,0,2,150.0,150.0,5jnk7y,2.09,Billund
40,10.2372,56.2307,12590.0,45.2335,905.383,0.0,0.0,0.0,14.4372,0.0,0.0,3.13581,576.055,0.0,0.0,0.0,0.0,414.741,234.827,0.0,10396.2,0.0,0.0,0.0,0.0,0,0,2,150.0,150.0,ej672k,2.11,Århus
41,10.1775,56.1372,3737.16,0.0,794.722,0.0,235.582,0.0,11.567,0.0,0.0,0.0,0.0,0.0,0.0,1138.66,0.0,452.073,110.919,0.0,993.643,0.0,0.0,0.0,0.0,0,0,2,300.0,300.0,5jn75z,2.11,Århus
42,12.1864,55.4824,3220.88,0.0,0.0,0.0,0.0,0.0,0.0,0.0,0.0,0.0,2449.43,0.0,0.0,203.737,0.0,215.935,0.0,0.0,351.779,0.0,0.0,0.0,0.0,0,0,2,300.0,300.0,5jq9ge,2.14,Køge
43,10.0311,56.4707,31632.7,0.0,13514.0,1.27159,448.502,0.0,19.9343,0.0,0.0,1.26364,0.0,123.943,0.0,130.863,0.0,558.4,515.811,0.0,16318.7,0.0,0.0,0.0,0.0,0,0,2,150.0,150.0,7nzpw9,2.17,Randers
44,9.90815,57.0339,38264.1,0.0,14493.4,0.0,0.0,2144.46,0.0,0.0,0.0,0.711939,0.0,139.296,0.0,0.0,0.0,0.0,148.46,0.0,21337.8,0.0,0.0,0.0,0.0,0,0,2,300.0,300.0,rp75w9,2.19,Aalborg
45,9.09573,55.7359,630.851,11.0417,441.929,0.0,0.0,0.0,0.0,0.0,1.54549,0.0,0.0,0.0,0.0,0.0,0.0,0.0,0.0,0.0,176.335,0.0,0.0,0.0,0.0,0,0,6,22.0,150.0,25drzr,2.23,Billund
46,9.5784,56.1858,4142.14,126.76,0.0,0.0,257.484,0.0,0.0,0.0,0.0,0.0,0.0,0.0,0.0,0.0,1153.09,0.0,0.0,0.0,2604.81,0.0,0.0,0.0,0.0,0,0,8,600.0,600.0,pz6wdm,2.23,Silkeborg
47,9.64665,55.7945,563.935,150.15,0.0,0.0,0.0,0.0,0.0,0.0,0.0,0.0,0.0,0.0,0.0,0.0,0.0,413.785,0.0,0.0,0.0,0.0,0.0,0.0,0.0,0,0,2,150.0,150.0,k2knkx,2.31,Hedensted
48,8.38584,55.4383,14467.7,0.0,0.0,0.0,0.0,0.0,0.0,0.0,0.0,0.0,0.0,0.0,0.0,0.0,0.0,149.677,766.943,0.0,13551.0,0.0,0.0,0.0,0.0,0,0,2,300.0,300.0,6ee2rz,2.38,Fanø
49,8.58381,56.4869,44050.6,57.4639,785.355,3.07388,283.806,0.0,10.9402,0.0,0.0,0.0,20244.3,0.0,0.0,0.0,102.118,289.137,291.712,0.0,21982.7,0.0,0.0,0.0,0.0,0,0,2,240.0,240.0,9eknkd,2.39,Struer
50,8.30279,56.5497,17649.4,7.23953,4053.37,3.65079,0.0,0.0,38.349,961.935,0.0,0.0,0.0,64.7413,0.0,0.0,0.0,3654.22,8035.93,0.0,829.958,0.0,0.0,0.0,0.0,0,0,8,11.0,80.0,xrqjdj,2.43,Lemvig
51,9.99505,57.4565,27132.3,1084.88,3099.62,0.0,0.0,0.0,38.7132,0.0,143.666,0.0,1502.19,82.2087,0.0,146.188,1256.08,1231.04,9184.48,136.507,9226.73,0.0,0.0,0.0,0.0,0,0,11,67.0,300.0,7kne9d,2.48,Hjørring
52,9.90386,57.0224,15196.5,0.0,11870.4,0.0,0.0,0.0,0.0,0.0,0.0,0.0,0.0,0.0,0.0,0.0,0.0,702.276,2156.07,0.0,467.8,0.0,0.0,0.0,0.0,0,0,2,43.0,50.0,5w38e,2.48,Aalborg
53,8.96735,56.1567,2137.02,0.0,75.0903,0.0,1960.13,0.0,0.0,0.0,0.0,0.0,0.0,0.0,0.0,0.0,0.0,101.797,0.0,0.0,0.0,0.0,0.0,0.0,0.0,0,0,2,100.0,100.0,k2jp28,2.53,Herning
54,11.5153,54.7765,15457.9,0.0,806.884,0.0,0.0,0.0,0.0,0.0,0.0,0.684433,0.0,0.0,0.0,0.0,591.332,644.686,385.782,0.0,13028.5,0.0,0.0,0.0,0.0,0,0,2,150.0,150.0,gmmjjm,2.54,Lolland
55,8.49344,55.6105,18666.7,0.0,85.4173,0.0,0.0,0.0,0.0,0.0,0.0,0.0,378.083,39.0456,0.0,4314.47,0.0,0.0,0.0,20.0634,13829.6,0.0,0.0,0.0,0.0,0,0,6,60.0,300.0,kj3rmd,2.55,Varde
56,12.1732,55.4465,17829.8,0.0,16159.2,0.0,0.0,0.0,9.40867,0.0,0.0,0.0,0.0,0.0,0.0,261.812,0.0,199.857,248.948,0.0,950.593,0.0,0.0,0.0,0.0,0,0,6,60.0,300.0,zpxddy,2.56,Køge
57,10.4123,57.5925,36836.2,0.0,0.0,0.0,0.0,0.0,0.0,0.0,0.0,0.0,0.0,0.0,0.0,0.0,0.0,236.068,15517.1,0.0,21083.0,0.0,0.0,0.0,0.0,0,0,4,300.0,300.0,qzzn72,2.62,Frederikshavn
58,8.85353,56.7931,27109.3,0.0,0.0,5.35791,0.0,0.0,0.0,0.0,0.0,0.730183,0.0,0.0,0.0,0.0,0.0,3610.75,994.475,0.0,22313.7,0.0,184.294,0.0,0.0,0,0,6,60.0,300.0,6e3972,2.63,Morsø
59,12.5732,55.6685,32646.8,9.72633,1259.03,3.22512,1582.92,106.105,140.657,0.0,5.30781,11.9719,946.508,0.0,42.787,336.516,0.0,503.542,15050.9,0.0,1515.56,449.152,0.0,0.0,10682.9,0,0,2,43.0,50.0,952w6,2.67,København
60,9.56324,56.1868,22294.9,668.169,775.972,0.0,18937.3,0.0,0.0,0.0,0.0,0.0,0.0,0.0,0.0,1024.52,125.417,196.089,147.951,0.0,419.492,0.0,0.0,0.0,0.0,0,0,6,150.0,150.0,xpxqw3,2.74,Silkeborg
61,12.5931,55.7013,43956.5,27.1284,4501.99,2.09064,441.057,0.0,32.026,648.624,0.0,0.0,1009.35,0.0,0.0,332.8,0.0,860.632,6652.48,18.2547,1392.12,1006.76,0.0,0.0,27031.2,0,0,2,43.0,50.0,3ge6r,2.89,København
62,11.1382,54.829,30484.6,0.0,0.0,0.0,0.0,0.0,0.0,0.0,0.0,0.0,0.0,67.2629,0.0,128.745,0.0,1452.84,12759.1,0.0,16076.6,0.0,0.0,0.0,0.0,0,0,1,300.0,300.0,257pjw,2.91,Lolland
63,9.9585,57.588,21736.0,0.0,2858.71,0.0,0.0,0.0,0.0,0.0,0.0,0.0,0.0,0.0,0.0,0.0,0.0,1452.95,14911.4,0.0,2512.94,0.0,0.0,0.0,0.0,0,0,3,60.0,300.0,yr7yq2,2.94,Hjørring
64,9.12764,55.7337,9339.53,0.0,268.346,0.0,0.0,0.0,534.569,0.0,1.52156,0.0,0.0,0.0,366.986,0.0,0.0,171.54,7725.2,0.0,271.363,0.0,0.0,0.0,0.0,0,0,4,150.0,150.0,wxjqew,3.04,Billund
65,9.44927,56.4539,15743.8,1.13434,0.0,0.0,0.0,0.0,0.0,0.0,0.0,0.0,5926.21,0.0,0.0,0.0,0.0,766.628,0.0,0.0,9049.84,0.0,0.0,0.0,0.0,0,0,4,150.0,150.0,257jn3,3.06,Viborg
66,11.7995,55.4602,7703.67,165.487,0.0,0.0,0.0,0.0,0.0,0.0,0.0,0.0,0.0,0.0,0.0,0.0,0.0,1268.5,306.151,0.0,5963.53,0.0,0.0,0.0,0.0,0,0,6,60.0,300.0,6ek755,3.11,Ringsted
67,12.5867,56.026,14322.0,14.1305,1974.06,26.5579,0.0,0.0,27.6403,0.0,0.0,13.1287,7720.71,0.0,0.0,3121.91,0.0,328.526,432.448,0.0,616.097,0.0,46.8048,0.0,0.0,0,0,2,300.0,300.0,9e6z9g,3.19,Helsingør
68,12.3714,55.818,27980.2,110.697,2788.9,2.61912,1727.34,0.0,0.0,0.0,0.0,0.0,396.231,0.0,0.0,3773.42,0.0,1580.86,504.345,20.7913,685.989,0.0,0.0,0.0,16389.0,0,0,2,43.0,50.0,yr8252,3.19,Furesø
69,11.1418,54.8298,36552.2,0.0,0.0,0.0,0.0,0.0,0.0,0.0,0.0,0.0,0.0,144.506,0.0,90.7702,0.0,968.667,11783.8,0.0,23564.4,0.0,0.0,0.0,0.0,0,0,1,300.0,300.0,p5y8dp,3.2,Lolland
70,12.4962,55.8895,9408.0,0.0,1497.78,1.1235,0.0,0.0,0.0,0.0,0.0,0.0,452.973,0.0,0.0,0.0,0.0,0.0,1404.8,214.238,3511.68,0.0,0.0,0.0,2325.39,0,0,2,300.0,300.0,8ey3gw,3.28,Hørsholm
71,10.6085,55.0601,59916.9,26.2511,13074.5,110.508,0.0,127.579,158.223,0.0,24.0898,4.07356,963.446,257.189,0.0,466.788,0.0,10829.2,18315.9,176.56,8435.62,0.0,0.0,0.0,6947.09,0,0,3,22.0,75.0,mwrmwy,3.29,Svendborg
72,8.43581,55.473,31233.8,0.0,5105.45,0.0,4630.79,96.0136,25.6122,0.0,48.8552,0.0,0.0,0.0,0.0,3886.72,0.0,476.953,1464.5,0.0,15498.9,0.0,0.0,0.0,0.0,0,0,3,60.0,300.0,geye9q,3.36,Esbjerg
73,12.5687,56.0203,11772.8,297.959,449.12,0.0,0.0,0.0,13.1397,0.0,0.0,0.0,0.0,2532.26,0.0,61.6043,0.0,200.58,0.0,0.0,8050.52,0.0,167.658,0.0,0.0,0,0,6,300.0,300.0,rgj9z7,3.38,Helsingør
74,8.62004,56.3775,37042.3,217.713,665.516,0.0,502.055,0.0,0.0,0.0,0.0,0.0,20380.7,0.0,0.0,0.0,0.0,0.0,1610.78,142.406,13523.1,0.0,0.0,0.0,0.0,0,0,4,150.0,150.0,25zew9,3.42,Holstebro
75,9.11285,55.7293,35070.4,0.0,2045.77,0.0,0.0,0.0,0.0,0.0,47.1286,0.0,0.0,0.0,0.0,0.0,0.0,753.429,17584.5,0.0,14639.6,0.0,0.0,0.0,0.0,0,0,8,22.0,150.0,2ppqr7,3.53,Billund
76,12.4962,55.8895,9408.0,0.0,1497.78,1.1235,0.0,0.0,0.0,0.0,0.0,0.0,452.973,0.0,0.0,0.0,0.0,0.0,1404.8,214.238,3511.68,0.0,0.0,0.0,2325.39,0,0,2,300.0,300.0,dr8d96,3.54,Hørsholm
77,12.5606,55.7126,52069.0,33.5423,15498.4,0.0,0.0,67.7148,31.8033,0.0,139.07,0.0,635.82,142.999,0.0,939.518,0.0,836.24,2383.0,0.0,15590.9,404.011,61.9146,0.0,15304.1,0,0,2,240.0,240.0,7n95kg,3.59,København
78,9.10298,55.7352,4710.81,9.6472,3191.81,0.0,0.0,0.0,0.0,0.0,6.77111,0.0,0.0,0.0,0.0,0.0,0.0,0.0,639.653,0.0,862.928,0.0,0.0,0.0,0.0,0,0,2,150.0,150.0,ypxj99,3.74,Billund
79,10.2539,55.0933,19469.9,81.3514,1005.66,0.0,963.218,0.0,0.0,0.0,0.0,0.777312,0.0,0.0,0.0,0.0,0.0,225.873,665.839,0.0,14031.9,0.0,0.0,0.0,2495.27,0,0,2,150.0,300.0,rpgqjd,3.77,Faaborg-Midtfyn
80,8.41757,56.7515,15232.7,5.37423,1146.71,0.0,0.0,0.0,0.0,0.0,140.84,0.0,0.0,0.0,291.095,0.0,0.0,348.44,0.0,0.0,13300.2,0.0,0.0,0.0,0.0,0,0,6,22.0,50.0,9k2pk3,3.77,Thisted
81,12.3766,55.7835,58541.1,85.8573,8649.45,15.7663,0.0,0.0,23.8664,0.0,37.8741,0.733532,0.0,0.0,0.0,64.2194,0.0,0.0,17507.1,171.59,16691.2,0.0,3125.43,0.0,12168.0,0,0,2,43.0,50.0,27y63,3.82,Furesø
82,9.54919,54.8911,13164.7,0.0,0.0,0.0,0.0,0.0,0.0,0.0,0.0,2.26994,0.0,0.0,0.0,0.0,0.0,0.0,12887.5,0.0,274.861,0.0,0.0,0.0,0.0,0,0,6,22.0,50.0,9e62ez,3.92,Sønderborg
83,10.523,57.4177,935.779,0.0,284.784,0.0,0.0,0.0,0.0,0.0,0.0,0.0,0.0,0.0,86.775,0.0,0.0,216.833,347.387,0.0,0.0,0.0,0.0,0.0,0.0,0,0,6,150.0,150.0,yr7n75,4.11,Frederikshavn
84,12.0971,55.6261,18537.6,314.709,320.356,0.0,0.0,0.0,0.0,0.0,0.0,0.0,1880.8,0.0,0.0,0.0,0.0,525.169,711.459,0.0,1415.0,0.0,0.0,0.0,13370.2,0,0,6,150.0,150.0,mwr3g9,4.14,Roskilde
85,11.133,54.8322,22280.5,0.0,0.0,0.0,0.0,0.0,0.0,0.0,0.0,0.0,0.0,46.8043,0.0,1602.47,0.0,10340.2,7399.82,0.0,2891.2,0.0,0.0,0.0,0.0,0,0,2,300.0,300.0,5njy29,4.2,Lolland
86,9.90437,57.0222,17333.7,0.0,13896.8,0.0,0.0,0.0,0.0,0.0,0.0,0.0,0.0,0.0,0.0,0.0,0.0,630.664,2370.61,0.0,435.657,0.0,0.0,0.0,0.0,0,0,6,150.0,150.0,qkq78g,4.3,Aalborg
87,8.44543,55.4657,38983.3,0.0,8194.7,2.43446,5752.76,0.0,260.732,0.0,19.5566,0.961334,1469.74,110.02,24.0681,3020.84,0.0,2392.05,16818.1,56.3649,861.069,0.0,0.0,0.0,0.0,0,0,1,50.0,50.0,7w9qj2,4.35,Esbjerg
88,11.7271,55.6978,8051.13,0.0,0.0,0.0,0.0,0.0,20.6074,0.0,0.0,13.7489,0.0,0.0,0.0,0.0,0.0,90.0642,0.0,0.0,7926.71,0.0,0.0,0.0,0.0,0,0,6,60.0,300.0,9eyjd9,4.43,Holbæk
89,10.6042,55.0587,39958.4,20.7574,15526.8,18.1911,0.0,296.358,872.736,0.0,27.1571,45.27,1810.1,458.886,0.0,381.57,0.0,1982.41,8811.64,574.336,3776.4,0.0,0.0,0.0,5355.73,0,0,3,22.0,75.0,x5ny52,4.43,Svendborg
90,12.557,55.6981,27989.4,29.6738,6978.33,2.31056,230.149,4864.92,85.9788,0.0,6.7063,1.70223,393.236,129.243,0.0,562.268,0.0,925.645,1593.34,0.0,4782.18,553.245,0.0,0.0,6850.52,0,0,1,50.0,50.0,reqyyp,4.52,København
91,10.1966,56.1729,14313.7,0.0,11717.9,0.0,0.0,0.0,28.13,0.0,2.40175,0.0,764.853,0.0,0.0,381.403,0.0,322.338,376.372,33.8778,686.437,0.0,0.0,0.0,0.0,0,0,4,225.0,225.0,ypp2yx,4.53,Århus
92,12.2146,55.5345,33025.8,170.832,14140.7,2.25728,0.0,0.0,0.0,0.0,0.0,0.0,0.0,0.0,0.0,280.693,0.0,350.3,7428.62,0.0,10652.4,0.0,0.0,0.0,0.0,0,0,2,43.0,50.0,wqj7n9,4.54,Solrød
93,12.5747,55.7026,62119.9,23.3117,16327.1,27.9353,3705.51,50.0468,93.7515,0.0,14.7536,57.8787,3753.89,44.73,0.0,2229.24,5447.61,4770.36,6753.85,0.0,5237.03,2979.13,1964.49,0.0,8639.27,0,0,5,22.0,110.0,27y26,4.55,København
94,9.50718,56.7976,1438.6,0.0,303.55,0.928301,0.0,0.0,0.0,0.0,0.0,1.50557,0.0,0.0,0.0,92.0276,187.805,142.835,255.153,0.0,454.795,0.0,0.0,0.0,0.0,0,0,4,22.1,120.0,qzg9gj,4.65,Vesthimmerland
95,8.7646,55.3304,48689.4,56.4418,15621.0,0.0,0.0,200.997,67.6737,0.0,0.0,10.413,0.0,0.0,0.0,120.767,0.0,826.975,27599.5,22.051,3927.28,236.354,0.0,0.0,0.0,0,0,10,22.0,150.0,wxxzzn,4.69,Esbjerg
96,8.49311,55.4783,34458.0,194.296,5976.65,0.0,0.0,100.185,261.69,0.0,2.23233,0.0,5282.2,0.0,0.0,232.348,0.0,186.716,277.121,0.0,8670.83,0.0,208.544,0.0,13065.2,0,0,6,150.0,150.0,dn8jdj,4.78,Esbjerg
97,10.5393,57.4441,42353.7,10.576,12667.3,52.0823,0.0,0.0,0.0,0.0,0.0,5.61107,18521.1,0.0,14.3406,0.0,0.0,9041.38,1106.27,0.0,935.01,0.0,0.0,0.0,0.0,0,0,6,60.0,300.0,33r3q9,4.78,Frederikshavn
98,8.6067,56.4804,442.378,0.0,0.0,0.0,0.0,0.0,0.0,0.0,0.0,0.0,0.0,0.0,0.0,0.0,0.0,299.371,0.0,0.0,143.007,0.0,0.0,0.0,0.0,0,0,2,150.0,150.0,z267wr,5.03,Struer
99,11.8505,55.9621,65554.8,0.0,457.09,110.534,28670.3,0.0,147.593,0.0,5.57091,2.06235,0.0,0.0,0.0,1343.7,0.0,0.0,20950.0,0.0,13868.0,0.0,0.0,0.0,0.0,0,0,2,150.0,150.0,z222px,5.05,Halsnæs
100,10.1248,56.1816,57118.5,0.0,90.5959,0.0,0.0,0.0,0.0,0.0,0.0,0.0,41733.9,0.0,0.0,4174.2,0.0,1327.97,8869.58,6.92115,679.127,0.0,0.0,0.0,236.19,0,0,4,300.0,300.0,kp26k2,5.08,Århus
101,10.6081,55.0592,75224.4,44.1379,16480.2,54.314,0.0,166.509,256.351,0.0,61.2753,6.99653,916.274,422.263,0.0,873.03,0.0,8498.85,24300.4,198.127,12078.1,0.0,0.0,0.0,10867.6,0,0,3,22.0,75.0,qk2wk2,5.12,Svendborg
102,11.7582,55.2233,30488.8,0.0,569.562,4.15747,0.0,0.0,0.0,0.0,0.0,0.975489,20244.3,0.0,4.54846,151.964,277.317,393.424,6988.03,0.0,1854.53,0.0,0.0,0.0,0.0,0,0,6,60.0,300.0,7n6e5x,5.16,Næstved
103,12.2975,55.5826,21275.8,0.0,2811.5,0.0,0.0,0.0,16.7937,0.0,0.0,0.633793,0.0,0.0,0.0,140.475,0.0,6347.2,309.31,260.94,6695.88,0.0,0.0,0.0,4693.08,0,0,6,60.0,300.0,xpxznm,5.21,Greve
104,10.3566,55.3944,28628.8,100.302,11670.9,0.0,452.74,0.0,83.7494,0.0,2.50646,5.13604,0.0,0.0,0.0,479.438,371.852,847.034,0.0,0.0,13675.7,560.311,0.0,379.097,0.0,0,0,3,60.0,300.0,gmzwzx,5.29,Odense
105,11.4647,55.7227,7412.43,0.0,0.0,0.0,0.0,0.0,0.0,0.0,0.0,0.0,0.0,0.0,0.0,0.0,0.0,673.372,0.0,0.0,6739.05,0.0,0.0,0.0,0.0,0,0,1,50.0,50.0,pjydnq,5.42,Holbæk
106,10.5767,55.0571,16427.0,40.2555,410.549,0.0,0.0,926.648,0.0,0.0,0.0,0.0,0.0,230.152,0.0,0.0,0.0,0.0,0.0,0.0,352.672,14466.7,0.0,0.0,0.0,0,0,3,22.0,150.0,2je655,5.44,Svendborg
107,12.4726,55.7271,16836.5,680.339,8339.36,0.0,0.0,0.0,0.0,0.0,0.0,0.0,0.0,1061.8,0.0,0.0,0.0,836.227,0.0,0.0,1422.73,0.0,0.0,0.0,4496.07,0,0,2,150.0,150.0,wqz262,5.46,Gladsaxe
108,10.1252,56.1815,54837.2,0.0,84.0941,0.0,0.0,0.0,0.0,0.0,0.0,0.0,39746.1,0.0,0.0,4156.23,0.0,1121.99,8869.58,7.34505,636.542,0.0,0.0,0.0,215.283,0,0,2,43.0,50.0,95286,5.46,Århus
109,8.85423,56.7942,34349.8,0.0,0.0,7.44463,0.0,0.0,0.0,0.0,0.0,0.940827,0.0,0.0,0.0,0.0,0.0,9312.83,1390.96,0.0,23297.0,0.0,340.567,0.0,0.0,0,0,1,50.0,50.0,7n35ke,5.46,Morsø
110,9.39407,56.4566,8353.63,10.3245,2651.58,2.67698,1717.32,133.959,43.9266,0.0,0.0,2.13455,474.663,0.0,6.63982,352.817,0.0,354.288,806.567,0.0,1796.73,0.0,0.0,0.0,0.0,0,0,6,150.0,150.0,re8djg,5.47,Viborg
111,12.0478,55.947,19885.8,268.232,0.0,0.0,0.0,0.0,0.0,0.0,0.0,0.0,0.0,0.0,0.0,0.0,0.0,3563.3,2190.03,0.0,12711.9,0.0,0.0,0.0,1152.36,0,0,6,60.0,300.0,6krm3r,5.49,Halsnæs
112,12.3767,55.8127,55292.8,375.766,12108.3,60.8184,956.553,0.0,0.0,0.0,0.0,0.0,1432.67,0.0,0.0,103.625,0.0,395.038,13197.6,116.461,5606.04,0.0,0.0,0.0,20940.0,0,0,2,150.0,150.0,z22293,5.58,Furesø
113,12.3624,55.7356,26292.5,154.71,17120.9,2.7363,0.0,0.0,70.199,0.0,2.51573,1.33593,0.0,0.0,0.0,121.728,0.0,932.743,1611.46,15.8334,1588.12,0.0,0.0,0.0,4670.18,0,0,2,300.0,300.0,7n9r77,5.58,Ballerup
114,8.31063,56.5518,37082.2,12.4729,1365.94,6.76131,0.0,0.0,484.028,5363.66,0.0,0.0,0.0,297.441,0.0,0.0,0.0,2649.6,8951.94,0.0,17950.4,0.0,0.0,0.0,0.0,0,0,2,170.0,170.0,njxpxn,5.63,Lemvig
115,12.5609,55.6779,56322.3,21.5967,16381.5,39.6396,842.146,186.253,45.5622,0.0,1.94711,8.79179,2153.94,0.0,296.935,1166.14,0.0,1501.35,4211.31,0.0,13625.3,152.217,0.0,0.0,15687.6,0,0,2,43.0,50.0,deg8n,5.63,København
116,12.0977,55.6406,39746.8,81.5402,5075.56,33.0817,0.0,0.0,15.9751,0.0,1.46388,0.794276,20608.7,199.999,0.0,2543.99,0.0,558.35,5558.57,226.827,3695.06,0.0,0.0,0.0,1146.94,0,0,3,60.0,300.0,8pdewg,5.65,Roskilde
117,12.5748,55.7369,57360.2,33.337,917.82,0.0,1406.39,0.0,61.5478,0.0,1.90501,0.0,5365.14,0.0,0.0,0.0,0.0,829.535,18872.0,0.0,12573.5,0.0,79.4017,0.0,17219.7,0,0,2,43.0,50.0,yry5yp,5.75,Gentofte
118,10.0499,56.4393,22870.4,0.0,2899.08,0.0,328.139,0.0,0.0,0.0,0.0,0.0,0.0,0.0,0.0,6171.24,0.0,163.662,0.0,0.0,13308.2,0.0,0.0,0.0,0.0,0,0,9,60.0,300.0,qp87g7,5.76,Randers
119,9.93138,57.0394,16974.9,0.0,11049.8,2.98134,1288.3,97.4346,14.2772,0.0,0.0,0.565001,297.503,47.4149,0.0,815.806,0.0,999.394,504.197,0.0,932.486,0.0,96.4219,0.0,828.259,0,0,6,60.0,300.0,wjyrnn,5.86,Aalborg
120,9.39185,56.4501,24961.3,14.6984,14613.1,1.2128,969.491,0.0,33.8551,0.0,0.0,0.736676,6005.81,79.0874,3.77847,209.057,0.0,1099.86,533.898,14.3001,1382.38,0.0,0.0,0.0,0.0,0,0,6,60.0,300.0,dr85e6,5.92,Viborg
121,12.5246,55.7089,64773.1,25.0009,16381.5,0.0,7967.9,459.965,39.7891,312.805,4.40173,0.0,0.0,0.0,0.0,1501.29,0.0,8539.46,14613.8,0.0,5291.0,454.373,0.0,0.0,9181.79,0,0,2,150.0,150.0,ym2dwz,5.95,København
122,12.3075,55.6561,7921.63,70.9323,1317.09,0.0,0.0,0.0,20.1194,0.0,0.0,0.0,0.0,0.0,0.0,131.056,0.0,101.539,0.0,0.0,590.89,0.0,0.0,0.0,5690.01,0,0,3,60.0,300.0,x59g85,5.95,Høje Taastrup
123,12.4516,55.6854,31729.5,0.0,13008.0,1.66655,727.673,494.479,32.3634,0.0,1.67341,1.37688,406.181,0.0,0.0,191.999,0.0,588.912,945.073,16.2229,10929.1,0.0,0.0,0.0,4384.72,0,0,6,150.0,150.0,kp7jk5,5.99,Rødovre
124,12.4158,55.7259,28985.1,846.581,838.104,0.0,0.0,0.0,0.0,0.0,0.0,0.542969,0.0,0.0,0.0,6138.09,0.0,254.926,0.0,0.0,228.053,0.0,172.354,0.0,20506.4,0,0,2,43.0,50.0,j8552,6.03,Herlev
125,10.3486,55.3948,38425.1,27.5764,2117.68,0.0,298.576,0.0,165.697,0.0,0.0,19.4975,0.0,0.0,0.0,6109.81,863.977,1183.24,0.0,0.0,25929.0,715.824,0.0,994.204,0.0,0,0,2,300.0,300.0,z2z3zn,6.05,Odense
126,8.76945,55.1587,48093.8,12.6785,17379.6,0.0,0.0,0.0,44.0285,0.0,84.7745,0.0,0.0,0.0,0.0,0.0,0.0,1110.61,7749.66,0.0,21712.5,0.0,0.0,0.0,0.0,0,0,2,150.0,300.0,5nd93r,6.07,Tønder
127,8.62113,56.3769,43422.0,236.42,809.578,0.0,629.592,0.0,0.0,0.0,0.0,0.0,26268.8,0.0,0.0,0.0,0.0,0.0,1254.42,124.72,14098.5,0.0,0.0,0.0,0.0,0,0,1,50.0,50.0,2j72r2,6.11,Holstebro
128,9.45733,55.5074,7500.31,41.3052,155.684,1.85903,0.0,855.055,0.0,0.0,0.0,0.0,2394.56,0.0,0.0,0.0,0.0,2760.51,450.252,17.6839,823.402,0.0,0.0,0.0,0.0,0,0,3,60.0,300.0,zpnnrx,6.13,Kolding
129,10.1644,56.1301,19211.0,27.3707,5567.92,0.0,0.0,0.0,27.512,0.0,32.2338,0.0,4393.63,0.0,0.0,1849.17,0.0,1104.59,3744.87,209.374,2150.67,0.0,103.692,0.0,0.0,0,0,2,300.0,300.0,39xdqr,6.15,Århus
130,8.96547,56.1371,34671.9,79.3639,11350.3,1.89296,1372.9,0.0,40.9464,0.0,8.44905,0.0,592.408,0.0,0.0,5130.06,0.0,584.042,1233.23,55.4917,14222.8,0.0,0.0,0.0,0.0,0,0,8,22.0,50.0,dxx9kq,6.2,Herning
131,9.48772,55.8453,492.949,15.0566,0.0,0.0,0.0,0.0,0.0,0.0,0.0,0.0,0.0,0.0,0.0,0.0,0.0,0.0,0.0,0.0,477.893,0.0,0.0,0.0,0.0,0,0,6,150.0,150.0,wqrw9x,6.38,Hedensted
132,8.97848,56.1086,33146.2,128.137,10388.3,0.0,0.0,0.0,30.7297,0.0,6.45284,0.0,0.0,0.0,0.0,1193.02,0.0,132.701,0.0,0.0,21266.9,0.0,0.0,0.0,0.0,0,0,6,60.0,300.0,wj6ex8,6.47,Herning
133,9.35115,54.8318,736.311,3.97413,0.0,0.0,294.711,0.0,0.0,0.0,0.0,0.0,0.0,0.0,0.0,0.0,0.0,0.0,299.528,0.0,138.098,0.0,0.0,0.0,0.0,0,0,3,60.0,300.0,39x2d3,6.79,Aabenraa
134,12.3624,55.7356,26292.5,154.71,17120.9,2.7363,0.0,0.0,70.199,0.0,2.51573,1.33593,0.0,0.0,0.0,121.728,0.0,932.743,1611.46,15.8334,1588.12,0.0,0.0,0.0,4670.18,0,0,2,300.0,300.0,8ey33w,6.81,Ballerup
135,12.3468,55.8692,6354.62,35.4469,327.09,5.82927,2581.26,0.0,0.0,0.0,15.0272,0.0,0.0,0.0,0.0,407.591,0.0,358.319,850.969,0.0,1773.08,0.0,0.0,0.0,0.0,0,0,6,60.0,300.0,mwq6dg,6.81,Allerød
136,12.4832,55.673,23949.9,24.1647,5244.15,0.0,0.0,0.0,0.0,0.0,0.0,1.42929,0.0,0.0,0.0,0.0,0.0,392.794,470.634,0.0,15351.7,0.0,63.5651,0.0,2401.44,0,0,3,60.0,300.0,7n3ppw,6.82,København
137,12.5495,55.7026,76032.2,33.3222,16381.5,0.0,0.0,4700.55,888.051,374.404,55.9832,50.7208,340.162,0.0,0.0,6335.99,0.0,993.486,4463.71,18.074,22277.0,1682.51,0.0,0.0,17436.8,0,0,6,150.0,150.0,nzn5nr,6.94,København
138,12.4873,55.9376,10672.8,208.734,192.863,0.0,357.415,0.0,0.0,0.0,0.0,0.0,0.0,0.0,0.0,0.0,0.0,0.0,0.0,0.0,0.0,0.0,47.4641,0.0,9866.31,0,0,6,60.0,300.0,njjk2x,6.94,Fredensborg
139,10.7898,55.3171,38877.5,0.0,787.466,4.27815,286.295,117.48,12.9897,0.0,2.6597,0.0,0.0,1179.39,0.0,6197.66,0.0,578.065,13620.5,0.0,15908.8,0.0,47.8635,0.0,134.145,0,0,2,300.0,300.0,p5zr9g,7.05,Nyborg
140,8.63765,56.3663,16484.3,228.469,0.0,0.0,0.0,0.0,0.0,0.0,0.0,0.0,0.0,0.0,0.0,6304.57,574.3,1219.49,8157.45,0.0,0.0,0.0,0.0,0.0,0.0,0,0,6,60.0,300.0,25w36x,7.11,Holstebro
141,9.55818,56.1862,16895.1,601.574,7848.02,0.0,3072.47,0.0,0.0,0.0,0.0,0.0,435.654,0.0,0.0,3326.63,0.0,358.08,491.632,0.0,761.032,0.0,0.0,0.0,0.0,0,0,6,60.0,300.0,7wrw58,7.27,Silkeborg
142,12.174,55.7789,23739.1,82.8826,0.0,0.0,0.0,0.0,0.0,0.0,0.0,4.10551,0.0,0.0,0.0,0.0,0.0,427.713,0.0,0.0,10677.8,0.0,0.0,0.0,12546.6,0,0,6,60.0,300.0,8pey2q,7.38,Egedal
143,9.99393,57.4553,36886.1,884.894,12491.4,0.0,0.0,0.0,29.0877,0.0,25.1024,0.0,1103.7,113.148,0.0,116.061,515.381,2891.25,4411.93,104.098,14200.1,0.0,0.0,0.0,0.0,0,0,1,50.0,50.0,jq8xmg,7.47,Hjørring
144,10.2406,55.1019,16753.5,0.0,408.429,0.0,297.832,0.0,0.0,0.0,0.0,0.702808,0.0,0.0,0.0,1615.36,0.0,176.268,431.726,0.0,13568.5,0.0,0.0,0.0,254.712,0,0,4,300.0,300.0,ym96xm,7.49,Faaborg-Midtfyn
145,8.88722,54.9521,15205.7,43.5258,0.0,0.0,0.0,0.0,0.0,0.0,0.0,0.0,15162.2,0.0,0.0,0.0,0.0,0.0,0.0,0.0,0.0,0.0,0.0,0.0,0.0,0,0,4,160.0,160.0,2p87z6,7.53,Tønder
146,8.69212,56.9519,49995.5,0.0,4595.31,7.21547,0.0,0.0,109.846,0.0,0.0,3.47753,11519.1,109.76,0.0,806.25,0.0,911.818,17352.7,124.099,14455.9,0.0,0.0,0.0,0.0,0,0,2,43.0,50.0,wj6pe7,7.72,Thisted
147,12.4003,55.6656,70475.1,0.0,15428.6,3.08529,692.057,0.0,0.0,0.0,10.4717,0.974626,284.928,98.8146,0.0,3002.94,0.0,520.67,18294.3,1044.71,14357.8,0.0,0.0,0.0,16735.7,0,0,2,43.0,50.0,39g8nx,7.88,Glostrup
148,10.357,55.3679,7435.1,154.038,0.0,0.0,0.0,0.0,0.0,0.0,3.63326,0.614446,0.0,0.0,0.0,119.251,80.3532,0.0,0.0,0.0,7077.21,0.0,0.0,0.0,0.0,0,0,6,60.0,300.0,z2w9zr,7.91,Odense
149,11.1399,55.3303,31018.2,0.0,1945.53,17.9503,0.0,0.0,0.0,0.0,0.0,0.0,0.0,0.0,0.0,1363.27,0.0,1307.5,12109.7,0.0,14274.2,0.0,0.0,0.0,0.0,0,0,2,300.0,300.0,zpx6mk,7.98,Slagelse
150,11.3525,55.3919,36818.4,174.923,82.6017,0.0,0.0,0.0,106.393,0.0,0.0,0.0,32523.1,0.0,0.0,66.1911,0.0,280.679,534.186,0.0,2088.7,0.0,961.544,0.0,0.0,0,0,8,50.0,300.0,geg28p,7.99,Slagelse
151,12.2884,55.647,13265.6,1.06821,8335.15,0.0,0.0,0.0,7.25441,0.0,0.0,0.0,0.0,0.0,0.0,49.6279,0.0,219.936,310.685,10.1921,505.929,0.0,0.0,0.0,3825.76,0,0,6,60.0,300.0,9k5e8m,8.17,Høje Taastrup
152,11.7577,55.2329,39992.3,0.0,8327.89,8.27698,1393.8,0.0,0.0,0.0,0.0,10.6794,0.0,141.737,32.3692,5966.44,0.0,1131.09,16360.2,0.0,6619.9,0.0,0.0,0.0,0.0,0,0,5,22.0,225.0,792yy,8.17,Næstved
153,9.7935,54.914,19874.7,425.601,6396.53,4.69185,0.0,0.0,110.25,0.0,0.0,0.0,0.0,0.0,10.9854,164.574,584.063,8885.72,2426.82,38.2114,667.674,159.588,0.0,0.0,0.0,0,0,1,50.0,50.0,dne2kr,8.18,Sønderborg
154,11.9158,55.0072,18045.8,0.0,13957.2,0.0,0.0,0.0,134.428,0.0,0.0,0.0,0.0,108.633,0.0,203.403,90.4632,420.5,2744.82,0.0,386.327,0.0,0.0,0.0,0.0,0,0,2,43.0,50.0,628yye,8.23,Vordingborg
155,8.69206,56.954,56279.3,0.0,901.549,24.3816,0.0,0.0,496.196,0.0,0.0,15.8061,17232.9,221.192,0.0,6586.65,0.0,2625.87,11797.3,961.662,15415.9,0.0,0.0,0.0,0.0,0,0,10,22.0,300.0,jz262g,8.4,Thisted
156,12.4578,55.6783,71535.0,0.0,9529.2,42.1445,15803.0,89.8889,52.0415,0.0,0.0,0.675053,6579.85,0.0,0.0,1819.91,0.0,4083.83,11711.8,584.896,17461.1,0.0,0.0,0.0,3776.63,0,0,4,43.0,50.0,8dxgy,8.49,Rødovre
157,12.4001,55.6433,31594.2,2829.0,200.879,0.0,0.0,0.0,0.0,0.0,0.0,0.0,0.0,0.0,0.0,0.0,0.0,181.34,0.0,0.0,10711.3,246.962,0.0,0.0,17424.8,0,0,6,150.0,150.0,xpr5gw,8.87,Brøndby
158,11.579,55.8541,18119.0,70.6338,0.0,37.6982,3238.4,0.0,182.084,0.0,0.0,0.608971,0.0,0.0,0.0,0.0,0.0,403.118,1709.77,0.0,12476.7,0.0,0.0,0.0,0.0,0,0,2,150.0,150.0,pzg7je,9.05,Odsherred
159,12.5259,55.6871,63303.1,24.0338,8910.58,1.52311,9629.08,311.197,47.3656,0.0,6.254,1.62185,2306.38,3875.62,0.0,620.62,0.0,1925.22,3271.0,29.1336,8285.27,0.0,0.0,0.0,24058.2,0,0,2,43.0,50.0,8ndxx9,9.07,Frederiksberg
160,12.404,55.967,2058.82,16.2323,0.0,0.0,0.0,0.0,0.0,0.0,0.0,0.0,0.0,0.0,24.8013,0.0,0.0,818.992,0.0,0.0,1198.79,0.0,0.0,0.0,0.0,0,0,2,43.0,50.0,pj78qw,9.07,Fredensborg
161,12.1981,55.6494,34899.6,161.335,3558.25,0.0,0.0,0.0,44.7346,0.0,14.5359,0.0,0.0,0.0,0.0,0.0,0.0,151.627,9952.81,0.0,11381.3,235.411,0.0,0.0,9399.53,0,0,2,43.0,50.0,nz32kr,9.25,Høje Taastrup
162,12.545,55.7409,18468.6,114.824,476.723,2.05765,1505.34,0.0,0.0,0.0,0.0,0.0,0.0,689.401,3.64508,310.38,0.0,117.038,428.919,0.0,633.593,0.0,155.539,0.0,14031.1,0,0,2,43.0,50.0,5yw3p3,9.27,Gentofte
163,11.8038,55.4356,1233.02,34.5225,322.49,0.0,0.0,0.0,0.0,0.0,0.0,0.625512,0.0,0.0,0.0,84.4153,0.0,0.0,172.159,0.0,618.805,0.0,0.0,0.0,0.0,0,0,26,22.0,50.0,drxy3d,9.44,Ringsted
164,10.2995,56.2343,9725.71,0.0,0.0,0.0,0.0,0.0,14.9028,0.0,0.0,0.0,0.0,0.0,0.0,0.0,122.351,660.174,0.0,0.0,8928.28,0.0,0.0,0.0,0.0,0,0,2,300.0,300.0,wxqw7y,9.57,Århus
165,9.47408,55.4884,62129.8,201.259,1498.76,7.41322,5610.18,378.956,0.0,0.0,118.845,8.94753,7450.65,0.0,0.0,1201.78,0.0,1467.98,28793.4,0.0,15391.6,0.0,0.0,0.0,0.0,0,0,2,43.0,50.0,pjyd3w,9.58,Kolding
166,8.85439,54.9398,21859.0,11.9352,369.879,0.0,0.0,71.0526,0.0,0.0,0.0,0.547745,0.0,0.0,0.0,79.3917,0.0,0.0,0.0,0.0,21326.2,0.0,0.0,0.0,0.0,0,0,2,43.0,50.0,8ndx35,9.67,Tønder
167,9.40673,56.452,27517.1,31.3149,532.444,7.03103,2666.51,76.6741,86.3376,0.0,0.0,44.8036,1941.25,188.932,31.1119,461.854,0.0,1495.99,6180.76,68.5102,13703.6,0.0,0.0,0.0,0.0,0,0,2,43.0,50.0,7w9qxx,9.68,Viborg
168,9.85159,55.8585,51718.5,15.8173,1779.35,22.5563,0.0,51.4745,10.9098,0.0,0.0,1.79537,2410.54,0.0,0.0,4250.91,0.0,1281.05,18651.1,0.0,23243.0,0.0,0.0,0.0,0.0,0,0,1,75.0,75.0,5nykwy,9.85,Horsens
169,10.1455,56.1038,65.5018,0.0,65.5018,0.0,0.0,0.0,0.0,0.0,0.0,0.0,0.0,0.0,0.0,0.0,0.0,0.0,0.0,0.0,0.0,0.0,0.0,0.0,0.0,0,0,6,60.0,300.0,pzgqw6,9.9,Århus
170,11.338,55.4179,6585.81,22.5924,0.0,0.0,0.0,0.0,0.0,0.0,0.0,0.0,0.0,0.0,0.0,6044.75,0.0,0.0,260.253,0.0,258.214,0.0,0.0,0.0,0.0,0,0,3,13.0,50.0,5y6n8g,9.99,Slagelse
171,9.9487,57.2659,36168.0,0.0,2319.25,0.0,0.0,0.0,0.0,0.0,45.0486,0.0,0.0,0.0,0.0,847.224,0.0,745.035,8409.55,0.0,23801.9,0.0,0.0,0.0,0.0,0,0,2,300.0,300.0,ym6rkk,10.16,Brønderslev
172,12.4053,55.6544,28063.6,0.0,13978.4,0.0,0.0,0.0,0.0,0.0,0.0,10.2665,481.36,55.9806,0.0,157.196,0.0,0.0,343.004,0.0,599.94,366.619,0.0,0.0,12070.8,0,0,6,60.0,300.0,62z2dj,10.41,Brøndby
173,12.5566,55.7452,22591.7,63.0805,8638.72,1.07927,0.0,0.0,0.0,0.0,0.0,0.0,0.0,58.013,0.0,574.513,0.0,217.043,394.989,0.0,258.561,0.0,629.134,0.0,11756.6,0,0,3,60.0,300.0,rewedg,10.46,Gentofte
174,9.8444,55.8673,25411.6,878.42,17321.0,0.0,0.0,369.475,22.5189,0.0,0.0,15.7148,215.61,0.0,0.0,823.326,90.5501,3035.94,1562.72,0.0,1076.28,0.0,0.0,0.0,0.0,0,0,6,60.0,300.0,5n5q8y,10.57,Horsens
175,8.4569,55.51,29903.7,0.0,222.021,0.0,0.0,0.0,0.0,0.0,1.99231,0.0,6153.66,0.0,0.0,69.698,0.0,219.284,8095.06,1018.25,14123.7,0.0,0.0,0.0,0.0,0,0,2,43.0,50.0,628yrm,10.75,Esbjerg
176,8.62016,56.3617,53736.9,716.213,519.602,11.7857,2430.56,0.0,372.314,0.0,141.321,30.9525,814.118,0.0,9.91696,6304.57,108.192,1267.52,26007.9,1002.02,14000.0,0.0,0.0,0.0,0.0,0,0,6,300.0,300.0,zppnz7,10.77,Holstebro
177,12.3517,55.6166,10203.7,529.34,300.478,0.0,0.0,114.716,27.7908,0.0,0.0,0.0,0.0,0.0,0.0,392.004,0.0,5674.03,727.753,0.0,2437.54,0.0,0.0,0.0,0.0,0,0,6,60.0,300.0,9key76,10.89,Ishøj
178,12.4809,55.7972,27622.2,0.0,4191.72,0.0,8094.44,0.0,0.0,0.0,3.58088,0.0,0.0,0.0,0.0,268.569,0.0,123.528,727.381,40.53,1236.58,0.0,0.0,0.0,12935.8,0,0,6,60.0,300.0,kpen9p,10.92,Lyngby-Taarbæk
179,10.8819,56.4135,47032.7,19.3196,14468.3,25.6162,0.0,222.56,0.0,0.0,27.3656,0.0,204.808,0.0,0.0,723.163,74.3166,8934.07,19228.0,0.0,3105.12,0.0,0.0,0.0,0.0,0,0,2,43.0,50.0,5yw393,10.95,Norddjurs
180,12.4976,55.8832,41741.0,0.0,11346.6,13.8534,0.0,0.0,0.0,0.0,0.0,0.0,20244.3,0.0,0.0,375.047,0.0,106.771,2129.01,447.528,6950.41,0.0,0.0,0.0,127.422,0,0,6,60.0,300.0,dnpzzw,11.04,Hørsholm
181,12.6591,55.5956,35121.4,0.0,582.797,1.26999,0.0,0.0,0.0,0.0,1.64372,0.0,0.0,0.0,0.0,0.0,0.0,273.573,383.248,839.405,21219.1,0.0,0.0,0.0,11820.4,0,0,2,300.0,300.0,mzx6r2,11.15,Dragør
182,11.7902,55.4294,6680.15,13.4273,0.0,0.0,0.0,0.0,0.0,0.0,0.0,0.0,0.0,0.0,0.0,326.783,0.0,218.26,0.0,0.0,6121.68,0.0,0.0,0.0,0.0,0,0,2,300.0,300.0,6keynk,11.19,Ringsted
183,9.02687,56.5627,29486.0,54.4399,240.907,0.0,2936.15,56.9722,11.7085,0.0,30.6646,0.873928,2386.53,0.0,27.3186,4637.78,98.2237,919.311,2323.19,43.0438,15718.9,0.0,0.0,0.0,0.0,0,0,2,43.0,50.0,628ydg,11.6,Skive
184,9.93137,56.0325,51058.0,521.627,3009.4,9.51853,1273.88,0.0,881.433,0.0,0.0,0.646453,0.0,509.768,0.0,3250.47,162.169,281.512,11733.2,965.757,27349.0,0.0,0.0,0.0,1109.62,0,0,2,43.0,50.0,nz32ey,11.8,Skanderborg
185,12.6132,56.0394,11492.3,181.437,1040.2,0.0,444.482,1449.33,273.817,0.0,0.0,2.40693,0.0,0.0,0.0,0.0,0.0,1539.37,5646.67,15.4277,899.165,0.0,0.0,0.0,0.0,0,0,10,22.0,50.0,9kedyp,11.94,Helsingør
186,12.521,55.7751,48442.5,1643.2,1428.8,1.29366,3436.72,235.247,23.5188,0.0,0.0,0.0,222.875,0.0,0.0,352.929,0.0,102.508,222.743,0.0,20353.2,0.0,0.0,0.0,20419.5,0,0,6,60.0,300.0,qk85yd,12.06,Lyngby-Taarbæk
187,12.5196,55.7822,6693.4,400.952,1842.89,0.0,763.634,151.584,17.1828,0.0,0.0,0.0,0.0,0.0,0.0,252.316,97.1502,0.0,359.021,0.0,1341.52,0.0,191.387,0.0,1275.76,0,0,2,300.0,300.0,rp535z,12.11,Lyngby-Taarbæk
188,11.9088,55.0122,8399.35,0.0,1761.57,3.5949,0.0,0.0,28.6521,0.0,3.57436,0.0,0.0,91.7097,0.0,1829.55,152.411,647.179,2555.67,0.0,1325.45,0.0,0.0,0.0,0.0,0,0,2,300.0,300.0,xpmnk7,12.19,Vordingborg
189,12.3808,55.6514,3814.06,0.0,61.211,0.0,0.0,0.0,0.0,0.0,0.0,0.0,212.498,0.0,0.0,51.965,0.0,0.0,0.0,0.0,366.532,0.0,0.0,0.0,3121.85,0,0,2,22.0,50.0,qke3yy,12.41,Brøndby
190,10.0258,56.4824,23501.4,24.0881,863.295,0.0,0.0,0.0,361.215,0.0,0.0,0.600548,3556.48,0.0,0.0,0.0,91.9189,390.162,792.439,0.0,17421.2,0.0,0.0,0.0,0.0,0,0,2,43.0,50.0,reqydq,12.68,Randers
191,8.69696,56.955,12500.2,0.0,531.484,77.1112,0.0,0.0,256.939,0.0,0.0,16.1921,2236.73,627.387,0.0,934.425,0.0,531.445,3989.98,78.8482,3219.66,0.0,0.0,0.0,0.0,0,0,6,300.0,300.0,njj9qm,12.77,Thisted
192,9.87627,57.0056,50196.6,0.0,583.354,6.18395,0.0,0.0,0.0,0.0,0.0,0.0,27544.1,0.0,0.0,0.0,0.0,0.0,17979.8,380.458,3702.7,0.0,0.0,0.0,0.0,0,0,2,43.0,50.0,7n3j3y,12.85,Aalborg
193,12.3866,55.7329,30376.4,35.0755,0.0,0.0,403.486,259.559,0.0,0.0,0.0,0.0,0.0,0.0,0.0,1342.46,0.0,144.44,13302.7,0.0,13473.0,0.0,0.0,0.0,1415.74,0,0,1,50.0,50.0,x5623z,12.92,Ballerup
194,12.5911,55.7022,43376.3,31.3634,13445.5,3.12261,707.287,0.0,30.2258,481.836,1.67706,0.518036,868.211,0.0,0.0,596.07,0.0,1094.19,3126.34,12.2557,1430.07,2106.21,50.221,0.0,19391.2,0,0,8,300.0,300.0,jrqpkp,13.11,København
195,12.0669,55.6354,42881.5,51.2411,2738.52,0.0,0.0,0.0,47.6279,30989.8,2.64469,0.0,1221.54,0.0,0.0,272.677,384.034,513.808,1107.45,0.0,3241.46,1849.19,0.0,0.0,461.51,0,0,20,22.0,300.0,exx87z,13.15,Roskilde
196,9.72128,55.5673,22872.4,0.0,969.84,0.0,0.0,0.0,22.1811,0.0,0.0,0.596743,1186.81,0.0,0.0,93.0272,0.0,511.985,0.0,0.0,20088.0,0.0,0.0,0.0,0.0,0,0,2,43.0,50.0,qke39y,13.24,Fredericia
197,9.48196,55.2556,27969.5,35.8074,1805.24,2.47319,639.304,1818.86,52.7061,0.0,0.0,3.46544,7190.22,0.0,0.0,0.0,0.0,494.38,918.158,0.0,14808.0,0.0,0.0,200.972,0.0,0,0,2,43.0,50.0,eeq8wm,13.54,Haderslev
198,10.1495,55.975,47339.8,3.10893,1450.03,13.1028,0.0,0.0,0.0,0.0,0.0,1.24256,1186.89,0.0,84.8139,211.037,293.953,1455.14,15990.1,0.0,26650.4,0.0,0.0,0.0,0.0,0,0,2,43.0,50.0,nz32d8,13.61,Odder
199,10.1361,56.1535,13599.5,0.0,500.843,0.0,0.0,0.0,151.822,0.0,0.0,0.0,0.0,0.0,0.0,1062.25,0.0,740.15,0.0,460.968,10610.9,0.0,72.5712,0.0,0.0,0,0,2,43.0,50.0,qke323,13.77,Århus
200,8.77031,55.3332,25449.4,57.6035,2021.65,0.0,0.0,55.3495,133.012,0.0,0.0,1.17141,0.0,0.0,0.0,949.565,0.0,141.543,1573.64,239.226,19949.7,326.945,0.0,0.0,0.0,0,0,4,43.0,300.0,gex3p9,13.79,Esbjerg
201,8.24257,56.0921,46823.5,7.7072,12552.0,13.2975,984.99,0.0,0.0,0.0,27.5232,1.41815,5113.55,214.865,0.0,0.0,0.0,2418.04,4395.01,0.0,21095.1,0.0,0.0,0.0,0.0,0,0,2,43.0,50.0,dne2kp,14.35,Ringkøbing-Skjern
202,8.43433,55.4718,20779.9,0.0,9225.01,0.0,2469.82,68.8819,16.1256,0.0,32.7329,0.0,0.0,0.0,0.0,1900.11,0.0,350.592,2834.1,0.0,3882.51,0.0,0.0,0.0,0.0,0,0,6,300.0,300.0,gmje2d,14.4,Esbjerg
203,10.222,56.1605,3349.04,0.0,489.273,3.16818,313.323,232.934,36.3434,0.0,1.94931,3.59072,0.0,0.0,2.41787,265.825,0.0,132.702,1124.05,0.0,743.471,0.0,0.0,0.0,0.0,0,0,2,43.0,50.0,39g8wp,14.42,Århus
204,9.87932,57.0048,30358.6,0.0,836.102,4.41484,0.0,0.0,0.0,0.0,0.0,0.0,9516.38,0.0,0.0,0.0,0.0,0.0,4747.72,165.02,15089.0,0.0,0.0,0.0,0.0,0,0,2,300.0,300.0,ymrgmd,14.64,Aalborg
205,12.4497,55.7202,40895.2,974.609,10336.9,29.4057,0.0,0.0,16.7897,0.0,0.0,0.535664,4113.94,0.0,4.55977,1296.57,0.0,2105.12,3576.25,226.534,5005.68,0.0,0.0,0.0,13208.4,0,0,6,60.0,300.0,9k9eg3,14.68,Herlev
206,9.41918,55.0462,45284.8,0.0,755.389,115.671,0.0,0.0,267.647,0.0,0.0,2.2163,0.0,0.0,0.0,379.724,0.0,2654.63,26431.9,0.0,14595.9,0.0,81.6982,0.0,0.0,0,0,2,22.0,50.0,5yw3gj,14.7,Aabenraa
207,12.5909,55.6427,28419.3,1.99137,11689.5,0.0,0.0,0.0,11.4128,313.396,0.0,0.547966,0.0,319.672,0.0,0.0,0.0,0.0,421.37,0.0,1236.94,338.834,52.5262,0.0,14033.1,0,0,2,150.0,150.0,256kqp,14.74,København
208,12.562,55.6765,74478.9,22.4915,15457.5,197.849,760.61,150.016,66.2284,0.0,1.39261,25.5912,4678.24,0.0,403.255,2508.4,0.0,2003.97,19758.1,0.0,15890.9,225.012,0.0,0.0,12329.3,0,0,5,22.0,50.0,628y5k,14.93,København
209,12.4397,55.7285,25782.3,563.27,14359.2,0.0,0.0,0.0,316.705,0.0,0.0,15.7192,0.0,190.615,12.218,501.442,0.0,1873.66,968.795,23.6403,925.912,0.0,0.0,0.0,6031.14,0,0,2,43.0,50.0,yr68wy,15.1,Herlev
210,12.0652,55.8478,22336.9,74.9499,934.555,0.0,0.0,0.0,12.6815,0.0,0.0,0.0,310.178,0.0,0.0,680.006,0.0,0.0,292.347,0.0,12777.7,0.0,0.0,0.0,7254.45,0,0,2,43.0,50.0,39g8qx,15.33,Frederikssund
211,10.1894,56.1703,47078.5,0.0,7168.8,0.0,0.0,0.0,116.571,0.0,14.9804,0.0,17257.3,0.0,0.0,1187.4,0.0,1188.67,9685.13,737.67,9722.03,0.0,0.0,0.0,0.0,0,0,3,11.0,50.0,5yw339,15.56,Århus
212,10.8051,55.3096,38378.0,218.831,481.059,1.43789,1292.06,0.0,31.9233,0.0,0.0,0.0,23906.5,0.0,4.62969,0.0,179.594,341.891,658.01,0.0,10578.7,0.0,0.0,0.0,683.423,0,0,9,60.0,300.0,drxx56,15.62,Nyborg
213,12.5404,55.7113,21561.9,7.6557,10678.4,0.0,0.0,62.5627,857.662,0.0,5.28177,0.0,0.0,299.802,0.0,171.651,0.0,685.567,1046.07,11.475,1349.24,373.729,67.7418,0.0,5945.08,0,0,2,43.0,50.0,wj6pz7,15.85,København
214,9.75905,55.4966,17779.6,0.0,15831.9,0.0,0.0,0.0,0.0,0.0,0.0,0.0,0.0,0.0,0.0,1418.21,0.0,0.0,214.871,0.0,314.617,0.0,0.0,0.0,0.0,0,0,4,22.0,300.0,dne2dr,16.01,Middelfart
215,12.6203,55.6546,36875.8,11.5574,4746.51,0.0,0.0,0.0,0.0,0.0,5.67707,1.82629,631.456,3201.94,4.03258,59.1624,0.0,4963.95,2315.08,0.0,2555.88,0.0,138.324,0.0,18240.4,0,0,2,43.0,50.0,995rxg,16.59,København
216,10.1036,56.1828,41901.0,0.0,105.459,0.0,0.0,0.0,22.0722,0.0,0.0,0.0,20244.3,0.0,0.0,0.0,0.0,0.0,4522.35,0.0,16843.5,0.0,0.0,0.0,163.268,0,0,2,22.0,50.0,7w9qrp,16.83,Århus
217,12.4627,55.6925,21278.4,0.0,5058.57,0.0,0.0,53.1969,0.0,0.0,32.5744,0.8568,0.0,0.0,0.0,2605.45,0.0,119.489,10398.4,0.0,970.578,0.0,0.0,0.0,2039.29,0,0,9,60.0,300.0,5ykjz2,16.87,Rødovre
218,9.33597,55.0732,30918.1,0.0,1501.75,0.0,0.0,0.0,0.0,0.0,0.0,0.0,0.0,0.0,0.0,0.0,0.0,7385.1,2655.97,0.0,19375.2,0.0,0.0,0.0,0.0,0,0,8,22.0,120.0,kpw3zm,17.48,Aabenraa
219,12.3891,55.7318,10066.8,0.294951,0.0,0.0,312.039,126.057,0.0,0.0,0.0,0.0,0.0,0.0,0.0,469.599,0.0,115.822,2572.2,0.0,1990.42,0.0,0.0,0.0,4480.34,0,0,4,300.0,300.0,yr7g6z,17.53,Ballerup
220,9.99318,57.0183,579.919,36.0309,335.97,0.0,0.0,67.9026,0.0,0.0,0.0,0.0,0.0,0.0,0.0,0.0,0.0,0.0,0.0,0.0,140.015,0.0,0.0,0.0,0.0,0,0,4,300.0,300.0,ymz9ek,17.84,Aalborg
221,10.3768,55.3943,51872.9,171.367,2855.7,15.2595,0.0,270.417,24.0579,0.0,19.7596,12.3632,1202.56,562.584,0.0,394.2,0.0,1177.18,15074.3,0.0,21380.6,303.313,0.0,0.0,8409.22,0,0,3,50.0,300.0,mw5pde,17.89,Odense
222,9.93466,57.0367,46017.2,0.0,9701.98,0.0,24479.9,0.0,0.0,0.0,0.0,0.0,0.0,0.0,0.0,6254.44,0.0,366.886,241.193,0.0,4277.75,0.0,140.344,0.0,554.719,0,0,4,43.0,300.0,zn6djm,18.16,Aalborg
223,12.3552,55.6146,33416.0,130.371,320.824,0.0,0.0,259.834,50.145,0.0,0.0,0.0,0.0,0.0,0.0,5888.11,0.0,1784.93,10947.5,0.0,14034.3,0.0,0.0,0.0,0.0,0,0,2,43.0,50.0,2j72qy,18.38,Ishøj
224,12.5866,55.6661,60881.1,56.5074,6443.72,0.0,22840.1,0.0,38.838,0.0,5.69808,5.38912,0.0,0.0,225.041,6375.89,0.0,591.595,11135.3,0.0,2267.78,0.0,68.5851,0.0,10826.6,0,0,6,150.0,150.0,z2w6mk,19.5,København
225,11.0912,55.6787,25452.0,35.2821,756.422,54.4718,0.0,0.0,890.75,0.0,0.0,6.5763,0.0,0.0,0.0,146.71,0.0,330.253,7849.35,0.0,15382.2,0.0,0.0,0.0,0.0,0,0,6,43.0,300.0,995rz5,19.52,Kalundborg
226,8.14186,55.5556,18259.2,0.0,324.334,0.0,0.0,0.0,0.0,0.0,0.0,0.0,0.0,0.0,0.0,0.0,0.0,2508.65,1559.35,0.0,13866.8,0.0,0.0,0.0,0.0,0,0,4,11.0,150.0,7n35q8,20.0,Varde
227,11.8736,54.7675,40141.7,0.0,10179.4,2.19803,3618.8,0.0,82.8139,0.0,0.0,0.0,5903.99,0.0,0.0,399.716,0.0,1062.74,16681.4,0.0,1795.32,0.0,0.0,0.0,415.337,0,0,3,22.0,50.0,kj9r83,20.06,Guldborgsund
228,10.6789,56.2027,31711.2,0.0,4410.58,0.0,0.0,0.0,151.546,0.0,0.0,0.0,0.0,0.0,0.0,0.0,0.0,155.633,12028.2,0.0,14965.2,0.0,0.0,0.0,0.0,0,0,4,22.0,300.0,yr68n5,20.35,Syddjurs
229,12.3352,55.6581,5459.31,715.125,0.0,0.0,0.0,0.0,9.87215,0.0,0.0,0.0,0.0,0.0,0.0,0.0,0.0,112.689,953.864,0.0,1289.03,0.0,0.0,0.0,2378.73,0,0,6,22.0,150.0,998pnx,20.65,Albertslund
230,8.59171,56.4933,28929.3,0.0,8182.45,15.834,0.0,0.0,47.2312,0.0,0.0,0.0,300.46,0.0,0.0,0.0,0.0,423.318,15322.8,0.0,4637.21,0.0,0.0,0.0,0.0,0,0,7,11.0,50.0,d9ekwk,21.68,Struer
231,12.46,55.6456,73239.1,377.568,524.171,0.0,0.0,0.0,0.0,0.0,0.0,1.61733,20244.3,117.181,0.0,0.0,0.0,409.168,12892.9,0.0,17432.4,0.0,0.0,0.0,21239.9,0,0,9,60.0,300.0,re9ney,21.69,Hvidovre
232,9.54478,55.709,44598.5,0.0,16621.8,1.52519,18146.1,0.0,9.87087,0.0,0.0,0.0,0.0,78.9377,8.25297,290.227,93.2414,901.282,1315.99,18.7878,7112.5,0.0,0.0,0.0,0.0,0,0,3,22.0,50.0,qkex2x,21.97,Vejle
233,11.7857,55.2527,13358.7,0.0,0.0,0.0,0.0,0.0,0.0,0.0,0.0,0.0,8003.17,0.0,0.0,0.0,0.0,0.0,918.188,119.454,4317.88,0.0,0.0,0.0,0.0,0,0,3,11.0,50.0,yr68rq,22.47,Næstved
234,12.5351,55.6639,54730.4,13.1803,9090.79,0.0,593.152,4955.98,62.0057,0.0,0.0,5.82243,1438.92,0.0,0.0,210.5,0.0,2059.91,2106.57,0.0,16599.7,0.0,0.0,0.0,17593.8,0,0,6,300.0,300.0,rpe5py,23.53,København
235,12.0841,55.642,54814.1,42.3445,16321.3,0.0,0.0,0.0,381.526,0.0,67.045,6.91705,2621.09,146.869,0.0,857.888,104.881,4317.33,27122.0,9.61614,2013.06,261.625,0.0,0.0,540.665,0,0,11,22.0,150.0,jrqpqp,24.94,Roskilde
236,11.7176,55.7146,55344.2,57.1131,782.959,2.86388,0.0,102.718,0.0,0.0,0.0,3.33924,16201.4,241.812,4.2762,710.271,0.0,1451.17,12502.0,10.3758,23273.8,0.0,0.0,0.0,0.0,0,0,3,50.0,300.0,gex3n7,25.18,Holbæk
237,12.2855,55.6602,30348.7,309.935,278.479,0.0,0.0,0.0,0.0,0.0,0.0,0.0,21491.5,0.0,0.0,0.0,0.0,0.0,225.978,0.0,154.883,0.0,0.0,0.0,7887.94,0,0,7,22.0,75.0,x675q,25.37,Høje Taastrup
238,12.295,55.5827,54157.3,0.0,15356.7,0.0,0.0,0.0,15.713,0.0,0.0,0.628494,0.0,0.0,0.0,147.323,0.0,1439.78,0.0,947.015,20474.9,0.0,0.0,0.0,15775.2,0,0,4,43.0,300.0,2j72ky,25.43,Greve
239,12.6058,55.6687,56592.6,0.0,9570.2,3.12465,381.305,0.0,93.208,0.0,5.36881,4.86768,0.0,0.0,0.0,1202.53,0.0,660.762,1378.19,24.5597,19309.6,0.0,246.713,0.0,23712.1,0,0,6,60.0,300.0,r32mkw,25.61,København
240,9.55111,56.1683,55159.8,146.814,9513.93,3.93483,2410.44,1296.84,0.0,0.0,0.0,4.43842,3061.86,243.214,0.0,1437.8,0.0,4322.69,22028.7,0.0,10689.2,0.0,0.0,0.0,0.0,0,0,4,300.0,300.0,drjk6y,26.91,Silkeborg
241,12.5319,55.7059,70413.9,122.098,16303.2,0.0,897.141,799.266,182.418,1460.24,3.67281,0.0,0.0,0.0,0.0,608.067,0.0,1492.73,7463.84,38.636,5710.48,9918.83,0.0,0.0,25413.3,0,0,9,60.0,300.0,qpzp2r,27.21,København
242,12.6226,55.6699,13591.2,0.280607,737.958,0.0,0.0,0.0,18.2125,0.0,0.0,12.0377,0.0,0.0,0.0,803.728,0.0,90.2601,1524.24,0.0,746.876,0.0,0.0,0.0,9657.64,0,0,4,300.0,300.0,zne2gp,27.28,København
243,11.8552,54.7589,33348.5,0.0,78.4191,0.0,0.0,0.0,0.0,0.0,0.0,0.0,20244.3,0.0,0.0,0.0,0.0,0.0,0.0,0.0,13025.7,0.0,0.0,0.0,0.0,0,0,6,43.0,300.0,mw5pee,29.07,Guldborgsund
244,12.6244,55.6271,33304.2,0.0,11958.6,0.0,209.64,0.0,0.0,0.0,0.0,0.0,0.0,0.0,0.0,121.782,0.0,0.0,2748.99,0.0,1769.11,0.0,311.535,0.0,16184.6,0,0,9,60.0,300.0,qpp9jr,29.55,Tårnby
245,10.4332,55.3781,37531.0,0.0,1365.37,3.21728,0.0,0.0,9.63526,0.0,1.80467,0.0,14324.9,0.0,0.0,78.429,0.0,0.0,419.487,16.8005,21204.9,0.0,106.494,0.0,0.0,0,0,5,11.0,300.0,yr6w8k,31.65,Odense
246,12.5297,55.6784,75381.5,82.6618,16370.0,22.572,1077.27,241.882,33.615,0.0,9.57341,4.06689,3126.48,80.5531,0.0,1403.03,0.0,3205.44,19139.3,82.0369,15464.4,0.0,0.0,0.0,15038.6,0,0,4,300.0,300.0,39g88z,32.42,Frederiksberg
247,10.6154,55.0639,57530.4,8.35983,10061.6,2.4124,0.0,0.0,431.711,0.0,3.9274,0.553203,3945.97,34.2504,0.0,81.274,0.0,2348.41,2620.8,14.2851,20667.1,0.0,0.0,0.0,17309.7,0,0,8,22.0,300.0,39gnqe,33.2,Svendborg
248,12.0822,55.6373,62874.8,201.555,8702.5,0.0,0.0,0.0,178.753,395.614,9.46229,5.13844,1387.92,310.332,0.0,320.226,248.643,5075.52,27113.5,0.0,17572.5,538.79,0.0,0.0,814.374,0,0,6,43.0,300.0,x562jz,34.07,Roskilde
249,12.2171,55.5342,32371.0,137.878,2470.15,2.27778,0.0,0.0,0.0,0.0,0.0,0.0,0.0,0.0,0.0,661.187,0.0,721.965,5686.11,0.0,22691.4,0.0,0.0,0.0,0.0,0,0,10,22.0,150.0,xp67g9,35.34,Solrød
250,12.4785,55.7112,43765.5,0.0,15699.5,0.0,0.0,0.0,0.0,0.0,140.668,1.58819,0.0,0.0,0.0,1347.58,0.0,1176.2,3305.57,0.0,14914.0,0.0,0.0,0.0,7180.31,0,0,8,43.0,300.0,jq8x28,36.82,København
251,8.96995,56.1348,32689.5,58.6438,1039.68,6.00152,13795.9,0.0,199.998,0.0,47.7667,0.0,661.897,0.0,0.0,855.304,0.0,690.869,3667.2,619.044,11047.2,0.0,0.0,0.0,0.0,0,0,7,22.0,300.0,x5622x,38.09,Herning
252,12.5718,55.6689,49857.0,9.44964,1768.62,3.60714,1612.35,145.194,90.393,0.0,3.84244,12.5155,1254.29,0.0,59.3636,293.958,0.0,430.943,18942.3,0.0,1428.21,647.272,0.0,0.0,23154.7,0,0,8,300.0,300.0,5y3yrq,40.86,København
253,12.5416,55.6472,33435.5,0.0,7649.09,0.0,0.0,0.0,15.2371,0.0,0.0,0.703964,0.0,0.0,0.0,270.704,0.0,221.578,1111.99,0.0,1059.43,0.0,0.0,0.0,23106.8,0,0,9,60.0,300.0,eek65z,40.9,København
254,8.44414,55.4657,27717.1,0.0,8381.29,2.04065,3529.85,0.0,193.246,0.0,14.0035,0.804353,1044.7,89.8071,16.2417,2007.32,0.0,1657.32,9828.2,41.7459,910.533,0.0,0.0,0.0,0.0,0,0,12,250.0,250.0,qpzd63,43.0,Esbjerg
255,12.559,55.6761,48926.6,41.1486,10541.3,52.1501,455.176,167.473,80.0636,0.0,1.73985,8.29218,2384.76,0.0,351.866,1012.52,0.0,1484.71,13305.6,0.0,4141.86,213.85,0.0,0.0,14684.2,0,0,5,11.0,50.0,wj3qw6,43.53,København
256,12.4744,55.6613,33258.9,0.289523,6596.58,0.0,0.0,0.0,19.7597,0.0,0.0,0.0,0.0,0.0,0.0,902.512,0.0,408.735,1460.21,142.982,14888.7,0.0,0.0,0.0,8839.2,0,0,12,22.0,300.0,k2z5z5,47.37,Hvidovre
257,8.21379,56.7053,13130.2,0.0,881.689,0.0,0.0,0.0,0.0,0.0,0.0,0.0,0.0,0.0,0.0,0.0,0.0,104.563,12144.0,0.0,0.0,0.0,0.0,0.0,0.0,0,0,10,11.0,80.0,xrqjqj,50.49,Thyborøn
258,12.2914,55.9292,42652.1,77.8778,3246.57,2.44156,0.0,142.356,0.0,0.0,4.8214,2.84522,0.0,0.0,0.0,184.397,0.0,652.97,4585.23,24.7926,13019.9,0.0,0.0,0.0,20707.9,0,0,7,22.0,300.0,kdp2q,52.53,Hillerød
259,12.5606,55.713,51013.0,29.948,13507.1,0.0,0.0,61.1428,31.4423,0.0,138.577,0.0,577.707,161.548,0.0,802.212,0.0,865.12,2014.77,0.0,17509.4,455.284,68.6554,0.0,14790.0,0,0,10,300.0,300.0,zpndpr,55.16,København
260,9.46287,55.5126,30526.1,34.4568,0.0,38.0691,0.0,449.678,0.0,0.0,0.0,0.0,12911.6,0.0,0.0,75.5194,0.0,447.453,12804.5,227.206,3537.62,0.0,0.0,0.0,0.0,0,0,20,250.0,250.0,5y3zkg,67.26,Kolding
261,10.0618,56.4303,26519.8,63.6402,252.704,0.0,1660.36,108.564,0.0,0.0,0.0,0.0,5495.63,0.0,0.0,0.0,0.0,400.37,16775.7,276.856,1485.98,0.0,0.0,0.0,0.0,0,0,16,250.0,250.0,njjg6y,70.82,Randers
262,12.5048,55.7727,61371.1,0.0,3770.87,19.5588,474.078,0.0,184.493,0.0,0.0,3.25065,4870.62,0.0,15.1054,4601.1,74.0488,9403.75,9880.64,937.863,14936.7,0.0,144.956,0.0,12054.1,0,0,12,250.0,250.0,rggmqx,90.9,Lyngby-Taarbæk
263,10.4267,55.3865,39218.0,21.5511,966.539,23.5823,0.0,0.0,36.7787,0.0,25.4255,0.0,23228.5,0.0,0.0,191.932,0.0,0.0,11429.0,109.676,3185.06,0.0,0.0,0.0,0.0,0,0,15,250.0,250.0,kjdxe9,93.89,Odense
264,10.0633,56.4296,39929.3,68.7279,375.132,0.0,988.02,150.242,0.0,0.0,0.0,0.0,10529.1,0.0,0.0,0.0,0.0,477.085,24336.6,632.945,2371.36,0.0,0.0,0.0,0.0,0,0,44,22.0,300.0,6k7qmg,94.53,Randers
265,12.2748,55.643,13822.2,0.0,257.533,0.0,0.0,0.0,8.00628,0.0,0.0,0.51318,0.0,0.0,0.0,3248.16,0.0,0.0,337.17,278.218,6905.85,0.0,0.0,0.0,2786.79,0,0,28,250.0,250.0,exxrn6,103.28,Høje Taastrup
