,Unnamed: 0,slug,status_3_ratio_mean,status_3_ratio_var,latitude,longitude,ratios,ratios_length,minCapacity,maxCapacity,NAME_2
0,329,x5623z,0.7597597597597597,0.1825670402380203,55.732861,12.38663,[0.7597597597597597],1,50.0,50.0,Ballerup
1,47,5nykwy,0.5791907514450867,0.2437851914038062,55.858522,9.851593,[0.5791907514450867],1,75.0,75.0,Horsens
2,12,2j72qy,0.5407245039224735,0.1507182379546926,55.6146,12.3552,"[0.5385325334563913, 0.5429164743885556]",2,43.0,50.0,Ishøj
3,315,wj3qw6,0.5121247381894345,0.0648645952375067,55.67612,12.559046,"[0.6290435187340004, 0.533395392134047, 0.6032115429369328, 0.5180358389574121, 0.2769373981847801]",5,11.0,50.0,København
4,97,7w9qrp,0.4949121184088806,0.1400388773085804,56.182788,10.103635,"[0.4364014801110083, 0.553422756706753]",2,22.0,50.0,Århus
5,179,gex3n7,0.4937640405918351,0.1244962037244419,55.714602,11.717588,"[0.5340460144085521, 0.505228910062747, 0.44201719730420636]",3,50.0,300.0,Holbæk
6,125,995rxg,0.4879210220673635,0.1361226517536022,55.654635,12.620347,"[0.3698025551684088, 0.6060394889663182]",2,43.0,50.0,København
7,149,dne2kr,0.4810860988628452,0.2497002128731024,54.913956,9.793496,[0.4810860988628452],1,50.0,50.0,Sønderborg
8,23,39g88z,0.476733471550334,0.1032603872411483,55.678422,12.529694,"[0.47777009905551715, 0.48882745911080394, 0.4865238424326192, 0.4538124856023958]",4,300.0,300.0,Frederiksberg
9,318,wj6pz7,0.4661331477615402,0.132611470898651,55.711324,12.540379,"[0.495940617026212, 0.4363256784968685]",2,43.0,50.0,København
10,25,39g8qx,0.4508537148131056,0.1323636836499404,55.847837,12.065215,"[0.467005076142132, 0.4347023534840794]",2,43.0,50.0,Frederikssund
11,299,rggmqx,0.4455932743644912,0.0836986270316453,55.772665,12.504799,"[0.462347597418121, 0.43652880707626107, 0.42027253167583073, 0.4456131962706192, 0.3810662204159694, 0.3875209180014344, 0.4061678221372221, 0.39206311259861343, 0.5094429835046618, 0.4762132440831939, 0.47979918718623, 0.5500836720057375]",12,250.0,250.0,Lyngby-Taarbæk
12,366,yr68wy,0.4442374854481956,0.131787349269875,55.728455,12.439682,"[0.4281722933643772, 0.460302677532014]",2,43.0,50.0,Herlev
13,210,kdp2q,0.4414471071097577,0.0613519026052458,55.929234,12.291381,"[0.3113994439295644, 0.25648748841519925, 0.5544485634847081, 0.5662650602409639, 0.5433271547729379, 0.5217794253938832, 0.33642261353104724]",7,22.0,300.0,Hillerød
14,365,yr68rq,0.4406307977736549,0.1065804107856001,55.252667,11.78572,"[0.32490723562152135, 0.35528756957328383, 0.6416975881261595]",3,11.0,50.0,Næstved
15,195,jq8xmg,0.4392890120036934,0.246371048292997,57.455262,9.993931,[0.43928901200369347],1,50.0,50.0,Hjørring
16,1,256kqp,0.4335266821345707,0.1504305858509061,55.642697,12.590875,"[0.4194895591647332, 0.44756380510440835]",2,150.0,150.0,København
17,57,5yw3gj,0.4322467986030268,0.1443371724251241,55.046193,9.419178,"[0.43213038416763677, 0.43236321303841674]",2,22.0,50.0,Aabenraa
18,281,qkex2x,0.4308212337712222,0.0881067456337524,55.708968,9.54478,"[0.3701313666743489, 0.42406084351233003, 0.49827149112698776]",3,22.0,50.0,Vejle
19,359,ymrgmd,0.4305523457360758,0.1573927369148614,57.004812,9.879316,"[0.4097527155072799, 0.45135197596487175]",2,300.0,300.0,Aalborg
20,26,39g8wp,0.4241443108233117,0.1294516155332056,56.160485,10.222005,"[0.459990749306198, 0.3882978723404255]",2,43.0,50.0,Århus
21,148,dne2kp,0.4221198156682028,0.1311768835436397,56.092085,8.242567,"[0.4997695852534562, 0.3444700460829493]",2,43.0,50.0,Ringkøbing-Skjern
22,277,qke323,0.4049883990719257,0.1281835111208991,56.153496,10.136087,"[0.38167053364269143, 0.4283062645011601]",2,43.0,50.0,Århus
23,390,zne2gp,0.4012158054711246,0.0869711594507834,55.669914,12.622625,"[0.3563245265372925, 0.45265372924947395, 0.3104980126256722, 0.48538695347205985]",4,300.0,300.0,København
24,250,nz32d8,0.4003241491085899,0.1362527897617527,55.975025,10.14949,"[0.3584163000694605, 0.44223199814771935]",2,43.0,50.0,Odder
25,163,eeq8wm,0.3981119042136772,0.1247500040567831,55.255631,9.481963,"[0.35804743265024175, 0.4381763757771126]",2,43.0,50.0,Haderslev
26,153,drjk6y,0.3957175925925926,0.10083833652766,56.168303,9.551111,"[0.3386574074074074, 0.39861111111111114, 0.4013888888888889, 0.444212962962963]",4,300.0,300.0,Silkeborg
27,213,kj9r83,0.3933906044423806,0.097130274884093,54.767519,11.873621,"[0.3663803111214302, 0.4332482006036684, 0.3805433016020432]",3,22.0,50.0,Guldborgsund
28,278,qke39y,0.3894297635605007,0.1283927654111659,55.567308,9.721277,"[0.45387111729253593, 0.32498840982846544]",2,43.0,50.0,Fredericia
29,84,7n3j3y,0.3779527559055118,0.1357843646889516,57.005642,9.876272,"[0.3209819360815192, 0.4349235757295044]",2,43.0,50.0,Aalborg
30,11,2j72ky,0.3739316239316239,0.0868786237894371,55.582747,12.295032,"[0.4737814737814738, 0.4670824670824671, 0.2822822822822823, 0.27258027258027256]",4,43.0,300.0,Greve
31,296,reqydq,0.3729441741950428,0.1246663298299302,56.48239,10.025751,"[0.359740560574473, 0.3861477878156127]",2,43.0,50.0,Randers
32,368,yr6w8k,0.3723084047233155,0.0749161846236471,55.378059,10.433246,"[0.2996063903681408, 0.30863625839314657, 0.4690900671451725, 0.4505672609400324, 0.3336420467700857]",5,11.0,300.0,Odense
33,215,kjdxe9,0.3682012292464878,0.0585501146135252,55.386511,10.426722,"[0.3481800766283525, 0.3184865900383142, 0.28400383141762453, 0.3903256704980843, 0.41522988505747127, 0.42265325670498083, 0.3414750957854406, 0.25383141762452105, 0.444683908045977, 0.2962164750957854, 0.31082375478927204, 0.4818007662835249, 0.45162835249042144, 0.3546455938697318, 0.47174329501915707]",15,250.0,250.0,Odense
34,280,qke3yy,0.3650921658986175,0.1335011438427386,55.651352,12.380832,"[0.3076036866359447, 0.42258064516129035]",2,22.0,50.0,Brøndby
35,13,2j72r2,0.3594544613962089,0.2303001878679523,56.376929,8.621127,[0.35945446139620896],1,50.0,50.0,Holstebro
36,340,xpmnk7,0.3585298196948682,0.1477272253533548,55.012248,11.908791,"[0.35436893203883496, 0.36269070735090153]",2,300.0,300.0,Vordingborg
37,303,rp535z,0.3561043157165935,0.1396655218950362,55.782198,12.519621,"[0.36995153473344106, 0.34225709669974613]",2,300.0,300.0,Lyngby-Taarbæk
38,227,mw5pde,0.3508731262556019,0.1045174897859166,55.39434,10.376846,"[0.3507185906351414, 0.32962447844228093, 0.3722763096893834]",3,50.0,300.0,Odense
39,251,nz32ey,0.3469599263012436,0.1344286733534156,56.032527,9.93137,"[0.28972823583602025, 0.4041916167664671]",2,43.0,50.0,Skanderborg
40,63,628ydg,0.3411518810961449,0.1270842942322324,56.562711,9.026866,"[0.26497909893172317, 0.39526242452392013]",2,43.0,50.0,Skive
41,330,x562jz,0.3339916356877323,0.06372125941307,55.637265,12.082179,"[0.30088289962825276, 0.383364312267658, 0.4354089219330855, 0.5185873605947955, 0.14451672862453532, 0.2211895910780669]",6,43.0,300.0,Roskilde
42,74,6keynk,0.3290657439446366,0.1340188546984253,55.429386,11.790184,"[0.3441753171856978, 0.31395617070357557]",2,300.0,300.0,Ringsted
43,237,mzx6r2,0.3280453913849004,0.1356436653007384,55.595629,12.659088,"[0.3223714682723483, 0.3337193144974525]",2,300.0,300.0,Dragør
44,392,zpndpr,0.3244675925925926,0.0474701957543325,55.712953,12.560574,"[0.3398148148148148, 0.26851851851851855, 0.36921296296296297, 0.24421296296296297, 0.3729166666666667, 0.32916666666666666, 0.28912037037037036, 0.3425925925925926, 0.325, 0.36412037037037037]",10,300.0,300.0,København
45,55,5yw393,0.322075208913649,0.1195427554289093,56.413489,10.881871,"[0.29619312906220985, 0.3479572887650882]",2,43.0,50.0,Norddjurs
46,82,7n35ke,0.3214698405361682,0.2181774044877926,56.794238,8.854229,[0.3214698405361682],1,50.0,50.0,Morsø
47,328,x5622x,0.3200668337510443,0.0588026274881221,56.134818,8.969948,"[0.3649122807017544, 0.3433918128654971, 0.3160233918128655, 0.28842105263157897, 0.3146198830409357, 0.35578947368421054, 0.2573099415204678]",7,22.0,300.0,Herning
48,264,pjydnq,0.3188238018059736,0.217225480526441,55.722734,11.464672,[0.3188238018059736],1,50.0,50.0,Holbæk
49,64,628yrm,0.3161252900232018,0.1209165217784611,55.510032,8.456897,"[0.2591647331786543, 0.3730858468677494]",2,43.0,50.0,Esbjerg
50,54,5yw339,0.3050834303453628,0.076725951092924,56.17035,10.189372,"[0.2619324796274738, 0.23445867287543656, 0.41885913853317813]",3,11.0,50.0,Århus
51,50,5y3yrq,0.3004553612976135,0.0425196628917734,55.668863,12.571808,"[0.07127882599580712, 0.48255002326663565, 0.211493718008376, 0.40483946021405304, 0.16387337057728119, 0.38268156424581007, 0.2308050255932992, 0.45532805956258726]",8,300.0,300.0,København
52,364,yr68n5,0.2993055555555555,0.0841335764451649,56.20273,10.678898,"[0.2898148148148148, 0.23148148148148148, 0.33449074074074076, 0.3414351851851852]",4,22.0,300.0,Syddjurs
53,355,ym6rkk,0.2988865692414753,0.1310057205411506,57.265867,9.948698,"[0.30712131755973093, 0.2906518209232197]",2,300.0,300.0,Brønderslev
54,347,xrqjqj,0.2969900497512437,0.0065920825085817,56.70528,8.213788,"[0.026119402985074626, 0.029104477611940297, 0.9427860696517413, 0.9412935323383085, 0.0, 0.9447761194029851, 0.02437810945273632, 0.01791044776119403, 0.0012437810945273632, 0.04228855721393035]",10,11.0,80.0,Thyborøn
55,83,7n35q8,0.2941002601087727,0.0898534298698474,55.55561,8.14186,"[0.30409080160794516, 0.2830456372664933, 0.32513596594939703, 0.2641286356112556]",4,11.0,150.0,Varde
56,228,mw5pee,0.2850089417619159,0.0608998074328586,54.758914,11.855202,"[0.311173314672265, 0.3610916724982505, 0.3291345929554467, 0.2866806624679263, 0.2834149755073478, 0.13855843247025892]",6,43.0,300.0,Guldborgsund
57,98,7w9qxx,0.2847766006448641,0.1129057206410099,56.451983,9.406735,"[0.2224781206817135, 0.34707508060801473]",2,43.0,50.0,Viborg
58,108,8ndx35,0.2844408427876823,0.1119301585538057,54.939782,8.854387,"[0.24866867330400555, 0.3202130122713591]",2,43.0,50.0,Tønder
59,261,pjyd3w,0.2816705336426914,0.1216180023573385,55.488446,9.474084,"[0.20139211136890953, 0.3619489559164733]",2,43.0,50.0,Kolding
60,326,wxqw7y,0.2813877929914133,0.123738927808243,56.23427,10.29953,"[0.22998375493153864, 0.332791831051288]",2,300.0,300.0,Århus
61,58,5yw3p3,0.2727167896678967,0.1044434593351122,55.740854,12.544981,"[0.1907287822878229, 0.3547047970479705]",2,43.0,50.0,Gentofte
62,252,nz32kr,0.2720876585928489,0.1019433794854027,55.649424,12.198053,"[0.23806228373702423, 0.3061130334486736]",2,43.0,50.0,Høje Taastrup
63,194,jq8x28,0.2707122937485475,0.0503430710877872,55.711175,12.478455,"[0.2616778991401348, 0.25075528700906347, 0.27236811526841737, 0.2572623750871485, 0.3339530560074367, 0.35788984429467813, 0.22565651870787823, 0.20613525447362305]",8,43.0,300.0,København
64,161,eek65z,0.2672936093988725,0.0278617872657314,55.647185,12.541627,"[0.5042674253200569, 0.027738264580369845, 0.4193930772878141, 0.33712660028449504, 0.2797534376481745, 0.013276434329065908, 0.3840682788051209, 0.41536273115220484, 0.024656235182550973]",9,60.0,300.0,København
65,389,zn6djm,0.2669902912621359,0.060520511813233,57.036654,9.934661,"[0.3324086916319926, 0.31044845122515025, 0.2034211742949607, 0.22168284789644013]",4,43.0,300.0,Aalborg
66,259,pj78qw,0.2669068092028817,0.0897739492400023,55.966992,12.404039,"[0.12270508947246107, 0.41110852893330235]",2,43.0,50.0,Fredensborg
67,112,8ndxx9,0.2667824074074074,0.1022883249509062,55.687109,12.52594,"[0.17847222222222223, 0.35509259259259257]",2,43.0,50.0,Frederiksberg
68,269,pzg7je,0.2661178107606679,0.1233773630601099,55.854067,11.578983,"[0.2680890538033395, 0.2641465677179963]",2,150.0,150.0,Odsherred
69,297,reqyyp,0.2660041599260457,0.1952910799641979,55.698081,12.557008,[0.26600415992604576],1,50.0,50.0,København
70,361,ymz9ek,0.262421639192013,0.0762506833031183,57.018276,9.993176,"[0.2971906199210587, 0.2303227304388205, 0.2154631994427676, 0.3067100069654052]",4,300.0,300.0,Aalborg
71,246,njjg6y,0.2603798065581505,0.0419742894080796,56.430273,10.061784,"[0.2208067940552017, 0.1910828025477707, 0.32554847841472045, 0.25218211842415666, 0.3161122906345836, 0.18895966029723993, 0.24062278839348902, 0.24015097900448218, 0.2356687898089172, 0.24722811983958481, 0.29653220099079974, 0.3996225524887945, 0.20547298891247937, 0.386411889596603, 0.25359754659117717, 0.1660769049304081]",16,250.0,250.0,Randers
72,369,yr7g6z,0.2577469711090401,0.0662852279679852,55.731753,12.389059,"[0.3337998600419874, 0.2234389561975769, 0.1337371854613234, 0.34040074557315936]",4,300.0,300.0,Ballerup
73,95,7w9qj2,0.2560296846011132,0.1905226694967223,55.465691,8.445434,[0.2560296846011132],1,50.0,50.0,Esbjerg
74,293,r32mkw,0.2510980392156862,0.0357098109974357,55.668659,12.605793,"[0.05341176470588235, 0.3221176470588235, 0.3527058823529412, 0.3225882352941176, 0.09670588235294118, 0.35905882352941176]",6,60.0,300.0,København
75,27,39gnqe,0.2440933426443203,0.0355988343584632,55.063927,10.615416,"[0.0, 0.0, 0.35591247672253257, 0.3817504655493482, 0.39501862197392923, 0.3784916201117318, 0.2881750465549348, 0.15339851024208567]",8,22.0,300.0,Svendborg
76,65,628yye,0.2419653179190751,0.0947116777978,55.007167,11.915802,"[0.2945664739884393, 0.18936416184971097]",2,43.0,50.0,Vordingborg
77,146,dne2dr,0.2354549685827321,0.0600479365773792,55.496577,9.759053,"[0.26599953455899467, 0.13777053758436117, 0.25971608098673493, 0.27833372120083777]",4,22.0,300.0,Middelfart
78,398,zpx6mk,0.2347009735744089,0.1070288115594507,55.330264,11.139881,"[0.23157162726008346, 0.23783031988873435]",2,300.0,300.0,Slagelse
79,207,k2z5z5,0.2321974148061104,0.0207693566197583,55.661315,12.4744,"[0.49776733254994127, 0.10105757931844889, 0.4397179788484136, 0.1309048178613396, 0.08836662749706228, 0.07285546415981199, 0.09165687426556991, 0.07802585193889541, 0.21950646298472384, 0.4484136310223267, 0.1600470035252644, 0.4580493537015276]",12,22.0,300.0,Hvidovre
80,24,39g8nx,0.2316253188036169,0.1256044310100156,55.66562,12.400319,"[0.23858103408300488, 0.22466960352422907]",2,43.0,50.0,Glostrup
81,305,rpe5py,0.2306797020484171,0.0406821300589877,55.663867,12.53512,"[0.17574487895716945, 0.20763500931098697, 0.24068901303538176, 0.2918994413407821, 0.2413873370577281, 0.22672253258845437]",6,300.0,300.0,København
82,317,wj6pe7,0.227062094531974,0.0988364188548468,56.951909,8.692122,"[0.26413345690454126, 0.18999073215940684]",2,43.0,50.0,Thisted
83,175,exxrn6,0.216984505363528,0.02550383125383,55.643012,12.274821,"[0.24839094159713945, 0.2433849821215733, 0.2069129916567342, 0.2362336114421931, 0.20905840286054828, 0.19594755661501786, 0.21549463647199046, 0.20119189511323005, 0.21120381406436234, 0.2171632896305125, 0.19284862932061977, 0.21239570917759237, 0.20882002383790227, 0.24266984505363529, 0.20715137067938022, 0.19880810488676998, 0.3032181168057211, 0.3775923718712753, 0.21239570917759237, 0.2133492252681764, 0.17497020262216925, 0.19499404052443384, 0.1902264600715137, 0.20572109654350418, 0.18212157330154946, 0.16924910607866508, 0.19785458879618595, 0.2061978545887962]",28,250.0,250.0,Høje Taastrup
84,335,x675q,0.2131718829263989,0.0376285589081645,55.66017,12.28545,"[0.32105628908964556, 0.2918693537178596, 0.32267778549918924, 0.2128793143386611, 0.1553960166743863, 0.0444650301065308, 0.14381658175081055]",7,22.0,75.0,Høje Taastrup
85,288,qpzd63,0.2107831468697929,0.0361650452651107,55.465674,8.444136,"[0.14948821709116877, 0.20304689359676267, 0.19328731254463222, 0.21280647464889313, 0.19328731254463222, 0.2563675315401095, 0.19138300404665556, 0.2818376577005475, 0.20947393477743395, 0.2073315877172102, 0.18400380861699595, 0.24708402761247322]",12,250.0,250.0,Esbjerg
86,339,xp67g9,0.2078541374474053,0.0251101475290547,55.53418,12.21714,"[0.12155212716222534, 0.40042075736325383, 0.1456287985039738, 0.4277699859747546, 0.16806919121084618, 0.16666666666666666, 0.15497896213183732, 0.18676951846657316, 0.19682094436652642, 0.10986442262739599]",10,22.0,150.0,Solrød
87,258,p5zr9g,0.2074798619102416,0.0973082192651744,55.31711,10.789783,"[0.2193325661680092, 0.1956271576524741]",2,300.0,300.0,Nyborg
88,298,rewedg,0.2051764705882353,0.0567394957983192,55.745197,12.556573,"[0.30211764705882355, 0.01811764705882353, 0.2952941176470588]",3,60.0,300.0,Gentofte
89,180,gex3p9,0.2028126452812645,0.0572938774685182,55.333163,8.770313,"[0.24848907484890748, 0.27405857740585776, 0.08391445839144585, 0.20478847047884705]",4,43.0,300.0,Esbjerg
90,127,998pnx,0.2024326404926866,0.0337237079561943,55.658104,12.335245,"[0.28819043217009477, 0.04549653579676674, 0.15265588914549655, 0.40115473441108546, 0.09030023094688222, 0.2369515011547344]",6,22.0,150.0,Albertslund
91,106,8ey33w,0.2002845399936769,0.1013187045901346,55.73557,12.362379,"[0.20518495099589, 0.1953841289914638]",2,300.0,300.0,Ballerup
92,51,5y3zkg,0.1978130975143403,0.028867493238646,55.512586,9.462869,"[0.2038718929254302, 0.21056405353728488, 0.3711759082217973, 0.11806883365200765, 0.33604206500956024, 0.18905353728489482, 0.1842734225621415, 0.10922562141491396, 0.30664435946462715, 0.07409177820267686, 0.1747131931166348, 0.15152963671128106, 0.15105162523900573, 0.1111376673040153, 0.36233269598470363, 0.21582217973231357, 0.3809751434034417, 0.13217017208413, 0.1828393881453155, 0.16252390057361377]",20,250.0,250.0,Kolding
93,52,5y6n8g,0.1958041958041958,0.0652760363648684,55.41794,11.33802,"[0.2177156177156177, 0.16736596736596737, 0.20233100233100232]",3,13.0,50.0,Slagelse
94,287,qpp9jr,0.1931415468000833,0.022200541831551,55.627132,12.624391,"[0.029080675422138838, 0.23287992495309567, 0.19136960600375236, 0.4333958724202627, 0.2553939962476548, 0.05042213883677298, 0.06636960600375234, 0.17706378986866791, 0.3022983114446529]",9,60.0,300.0,Tårnby
95,126,995rz5,0.191419911401259,0.0393112115116111,55.678653,11.091186,"[0.24131499183958965, 0.22709256236885056, 0.22662625320587548, 0.2685940778736302, 0.0995570062951737, 0.0853345768244346]",6,43.0,300.0,Kalundborg
96,380,z2w6mk,0.1911661603178312,0.0350146674910428,55.666096,12.586647,"[0.09838747370881047, 0.2589390044402898, 0.18906286515541015, 0.29422762327646645, 0.1731713017060061, 0.13320869362000468]",6,150.0,150.0,København
97,257,p5y8dp,0.1881211000693321,0.1527668572685075,54.82984,11.141775,[0.1881211000693321],1,300.0,300.0,Lolland
98,141,d9ekwk,0.1822235532927356,0.0267370083647928,56.493334,8.591714,"[0.16142557651991615, 0.053109713487071976, 0.12415560214302353, 0.4085720941066853, 0.22827859305846726, 0.11483810854880037, 0.18518518518518517]",7,11.0,50.0,Struer
99,32,39xdqr,0.1808165158895847,0.0848732078570927,56.130112,10.164427,"[0.1820292547016485, 0.17977267455346788]",2,300.0,300.0,Århus
100,44,5nd93r,0.1784059314179796,0.0869356738836979,55.158749,8.769447,"[0.20088044485634848, 0.15593141797961074]",2,150.0,300.0,Tønder
101,382,z2z3zn,0.1779048063462436,0.0972223069220512,55.394824,10.348554,"[0.18618758749416706, 0.16962202519832012]",2,300.0,300.0,Odense
102,289,qpzp2r,0.1778302505575232,0.023589166638937,55.70593,12.531883,"[0.24840613931523023, 0.21818181818181817, 0.019834710743801654, 0.24297520661157024, 0.23423848878394332, 0.027863046044864226, 0.2781582054309327, 0.29775678866587957, 0.03305785123966942]",9,60.0,300.0,København
103,192,j8552,0.1774608370353051,0.0728033734074375,55.725944,12.415833,"[0.07341594575637128, 0.281505728314239]",2,43.0,50.0,Herlev
104,62,628y5k,0.1756380510440835,0.0869719181619006,55.676459,12.562006,"[0.21020881670533642, 0.20046403712296984, 0.1923433874709977, 0.19419953596287703, 0.08097447795823666]",5,22.0,50.0,København
105,354,ym2dwz,0.1748894577612287,0.0848046025354835,55.708884,12.524618,"[0.15266464975564348, 0.19711426576681407]",2,150.0,150.0,København
106,3,257pjw,0.1708889912482727,0.1417185829287674,54.828983,11.138163,[0.1708889912482727],1,300.0,300.0,Lolland
107,374,yry5yp,0.1690597498842056,0.0740297388428375,55.736896,12.574793,"[0.16489115331171839, 0.1732283464566929]",2,43.0,50.0,Gentofte
108,142,deg8n,0.1655560661764706,0.0567609410066314,55.677906,12.560925,"[0.004825367647058824, 0.32628676470588236]",2,43.0,50.0,København
109,249,njxpxn,0.1654701250578971,0.0846702792786963,56.55181,8.310629,"[0.15956461324687354, 0.1713756368689208]",2,170.0,170.0,Lemvig
110,88,7n9r77,0.1640889318511358,0.0781149940215373,55.73557,12.362379,"[0.17199612403100775, 0.15659739004349926]",2,300.0,300.0,Ballerup
111,376,z22293,0.1640138408304498,0.0779617349260613,55.812687,12.376678,"[0.13194925028835064, 0.19607843137254902]",2,150.0,150.0,Furesø
112,122,95286,0.1606936416184971,0.074079074716731,56.181548,10.125218,"[0.14658959537572255, 0.17479768786127167]",2,43.0,50.0,Århus
113,323,wqz262,0.1604995374653099,0.0779813372655737,55.727117,12.472608,"[0.150786308973173, 0.1702127659574468]",2,150.0,150.0,Gladsaxe
114,377,z222px,0.1486204498029214,0.0732222383293894,55.962127,11.850467,"[0.16438673776953397, 0.13285416183630883]",2,150.0,150.0,Halsnæs
115,378,z267wr,0.1480537534754402,0.0727447628109373,56.480421,8.606704,"[0.14735866543095458, 0.14874884151992585]",2,150.0,150.0,Struer
116,138,9k9eg3,0.1438749803180601,0.0273500648451646,55.720242,12.449674,"[0.26877657061880017, 0.024090694378837978, 0.19485120453471894, 0.1724137931034483, 0.013934813415210204, 0.1891828058573453]",6,60.0,300.0,Herlev
117,295,re9ney,0.1417427256416257,0.0174990856994367,55.645646,12.460007,"[0.024338871986894453, 0.2291130353381699, 0.18605195413058742, 0.187456119822139, 0.020828457758015447, 0.1764568219049848, 0.15773461268429675, 0.2728761993915282, 0.020828457758015447]",9,60.0,300.0,Hvidovre
118,186,gmje2d,0.1412196240256762,0.0281046244337855,55.471802,8.434331,"[0.1373223292067859, 0.1276937184777625, 0.09949564419990829, 0.12127464465841357, 0.22283356258596973, 0.1386978450252178]",6,300.0,300.0,Esbjerg
119,85,7n3ppw,0.1337259521005104,0.0387421224923679,55.673037,12.483238,"[0.12626619552414606, 0.24428739693757362, 0.030624263839811542]",3,60.0,300.0,København
120,320,wqj7n9,0.1336496181439481,0.064946144796729,55.534488,12.214594,"[0.06526267067808378, 0.20203656560981254]",2,43.0,50.0,Solrød
121,200,jrqpqp,0.1333477771037351,0.0125645487372831,55.642029,12.084084,"[0.23570066730219255, 0.2011439466158246, 0.23570066730219255, 0.23069590085795996, 0.12368922783603432, 0.1632507149666349, 0.03336510962821735, 0.06387035271687322, 0.03336510962821735, 0.05743565300285987, 0.0]",11,22.0,150.0,Roskilde
122,30,39x2d3,0.1330423155576529,0.0441907736003642,54.831845,9.351153,"[0.2078810759792355, 0.18692471088033985, 0.004247286455875413]",3,60.0,300.0,Aabenraa
123,220,kpw3zm,0.1285117250986765,0.0137511635294664,55.073156,9.335971,"[0.18249361504527514, 0.4439284885070815, 0.10076619456698398, 0.008822846528906431, 0.150452751335036, 0.058741583468771764, 0.032737404225679126, 0.05015091711167866]",8,22.0,120.0,Aabenraa
124,73,6k7qmg,0.1263732080314994,0.0101304814943152,56.429629,10.063318,"[0.10624551328068917, 0.15458243598947116, 0.10863843024647045, 0.020339794209140942, 0.3560660445082556, 0.012682459918640823, 0.012682459918640823, 0.012921751615218953, 0.3050969131371141, 0.03780808805934434, 0.06963388370423547, 0.012443168222062694, 0.1191672648959081, 0.3601340033500838, 0.012921751615218953, 0.007178750897343862, 0.040918880114860015, 0.31825795644891125, 0.34099066762383345, 0.11462072266092367, 0.31610433117970804, 0.05719071548217277, 0.01507537688442211, 0.009093084469968891, 0.006221584111031347, 0.2857142857142857, 0.09810959559703278, 0.014836085187843982, 0.2586743240009572, 0.29911462072266093, 0.012203876525484566, 0.03158650394831299, 0.06293371620004785, 0.017707585546781528, 0.3108399138549892, 0.014596793491265853, 0.30031107920555156, 0.358698253170615, 0.010528834649437664, 0.030868628858578606, 0.07681263460157932, 0.08446996889207944, 0.03613304618329744, 0.32926537449150517]",44,22.0,300.0,Randers
125,244,njj9qm,0.1251728907330567,0.0249348008861104,56.955035,8.696964,"[0.1267865375749193, 0.13854310742277548, 0.13047487321346243, 0.12425080682342093, 0.09243891194098663, 0.13854310742277548]",6,300.0,300.0,Thisted
126,104,8dxgy,0.1248535270681978,0.0409548640696398,55.678306,12.45775,"[0.02348993288590604, 0.03355704697986577, 0.04697986577181208, 0.026845637583892617]",4,43.0,50.0,Rødovre
127,45,5njy29,0.1233948167172542,0.0641139279226835,54.832237,11.13298,"[0.13915479803875788, 0.10763483539575064]",2,300.0,300.0,Lolland
128,393,zpnnrx,0.1202700580938922,0.0398701429917672,55.507425,9.457325,"[0.01460197833254828, 0.17922750824305228, 0.1669806877060763]",3,60.0,300.0,Kolding
129,276,qk85yd,0.1181996855345911,0.0188228439201128,55.775075,12.521009,"[0.022169811320754716, 0.011320754716981131, 0.24764150943396226, 0.1804245283018868, 0.01509433962264151, 0.23254716981132076]",6,60.0,300.0,Lyngby-Taarbæk
130,332,x59g85,0.1167259786476868,0.0373658536768455,55.656087,12.307504,"[0.19620403321470936, 0.14638196915776988, 0.007591933570581257]",3,60.0,300.0,Høje Taastrup
131,28,39mjj5,0.1143167551907291,0.0649893785117581,55.621148,12.60544,[0.012716450216450216],1,50.0,50.0,Tårnby
132,9,27y63,0.1123046123046123,0.0489669636696745,55.78355,12.37658,"[0.0723030723030723, 0.15684915684915685]",2,43.0,50.0,Furesø
133,307,rpgqjd,0.1107398017976492,0.0921022418709609,55.09326,10.253922,"[0.11016363217331182, 0.11131597142198664]",2,150.0,300.0,Faaborg-Midtfyn
134,115,8pdewg,0.1107204250664166,0.0352827269256914,55.640589,12.097662,"[0.01617440225035162, 0.15213314580403187, 0.16385372714486637]",3,60.0,300.0,Roskilde
135,17,2p87z6,0.1107134610944354,0.0411461652206046,54.952145,8.887219,"[0.20041608876560332, 0.18610020780420225, 0.021242207342415147, 0.03532671438466867]",4,160.0,160.0,Tønder
136,53,5ykjz2,0.110247959824231,0.0143041962636452,55.692466,12.46268,"[0.019538606403013182, 0.1838512241054614, 0.16078154425612054, 0.15393794749403342, 0.12728719172633254, 0.022673031026252982, 0.182909604519774, 0.09887005649717515, 0.010828625235404897]",9,60.0,300.0,Rødovre
137,356,ym96xm,0.110192040721888,0.0334028096751216,55.101888,10.240557,"[0.07635354002776493, 0.1112910689495604, 0.12447940768162888, 0.12864414622859788]",4,300.0,300.0,Faaborg-Midtfyn
138,363,ypxj99,0.1099101287345154,0.0527248947394633,55.735229,9.10298,"[0.14476560602380373, 0.0750546514452271]",2,150.0,150.0,Billund
139,150,dnpzzw,0.1082820148428864,0.0241839387698792,55.883202,12.497602,"[0.14898152534343914, 0.006395073424917101, 0.14519185220274752, 0.21887550200803213, 0.13975903614457832, 0.007228915662650603]",6,60.0,300.0,Hørsholm
140,218,kpen9p,0.1070332782629218,0.0201420017513871,55.797243,12.480904,"[0.14278970970025961, 0.13122492329478405, 0.008968609865470852, 0.17677602076941232, 0.010148690110927543, 0.1722917158366769]",6,60.0,300.0,Lyngby-Taarbæk
141,140,9key76,0.1067358327438497,0.0167232237264558,55.616571,12.3517,"[0.005187455788729073, 0.17307238858759727, 0.1341664701721292, 0.1919358641829757, 0.002357934449422306, 0.13369488328224474]",6,60.0,300.0,Ishøj
142,14,2je655,0.1066942401960784,0.0364954357930639,55.057086,10.576668,"[0.15073529411764705, 0.07881433823529412, 0.09053308823529412]",3,22.0,150.0,Svendborg
143,87,7n95kg,0.1056910569105691,0.0515591470970472,55.712559,12.560633,"[0.07526132404181185, 0.13612078977932637]",2,240.0,240.0,København
144,394,zppnz7,0.1055812838785623,0.0144998622805369,56.361676,8.620159,"[0.2449406838799721, 0.2612235403582228, 0.1886485229123052, 0.2000465224470807, 0.2226099092812282, 0.24028843917190043]",6,300.0,300.0,Holstebro
145,152,dr8d96,0.1041666666666666,0.0555521893682339,55.889536,12.496199,"[0.11267605633802817, 0.09593023255813954]",2,300.0,300.0,Hørsholm
146,188,gmzwzx,0.1037491157745814,0.0334683831638537,55.394356,10.356639,"[0.00825277057297807, 0.15821740155623673, 0.1447771751945296]",3,60.0,300.0,Odense
147,43,5n5q8y,0.1035930022750451,0.0178480414701665,55.867289,9.844402,"[0.10567192280536597, 0.19887032242880678, 0.008237232289950576, 0.11320310661332078, 0.005883737349964698, 0.18969169216286186]",6,60.0,300.0,Horsens
148,154,drxx56,0.1021197626702213,0.015134822905525,55.309564,10.805103,"[0.16466713714420136, 0.019289578922606444, 0.13902611150317573, 0.13714420136438485, 0.015760997412373558, 0.17219477769936486, 0.01787814631851329, 0.1305575158786168, 0.12255939778875559]",9,60.0,300.0,Nyborg
149,67,62z2dj,0.1021063346644741,0.0229234549601236,55.654425,12.40528,"[0.018297533810660304, 0.1105807478122514, 0.12609387430389818, 0.15832746065304204, 0.11862814188395583, 0.039934225980737606]",6,60.0,300.0,Brøndby
150,274,qk2wk2,0.1004471168670983,0.0330622309652893,55.059204,10.608146,"[0.09320074005550416, 0.08209990749306198, 0.12604070305272896]",3,22.0,75.0,Svendborg
151,270,pzgqw6,0.0970544104872462,0.0187114372968278,56.103765,10.145462,"[0.1781568348732528, 0.00923951670220327, 0.13764510779436154, 0.1257995735607676, 0.009476427386875147, 0.12200900260601753]",6,60.0,300.0,Århus
152,107,8ey3gw,0.0964604591836734,0.0457960800947172,55.889536,12.496199,"[0.10427295918367346, 0.08864795918367346]",2,300.0,300.0,Hørsholm
153,199,jrqpkp,0.0963815680971072,0.0144595968145438,55.70217,12.591061,"[0.10402219140083217, 0.12422073424151465, 0.0664973447240822, 0.11336873701223736, 0.05795428307550219, 0.18032786885245902, 0.10228584622489033, 0.022396675132763794]",8,300.0,300.0,København
154,76,792yy,0.0960992081974848,0.0177864341340107,55.23286,11.75768,"[0.10200279459711226, 0.26432231020027946, 0.053952791307605844, 0.03656264555193293, 0.0]",5,22.0,225.0,Næstved
155,373,yr8252,0.0939457202505219,0.0454644972850436,55.818009,12.371355,"[0.04430526559962886, 0.14358617490141498]",2,43.0,50.0,Furesø
156,130,9e6z9g,0.093841642228739,0.0466906624411159,56.025982,12.58673,"[0.08917197452229299, 0.09872922776148582]",2,300.0,300.0,Helsingør
157,341,xpr5gw,0.0869952724172672,0.0144907860499961,55.643301,12.400076,"[0.0478958381771681, 0.11857707509881422, 0.1267147175075564, 0.0741687979539642, 0.05533596837944664, 0.09927923738665427]",6,150.0,150.0,Brøndby
158,333,x5ny52,0.0869130100076982,0.0307647553990895,55.058723,10.60415,"[0.10531177829099307, 0.09607390300230947, 0.05935334872979215]",3,22.0,75.0,Svendborg
159,33,3ge6r,0.0850074404761904,0.0403147747864497,55.701301,12.59315,"[0.011532738095238096, 0.15848214285714285]",2,43.0,50.0,København
160,137,9k5e8m,0.08007229294358,0.013865152361117,55.647029,12.288385,"[0.12517680339462517, 0.07967939651107968, 0.014144271570014143, 0.12423385195662423, 0.12258368694012259, 0.014615747289014616]",6,60.0,300.0,Høje Taastrup
161,123,952w6,0.0784608273630691,0.061052369188682,55.668475,12.573211,"[0.05592789461520684, 0.10099376011093136]",2,43.0,50.0,København
162,381,z2w9zr,0.0775074791371437,0.0132380938228324,55.367895,10.357036,"[0.002834199338686821, 0.09069437883797828, 0.07581483230987246, 0.006613131790269249, 0.20736891828058573, 0.08171941426547001]",6,60.0,300.0,Odense
163,187,gmmjjm,0.0747793776126335,0.0380768967267669,54.776469,11.515257,"[0.052717138875986995, 0.09684161634928007]",2,150.0,150.0,Lolland
164,216,kp26k2,0.0747410262587328,0.021656408820055,56.181601,10.124751,"[0.06769453143820767, 0.07925801011804384, 0.06986268369067694, 0.0821488797880029]",4,300.0,300.0,Århus
165,205,k2jp28,0.0745441957073621,0.0401482513357622,56.15669,8.967349,"[0.04944547134935305, 0.09969997692130164]",2,100.0,100.0,Herning
166,48,5w38e,0.0730155056699838,0.0339614833243332,57.022364,9.903855,"[0.09858828974774357, 0.04744272159222402]",2,43.0,50.0,Aalborg
167,117,8pey2q,0.072341092562113,0.0126264114846741,55.778935,12.173989,"[0.0077592287796849286, 0.101105102280743, 0.11192099694333411, 0.10345638372913238, 0.0101105102280743, 0.09969433341170938]",6,60.0,300.0,Egedal
168,101,7wrw58,0.0712825351891169,0.0137354398183943,56.186153,9.558184,"[0.09577730596838877, 0.11842415664071715, 0.0028308563340410475, 0.09247464024534088, 0.009436187780136825, 0.10875206416607691]",6,60.0,300.0,Silkeborg
169,133,9eknkd,0.0703652012095836,0.0368693640377154,56.486855,8.583807,"[0.05954873226331705, 0.08118167015585019]",2,240.0,240.0,Struer
170,139,9kedyp,0.0702473498233215,0.0086409614238184,56.039396,12.613162,"[0.061248527679623084, 0.0812720848056537, 0.023321554770318022, 0.07868080094228504, 0.08032979976442874, 0.08386336866902237, 0.023332547725665804, 0.06151308036766439, 0.00895592740985152, 0.2000942729201037]",10,22.0,50.0,Helsingør
171,70,6ee2rz,0.069997697444163,0.036669898658907,55.438328,8.385841,"[0.04282753856781027, 0.09716785632051578]",2,300.0,300.0,Fanø
172,6,25w36x,0.069719861504564,0.0112996092908531,56.36633,8.637648,"[0.006846081208687441, 0.06468366383380547, 0.10056657223796034, 0.007318224740321058, 0.20184135977337112, 0.037063267233238904]",6,60.0,300.0,Holstebro
173,291,qzg9gj,0.0684384974220476,0.0165423057081542,56.797596,9.507178,"[0.01743186840166953, 0.04075619936164989, 0.12226859808494966, 0.09329732383992144]",4,22.1,120.0,Vesthimmerland
174,247,njjk2x,0.0680685358255451,0.0123477525659012,55.937623,12.487266,"[0.0044392523364485985, 0.0794392523364486, 0.12196261682242991, 0.005373831775700935, 0.12476635514018691, 0.07242990654205607]",6,60.0,300.0,Fredensborg
175,254,nzn5nr,0.0680232558139534,0.0123847607730419,55.70255,12.549548,"[0.0869767441860465, 0.049534883720930234, 0.1086046511627907, 0.08046511627906977, 0.022325581395348838, 0.06023255813953488]",6,150.0,150.0,København
176,206,k2knkx,0.067988324008757,0.0342450762626647,55.794465,9.646648,"[0.08002918997810751, 0.05594745803940647]",2,150.0,150.0,Hedensted
177,231,mwq6dg,0.0667683642337479,0.0152657695195484,55.86916,12.346768,"[0.0051937674790251695, 0.057530962844586496, 0.04115061925689173, 0.10279277164984746, 0.1220370804975358, 0.015019948368927482]",6,60.0,300.0,Allerød
178,362,ypp2yx,0.0666705148926345,0.0154587503059473,56.172876,10.196563,"[0.08483587609801202, 0.06949896097898868, 0.05864696374971138, 0.05379819903024705]",4,225.0,225.0,Århus
179,181,geye9q,0.0658942224324111,0.0216213941485208,55.472953,8.435814,"[0.10759044691416411, 0.007093875620714117, 0.08299834476235517]",3,60.0,300.0,Esbjerg
180,234,mwrmwy,0.064516129032258,0.0205452554720234,55.060149,10.608458,"[0.023439313065676492, 0.08865165931770712, 0.08145741471339057]",3,22.0,75.0,Svendborg
181,304,rp75w9,0.0644383184011026,0.0332433482740098,57.033893,9.908146,"[0.050816279604506784, 0.0781070526073972]",2,300.0,300.0,Aalborg
182,91,7nzpw9,0.0639089007669068,0.0329904817036495,56.470719,10.031144,"[0.05995816871949802, 0.06785963281431559]",2,150.0,150.0,Randers
183,316,wj6ex8,0.0634395907123179,0.0121005371767599,56.108643,8.978481,"[0.07319952774498228, 0.08311688311688312, 0.018417945690672965, 0.01936245572609209, 0.10531286894923259, 0.08122786304604486]",6,60.0,300.0,Herning
184,41,5jq9ge,0.0630784218217243,0.0304903017656938,55.4824,12.186404,"[0.04335119337554798, 0.08280565026790063]",2,300.0,300.0,Køge
185,322,wqrw9x,0.0625485625485625,0.0103091946178913,55.845299,9.487717,"[0.05617715617715618, 0.09230769230769231, 0.026806526806526808, 0.015850815850815853, 0.1414918414918415, 0.04265734265734266]",6,150.0,150.0,Hedensted
186,38,5jn75z,0.0619773733398917,0.0303596707476248,56.137189,10.177534,"[0.08284023668639054, 0.04131824889326119]",2,300.0,300.0,Århus
187,165,ej672k,0.0619633325597586,0.0322552902057902,56.23066,10.237237,"[0.05198421907635182, 0.07194244604316546]",2,150.0,150.0,Århus
188,39,5jnk7y,0.061377245508982,0.0334929656926643,55.731444,9.135783,"[0.06333486872409028, 0.05941962229387379]",2,150.0,150.0,Billund
189,113,8nkngr,0.061063385186905,0.0311055108443669,55.708399,11.900309,"[0.07415155741515574, 0.048061295565358715]",2,75.2,75.2,Lejre
190,36,3ryq3r,0.0589519650655021,0.0296540467206512,55.765375,12.488927,"[0.06857976653696499, 0.049490538573508006]",2,300.0,300.0,Lyngby-Taarbæk
191,178,geg28p,0.0587415130940834,0.0079632230058108,55.391936,11.352533,"[0.08341416100872939, 0.13554801163918526, 0.07977691561590688, 0.12148399612027158, 0.0019398642095053346, 0.013094083414161009, 0.014791464597478177, 0.01988360814742968]",8,50.0,300.0,Slagelse
192,217,kp7jk5,0.058684901869881,0.0102928214722795,55.685449,12.451551,"[0.04033379694019471, 0.09573481687528976, 0.043115438108484005, 0.08368103847936949, 0.028280018544274456, 0.06096430227167362]",6,150.0,150.0,Rødovre
193,151,dr85e6,0.058,0.0099389921811668,56.450115,9.391854,"[0.006823529411764706, 0.05364705882352941, 0.09247058823529412, 0.011058823529411765, 0.07270588235294118, 0.11129411764705882]",6,60.0,300.0,Viborg
194,372,yr7yq2,0.0576741996233521,0.0194079059684092,57.587952,9.958504,"[0.06426553672316385, 0.09157250470809793, 0.017184557438794726]",3,60.0,300.0,Hjørring
195,319,wjyrnn,0.0574100378787878,0.0104573523911265,57.039356,9.93138,"[0.011600378787878788, 0.05658143939393939, 0.1025094696969697, 0.06131628787878788, 0.008996212121212122, 0.10345643939393939]",6,60.0,300.0,Aalborg
196,385,z65qz,0.0568050081150011,0.028544242349681,55.56086,12.22931,"[0.022490146070020867, 0.09111987015998145]",2,43.0,50.0,Greve
197,71,6ejdj8,0.0566007653061224,0.0286135132880904,55.410292,10.339689,"[0.041135204081632654, 0.07206632653061225]",2,300.0,300.0,Odense
198,75,6krm3r,0.0538419276351934,0.0088630688471966,55.946966,12.04781,"[0.045443842712502944, 0.11043089239463151, 0.004944666823640216, 0.0030609842241582294, 0.08523663762655992, 0.073934542029668]",6,60.0,300.0,Halsnæs
199,294,re8djg,0.0536651234567901,0.0093843152969413,56.456639,9.394074,"[0.043055555555555555, 0.07291666666666667, 0.025925925925925925, 0.056712962962962965, 0.046064814814814815, 0.07731481481481481]",6,150.0,150.0,Viborg
200,8,27y26,0.053501400560224,0.0110150546326398,55.702638,12.57475,"[0.0838001867413632, 0.019374416433239963, 0.10947712418300654, 0.021241830065359478, 0.03361344537815126]",5,22.0,110.0,København
201,182,gjenxn,0.0521536670547147,0.0265061897018499,55.360752,9.483662,"[0.06775320139697323, 0.03655413271245635]",2,150.0,150.0,Kolding
202,343,xpxznm,0.0511194614059809,0.0088052873725806,55.582639,12.297531,"[0.09182714889619539, 0.01338656646312823, 0.0018788163457022077, 0.09417566932832315, 0.099577266322217, 0.0058713010803193985]",6,60.0,300.0,Greve
203,164,eerm7k,0.0507884972170686,0.0266474876152775,55.46024,10.656291,"[0.06771799628942486, 0.03385899814471243]",2,22.0,60.0,Kerteminde
204,86,7n6e5x,0.0506190252311549,0.0089453282415555,55.223334,11.758216,"[0.05077574047954866, 0.10272684532204984, 0.0016455101081335214, 0.0030559473436765397, 0.07263751763046544, 0.07287259050305595]",6,60.0,300.0,Næstved
205,7,25zew9,0.0502915451895043,0.0137824180184137,56.377499,8.620042,"[0.021865889212827987, 0.03231292517006803, 0.08697764820213799, 0.06000971817298348]",4,150.0,150.0,Holstebro
206,202,jz262g,0.0493956299395629,0.0040672933359318,56.954006,8.692057,"[0.03509995350999535, 0.04160855416085542, 0.006741050674105067, 0.009762900976290097, 0.04625755462575546, 0.0023245002324500234, 0.00046490004649000463, 0.3179916317991632, 0.014179451417945141, 0.019525801952580194]",10,22.0,300.0,Thisted
207,129,9e62kk,0.0483646485734168,0.0241684386943021,56.126907,10.185179,"[0.0554395731848759, 0.041289723961957785]",2,150.0,150.0,Århus
208,197,jre33n,0.0472890833941162,0.025182945836538,55.84925,11.574277,"[0.042791150012156574, 0.051787016776075855]",2,150.0,150.0,Odsherred
209,22,33r3q9,0.0468958480496036,0.0082610873598965,57.444144,10.539302,"[0.08194019307746644, 0.009418412997409937, 0.06828349423122204, 0.06404520838238757, 0.05392041441017189, 0.0037673651989639746]",6,60.0,300.0,Frederikshavn
210,145,dn8jdj,0.0468762126503686,0.0075443849991598,55.478315,8.493108,"[0.02840512223515716, 0.06845168800931316, 0.020023282887077998, 0.04423748544819558, 0.03445867287543655, 0.08568102444703143]",6,150.0,150.0,Esbjerg
211,157,dxx9kq,0.0455868653935724,0.0043125718842786,56.137094,8.965468,"[0.2505822077317187, 0.09385188635305076, 0.0055891942244993015, 0.010246856078248719, 0.0032603632976245926, 0.0006986492780624127, 0.0004657661853749418, 0.0]",8,22.0,50.0,Herning
212,2,257jn3,0.0450534138411518,0.0117618206073905,56.453939,9.449268,"[0.049001393404551785, 0.03344170924291686, 0.03158383650719926, 0.06618671620993961]",4,150.0,150.0,Viborg
213,325,wxjqew,0.0446901635567841,0.0129792876198119,55.73369,9.127637,"[0.01612531674729325, 0.06611379866390232, 0.036627505183137524, 0.0598940336328035]",4,150.0,150.0,Billund
214,396,zprj3z,0.0434571497936392,0.0221518140327679,56.381011,10.506181,"[0.04782714251031804, 0.03908715707696043]",2,150.0,150.0,Syddjurs
215,135,9eyjd9,0.0434117647058823,0.0074701175363061,55.697788,11.72707,"[0.06023529411764706, 0.11223529411764706, 0.002823529411764706, 0.03676643884044308, 0.0037709168041480086, 0.04360122554796135]",6,60.0,300.0,Holbæk
216,282,qkq78g,0.0421598205306722,0.0072750617309489,57.022229,9.904365,"[0.017637502900905083, 0.015548851241587376, 0.054304943142260385, 0.07704803898816431, 0.03759572986771873, 0.05082385704339754]",6,150.0,150.0,Aalborg
217,232,mwr3g9,0.0405582542987123,0.0069540612555049,55.626112,12.097063,"[0.03469812630117974, 0.018505667360629193, 0.04533888503354152, 0.05343511450381679, 0.04765209345362017, 0.04371963913948647]",6,150.0,150.0,Roskilde
218,371,yr7n75,0.0402700186219739,0.0074324041134545,57.417747,10.522992,"[0.040502793296089384, 0.054702048417132214, 0.030027932960893854, 0.03328677839851024, 0.03165735567970205, 0.05144320297951583]",6,150.0,150.0,Frederikshavn
219,79,7kkxxj,0.0400834105653382,0.0219155434466272,55.259656,9.474723,"[0.04772937905468026, 0.03243744207599629]",2,150.0,150.0,Haderslev
220,350,y68n9,0.0398567467652495,0.0191529260880505,55.450806,11.789028,"[0.02657116451016636, 0.05314232902033272]",2,43.0,50.0,Ringsted
221,174,exx87z,0.0386640249080101,0.0025887582665814,55.635438,12.066931,"[0.05208038494197566, 0.019813189923577695, 0.012170959524483441, 0.02207755448627229, 0.019247098782904048, 0.061986979903764505, 0.08151712425700537, 0.021794508915935467, 0.011321822813472968, 0.018397962071893575, 0.07047834701386924, 0.0016982734220209455, 0.046419473535239175, 0.07953580526464761, 0.020945372204924994, 0.033682422870082086, 0.03481460515142938, 0.02009623549391452, 0.037928106425134445, 0.10727427115765638]",20,22.0,300.0,Roskilde
222,292,qzzn72,0.0385149201943095,0.0117624400249068,57.592543,10.412341,"[0.04695813092759658, 0.05227851029377747, 0.020356234096692113, 0.03446680545917187]",4,300.0,300.0,Frederikshavn
223,128,9e62ez,0.0384225703374639,0.0067085806691323,54.891053,9.549193,"[0.06150608044901777, 0.05332086061739944, 0.030168381665107578, 0.03461178671655753, 0.024555659494855005, 0.026420388122515782]",6,22.0,50.0,Sønderborg
224,283,qp87g7,0.0376161520440127,0.004924283741624,56.439266,10.049898,"[0.09334280976072021, 0.0544894574745321, 0.006633499170812604, 0.04169628050225065, 0.04477611940298507, 0.005685856432125089, 0.005685856432125089, 0.036010424070125564, 0.050225065150438286]",9,60.0,300.0,Randers
225,136,9k2pk3,0.0370023419203747,0.0076880526219834,56.751527,8.417567,"[0.041920374707259955, 0.04519906323185012, 0.01639344262295082, 0.02177985948477752, 0.047306791569086654, 0.04941451990632319]",6,22.0,50.0,Thisted
226,301,rgjd25,0.0366739288307915,0.01820675539519,55.274248,11.799468,"[0.040183974824497704, 0.03316388283708545]",2,150.0,150.0,Næstved
227,253,nz69w2,0.0359795728876508,0.0184404843748349,54.899064,11.871619,"[0.02808727948003714, 0.04387186629526462]",2,150.0,150.0,Guldborgsund
228,345,xrmqr2,0.033729234590902,0.0082054492509967,57.115455,8.60822,"[0.02421984163949697, 0.0002328830926874709, 0.04448067070330694]",3,22.0,60.0,Thisted
229,300,rgj9z7,0.0331224123115381,0.0057917458858082,56.02034,12.568733,"[0.01288961799859386, 0.032575580032809935, 0.025544879306304193, 0.05788610264823061, 0.022498242324818375, 0.04734005155847199]",6,300.0,300.0,Helsingør
230,212,kj3rrz,0.0320571955719557,0.0173111994960779,56.700175,8.221635,"[0.024705610713461095, 0.03943726937269373]",2,150.0,150.0,Lemvig
231,173,exnwzy,0.0310410697230181,0.015038132537857,55.26112,9.910397,"[0.026743075453677174, 0.03533906399235912]",2,150.0,150.0,Assens
232,72,6ek755,0.0305307656176608,0.0048620312746936,55.4602,11.799499,"[0.0007045561296383278, 0.03757632691404415, 0.09722874589008924, 0.0028182245185533112, 0.019492719586660403, 0.025364020666979802]",6,60.0,300.0,Ringsted
233,42,5jq9ke,0.0301713734009172,0.0146616558003103,55.00714,11.915559,"[0.02293024378469708, 0.03741250301713734]",2,150.0,150.0,Vordingborg
234,60,626ngz,0.029049500348594,0.0147300819285043,54.886893,10.410471,"[0.03047929269427641, 0.027655124331861493]",2,60.0,60.0,Ærø
235,224,m8xe2d,0.0288602045786653,0.0148185300261701,56.031235,8.859013,"[0.015830491962981003, 0.04188991719434973]",2,150.0,150.0,Herning
236,327,wxxzzn,0.027578947368421,0.003251858237076,55.330435,8.764603,"[0.048654970760233916, 0.022690058479532163, 0.04514619883040936, 0.014502923976608188, 0.019883040935672516, 0.014502923976608188, 0.023859649122807018, 0.017309941520467838, 0.03695906432748538, 0.032280701754385965]",10,22.0,150.0,Esbjerg
237,324,wxdewp,0.0270367700072098,0.0129106642726415,56.196524,8.298722,"[0.026435952895938475, 0.027637587118481133]",2,150.0,150.0,Ringkøbing-Skjern
238,342,xpxqw3,0.0268992248062015,0.0045617302984348,56.186782,9.563237,"[0.023023255813953487, 0.018837209302325582, 0.04, 0.030930232558139537, 0.020930232558139535, 0.02767441860465116]",6,150.0,150.0,Silkeborg
239,18,2ppqr7,0.0259440267335004,0.0035237127611349,55.72927,9.112851,"[0.007485380116959065, 0.057777777777777775, 0.0, 0.027608797379503978, 0.006551240056153486, 0.010762751520823585, 0.05240992044922789, 0.019415204678362573]",8,22.0,150.0,Billund
240,69,6e3972,0.0257711677683349,0.0051011367615797,56.79308,8.853532,"[0.044381491973559964, 0.0035410764872521247, 0.030217186024551465, 0.049102927289896126, 0.0033050047214353163, 0.024079320113314446]",6,60.0,300.0,Morsø
241,344,xr5pze,0.0253960857409133,0.0069288805999162,57.592115,9.966007,"[0.035414725069897485, 0.011649580615097856, 0.031220876048462257, 0.023299161230195712]",4,300.0,300.0,Hjørring
242,399,zpxddy,0.0251363528574816,0.0044412797642305,55.446462,12.173246,"[0.041261560350960395, 0.003082760256106237, 0.043632914394119045, 0.02513635285748162, 0.0021342186388427793, 0.03557031064737965]",6,60.0,300.0,Køge
243,211,kj3rmd,0.0249587944431363,0.0044274169179161,55.610463,8.493445,"[0.0035319048740287263, 0.0035319048740287263, 0.04826936661172592, 0.0018836825994819873, 0.02825523899222981, 0.06428066870732281]",6,60.0,300.0,Varde
244,225,m8zkjj,0.0248905277713758,0.0125200145229809,55.48796,11.29599,"[0.016147635524798153, 0.03364830606130445]",2,300.0,300.0,Kalundborg
245,40,5jq92e,0.0236067169627646,0.0116139601885617,56.390391,8.805212,"[0.019956193721100024, 0.027257240204429302]",2,150.0,150.0,Holstebro
246,35,3r926z,0.0228591320491993,0.0110256210522641,57.061677,10.182387,"[0.04246925040612671, 0.0032490136922719887]",2,85.5,85.5,Aalborg
247,312,rqyd9,0.0220781225876177,0.0078515679823906,55.254194,11.790111,"[0.03543307086614173, 0.00856878184344604, 0.0222325150532654]",3,50.0,75.0,Næstved
248,5,25drzr,0.0218694061794692,0.0039068994392731,55.73591,9.095726,"[0.04342750408592108, 0.004903105300023348, 0.025449451319168807, 0.00046696240952603317, 0.04109269203829092, 0.015876721923885128]",6,22.0,150.0,Billund
249,155,drxy3d,0.0213546160483175,0.0009043216959489,55.435564,11.803835,"[0.0, 0.001725625539257981, 0.0, 0.0, 0.0, 0.0, 0.0, 0.0, 0.005176876617773943, 0.0030198446937014668, 0.0025884383088869713, 0.0, 0.06773080241587576, 0.03451251078515962, 0.0008628127696289905, 0.0, 0.015099223468507334, 0.007765314926660914, 0.0004314063848144953, 0.027178602243313203, 0.0021570319240724763, 0.14969801553062986, 0.17515099223468508, 0.04961173425366695, 0.0, 0.012510785159620362]",26,22.0,50.0,Ringsted
250,172,exnwyy,0.0188314823756639,0.0061386218941287,56.466197,10.064056,"[0.006035731530661516, 0.04080154514727185, 0.009657170449058426]",3,22.1,60.0,Randers
251,168,ejq8zp,0.0185485740783677,0.009859952243444,57.2485,9.99036,"[0.01692557384651055, 0.020171574310224902]",2,50.0,50.0,Brønderslev
252,346,xrqjdj,0.0178923380142892,0.0021864080709,56.549673,8.302795,"[0.005420054200542005, 0.020694752402069475, 0.003202759300320276, 0.010101010101010102, 0.0, 0.0, 0.06208425720620843, 0.04163587090416359]",8,11.0,80.0,Lemvig
253,290,qz53kg,0.0170811062049732,0.0042990559493106,56.255411,9.867087,"[0.015105740181268883, 0.00046479200557750407, 0.037415756448989076, 0.015338136184057634]",4,50.0,124.0,Favrskov
254,268,pz6wdm,0.0164067954386781,0.0024513084081874,56.185779,9.578401,"[0.016775396085740912, 0.0006981615080288574, 0.01885036071677915, 0.014661391668606005, 0.023039329764952293, 0.027926460321154294, 0.023272050267628578, 0.00605073306958343]",8,600.0,600.0,Silkeborg
255,241,n9zren,0.0156686859273066,0.0037016501681166,56.326678,10.046712,"[0.021435228331780055, 0.002096924510717614, 0.015843429636533086, 0.023299161230195712]",4,50.0,50.0,Favrskov
256,302,rp39yz,0.0156286177355869,0.0084981631085798,55.592095,11.859938,"[0.017153453871117292, 0.01412363973141931]",2,75.0,75.0,Lejre
257,185,gmeqzj,0.0155635269613515,0.0039388548175576,56.264016,10.06316,"[0.011802823420504514, 0.001388567461235825, 0.0349456144411016, 0.01411710252256422]",4,50.0,50.0,Favrskov
258,81,7ky5yz,0.0144663262825188,0.0075119780122057,56.359149,9.911765,"[0.010697787503039144, 0.01823486506199854]",2,150.0,150.0,Favrskov
259,223,m86pwk,0.0133256083429895,0.0031835367455442,56.391501,9.794386,"[0.047045191193511006, 0.0004634994206257242, 0.0034762456546929316, 0.002317497103128621]",4,28.8,50.0,Favrskov
260,80,7kne9d,0.0132582918027152,0.0015830944861774,57.456452,9.995052,"[0.01867170881588277, 0.003781611912077523, 0.021744268494445756, 0.002599858189553297, 0.03852517135428977, 0.0030725596785629874, 0.0, 0.011581186480737414, 0.02622873345935728, 0.0, 0.007561436672967864]",11,67.0,300.0,Hjørring
261,267,pz5kg3,0.0108545034642032,0.0053106579665471,55.13012,9.12968,"[0.008545034642032332, 0.013163972286374134]",2,43.0,50.0,Tønder
262,90,7nyr93,0.0092272202998846,0.0091441880913716,56.781975,8.836123,[0.00922722029988466],1,50.0,50.0,Morsø
263,349,y67jq,0.008145741471339,0.0027121830256165,56.964766,9.241929,"[0.0349002849002849, 0.002849002849002849, 0.03917378917378917, 0.0, 0.0]",5,11.0,150.0,Vesthimmerland
264,46,5np96k,0.0075684766938971,0.0037278521951795,57.061677,10.182387,"[0.0122537241710716, 0.0028832292167227293]",2,90.0,90.0,Aalborg
265,31,39xd56,0.0064980273845439,0.0032075337124495,55.41403,11.342991,"[0.003716608594657375, 0.0, 0.011139475516361104, 0.011139475516361104]",4,50.0,60.0,Slagelse
