lon,lat,NAME_2
12.3016512,55.243387,Stevns
12.1707463,55.3561171,Stevns
12.2488311,55.3300812,Stevns
12.3197274,55.2908193,Stevns
12.3414531,55.2682461,Stevns
12.3886066,55.2722742,Stevns
12.438909,55.2977441,Stevns
12.4165337,55.3237469,Stevns
10.3883014,55.401262,Odense
10.3146135,55.012157,Faaborg-Midtfyn
10.4204692,54.9698235,Svendborg
11.2827955,55.253475,Slagelse
10.3519648,55.395562,Odense
9.9297001,55.7684886,Hedensted
9.7094405,55.8756889,Horsens
9.6656198,55.8529416,Hedensted
9.7587656,55.8531119,Horsens
9.5078132,55.5032414,Kolding
9.6288552,55.5167688,Fredericia
8.4897481,55.4771298,Esbjerg
12.1516004,55.7348837,Roskilde
8.1427102,56.4821571,Lemvig
12.5522422,55.6922758,København
10.419405,55.385068,Odense
10.20416,56.19243,Århus
10.12574,56.17208,Århus
10.10757,55.33546,Assens
10.18615,56.19606,Århus
10.21797,56.19891,Århus
10.19679,56.20009,Århus
10.05801,56.12419,Århus
9.8940643,55.9000185,Horsens
10.72566,55.38398,Nyborg
12.43876,55.72525,Herlev
9.2660954,56.3239467,Viborg
8.310495,56.55059,Lemvig
9.7084538,54.8766948,Sønderborg
12.5396298,55.7105691,København
9.528136,56.339727,Viborg
9.4343024,56.3310608,Silkeborg
11.090456,55.679046,Kalundborg
11.1334134,55.3393553,Slagelse
9.329926,54.931092,Aabenraa
11.730752,55.703242,Holbæk
11.6420971,55.2696846,Næstved
12.199677,55.306712,Faxe
10.1290508,55.3856227,Assens
12.0792098,55.6385665,Roskilde
12.0708332,55.6391939,Roskilde
10.4849693,55.3077807,Faaborg-Midtfyn
10.394727,55.400818,Odense
10.7971811,55.3110017,Nyborg
11.6267405,54.6969756,Guldborgsund
12.1907204,55.4512196,Køge
12.4912974,55.9058183,Fredensborg
12.228854,55.971814,Hillerød
12.3486324,55.60966,Ishøj
12.1205061,55.6416243,Roskilde
9.2571627,56.9683632,Vesthimmerland
12.303308,55.732973,Egedal
12.532075,55.7004556,København
12.5513003,55.6865297,København
12.5601261,55.6727687,København
8.97337,56.135326,Herning
8.9276657,56.3287872,Herning
10.0108826,57.0441081,Aalborg
10.5838962,55.4280271,Kerteminde
10.264575,56.216942,Århus
9.772464,56.624974,Mariagerfjord
15.1244237,55.0612812,Bornholm
12.40143,55.718498,Ballerup
12.5747739,55.6764284,København
9.487101,55.249997,Haderslev
9.4775642,55.2516107,Haderslev
11.91562,55.0094,Vordingborg
10.1785759,56.1558366,Århus
12.1756447,55.5956529,Greve
10.0306,56.4821418,Randers
12.5570524,55.6935275,København
10.138549,56.162942,Århus
10.156442,56.166792,Århus
9.7982392,56.637361,Mariagerfjord
12.019072,54.862311,Guldborgsund
10.02318,56.483048,Randers
10.36996,55.40459,Odense
9.558462,55.45884,Kolding
9.519067,57.101726,Jammerbugt
10.146012,57.169561,Brønderslev
10.1056007,57.2361434,Brønderslev
9.7920165,56.6387823,Mariagerfjord
12.352637,55.610677,Ishøj
12.5194582,55.8307236,Rudersdal
8.9779516,56.1379264,Herning
10.3000728,57.4117966,Hjørring
12.3061469,56.1246189,Gribskov
12.3069825,55.6458925,Høje Taastrup
10.110959,56.190661,Århus
9.941933,57.022431,Aalborg
9.2001962,55.5244319,Vejen
8.5633625,56.199214,Herning
12.5610848,55.6699815,København
8.985579,56.1058498,Herning
9.7361027,56.0244781,Skanderborg
9.5557583,55.7232285,Vejle
12.5872982,55.6744756,
9.1274828,55.7348513,Billund
8.4597748,55.4647134,Esbjerg
8.4598043,55.4648822,Esbjerg
10.0947679,56.3085811,Favrskov
8.6893723,56.9549356,Thisted
9.1858147,56.4464829,Viborg
9.652882,56.1821345,Silkeborg
8.4868079,55.4775356,Esbjerg
8.4726351,55.4677516,Esbjerg
10.5574991,55.4588893,Kerteminde
12.1412464,56.051565,Gribskov
9.8043244,54.9023924,Sønderborg
12.0703084,55.8546477,Frederikssund
10.1852837,56.1531022,Århus
9.721168,55.572924,Fredericia
11.7581901,54.7024403,Guldborgsund
10.3488958,55.4894634,Nordfyns
10.5845,55.832165,Samsø
12.3625558,55.7319409,Ballerup
9.922326,57.404556,Hjørring
14.9553568,55.1631476,Bornholm
9.4813072,56.6915799,Vesthimmerland
8.7002124,55.4667102,Esbjerg
8.4825072,55.6199777,Varde
11.2835724,55.3357775,Slagelse
11.957748,55.200269,Næstved
10.1890752,56.1884763,Århus
9.464086,55.091819,Aabenraa
11.0855385,55.6776449,Kalundborg
10.1111029,56.1912721,Århus
8.4505804,55.4717361,Esbjerg
12.5609651,55.6697657,København
12.5567913,55.6860875,København
12.5909905,55.6712378,København
12.5510377,55.6989518,København
12.5995173,55.6568694,København
12.5526218,55.6858374,København
10.1883417,56.1724671,Århus
10.6685487,56.1608689,Syddjurs
8.4688997,55.6619587,Varde
10.398429,55.2349588,Faaborg-Midtfyn
9.4346646,56.665408,Vesthimmerland
10.3682436,55.248317,Faaborg-Midtfyn
10.5463954,55.341048,Odense
10.0514252,55.980456,Odder
9.8906935,56.4302299,Randers
11.3367269,55.3723501,Slagelse
10.1045266,56.7170454,Mariagerfjord
12.5160078,55.7109032,København
8.5383105,55.5027964,Esbjerg
8.4444927,55.4682236,Esbjerg
10.6771582,55.2934498,Nyborg
12.0142722,55.6334505,Roskilde
8.7064538,55.4647092,Esbjerg
12.157976,54.9508015,Vordingborg
8.4501411,55.4691787,Esbjerg
10.040777,56.4612534,Randers
9.8388725,55.8625153,Horsens
10.4267,55.414355,Odense
12.532529,55.703876,København
12.275501,55.650797,Høje Taastrup
10.9174888,56.4025663,Norddjurs
10.191333,56.761085,Mariagerfjord
10.4598097,56.3432924,Syddjurs
11.867798,55.390692,Ringsted
12.242668,55.415871,Stevns
12.409842,55.619108,Brøndby
12.181231,55.662543,Høje Taastrup
12.441861,55.7456479,Herlev
11.8651211,55.2108565,Næstved
11.74562,55.195478,Næstved
11.1803304,55.3663166,Slagelse
11.421765,55.419766,Slagelse
11.556151,55.45292,Sorø
12.131113,56.017065,Gribskov
11.9218636,55.9140923,Frederikssund
11.368946,55.964144,Odsherred
11.622932,55.88682,Odsherred
11.5767461,55.8525985,Odsherred
11.498628,55.8162897,Odsherred
11.882462,55.328513,Faxe
11.548614,55.306802,Næstved
11.209185,55.620682,Kalundborg
11.6490881,55.6590511,Holbæk
12.018235,55.45902,Køge
12.1659593,55.5263193,Solrød
12.115828,55.7981308,Frederikssund
12.3280902,55.8937654,Hillerød
11.8605236,55.6884886,Lejre
11.905741,55.698145,Lejre
12.1862997,55.4506073,Køge
11.017913,54.81194,Lolland
11.1874403,54.7606202,Lolland
11.727807,54.696113,Guldborgsund
11.647474,54.836633,Guldborgsund
11.9797584,55.1604934,Næstved
12.0404999,55.2449932,Faxe
11.871892,55.635109,Lejre
12.023972,55.9775809,Halsnæs
9.745679,56.818704,Rebild
9.652068,56.811978,Rebild
10.6051872,55.3469378,Kerteminde
12.5944832,55.6959977,København
11.9615548,54.7430576,Guldborgsund
8.4050657,56.0525955,Ringkøbing-Skjern
9.866024,54.98811,Sønderborg
10.315597,55.182365,Faaborg-Midtfyn
10.1953206,55.1733515,Faaborg-Midtfyn
10.057007,55.293167,Assens
10.013181,55.440863,Middelfart
10.08548,55.48965,Nordfyns
9.829892,54.925282,Sønderborg
10.438025,55.331513,Odense
9.3021144,55.3212683,Haderslev
9.385589,55.245049,Haderslev
9.808943,55.519206,Middelfart
9.8391,55.897952,Horsens
9.811262,55.792342,Hedensted
10.125855,55.908666,Odder
8.316604,56.113069,Ringkøbing-Skjern
8.312045,56.053976,Ringkøbing-Skjern
8.99692,55.695166,Billund
8.428468,56.367441,Holstebro
8.341732,56.343965,Holstebro
8.8695946,56.4562945,Holstebro
9.9898155,57.4597156,Hjørring
9.345947,56.449217,Viborg
11.783154,54.755186,Guldborgsund
9.551132,56.575695,Viborg
8.613351,56.361121,Holstebro
9.490901,55.932081,Ikast-Brande
10.6794289,56.2006109,Syddjurs
8.4899302,55.4769609,Esbjerg
11.3033679,55.2212287,Slagelse
10.4421578,55.9478344,Odder
12.0179645,55.9736152,Halsnæs
12.5011408,55.6594293,København
8.8536859,56.029949,Herning
10.1864978,56.1591408,Århus
12.040579,55.121617,Vordingborg
8.7421899,55.3966387,Esbjerg
8.3999013,55.5315082,Esbjerg
9.5272252,55.7062007,Vejle
9.5357097,55.7021854,Vejle
12.265605,55.598705,Greve
8.4021822,55.4455892,Fanø
11.5067291,55.8497129,Odsherred
11.8052018,55.7656795,Holbæk
12.0681293,55.83808,Frederikssund
12.1028669,55.7513008,Roskilde
9.915845,57.048687,Aalborg
10.1348957,56.1598176,Århus
12.1540922,55.4373684,Køge
12.3409356,55.7268996,Ballerup
11.3283797,55.3992082,Slagelse
12.3215445,55.7843011,Furesø
12.0217665,55.9704432,Halsnæs
12.021962,55.9708411,Halsnæs
10.2101198,56.1477445,Århus
9.4302905,55.5084228,Kolding
12.1288275,55.6515434,Roskilde
12.5747229,55.705411,København
12.5353942,55.682267,Frederiksberg
10.0356712,56.0850835,Skanderborg
12.6054083,55.6751892,København
10.1348375,56.155657,Århus
10.1346625,56.1560484,Århus
10.1349281,56.1572066,Århus
10.2131014,56.1665959,Århus
9.2693615,55.3187218,Haderslev
10.2277058,56.1627927,Århus
12.5969336,55.6611483,København
10.5871976,57.7227271,Frederikshavn
12.3713073,55.7791267,Furesø
8.4846381,56.3307714,Holstebro
12.5516487,55.7171433,København
11.3480044,55.3918652,Slagelse
12.5059031,55.6829432,Frederiksberg
10.3226562,55.4112919,Odense
10.1847969,56.1501425,Århus
9.9972236,56.291686,Favrskov
10.2033169,56.1569006,Århus
10.2055231,56.1393134,Århus
10.1916167,56.1404322,Århus
10.1947537,56.1635386,Århus
10.1902904,56.1477658,Århus
8.6936202,56.9552257,Thisted
10.2167227,56.3012284,Århus
10.2077893,56.1772213,Århus
10.1944605,56.1933532,Århus
10.185287,56.1659986,Århus
10.1550895,56.1676813,Århus
10.1710573,56.1808907,Århus
10.0953401,56.1527804,Århus
10.1563265,56.1530811,Århus
10.2180428,56.1944964,Århus
10.2381189,56.1953027,Århus
10.3050407,56.2294475,Århus
10.1812894,56.1293982,Århus
10.1154684,56.1411262,Århus
10.1628065,56.1260054,Århus
10.1777791,56.1104471,Århus
10.1367674,56.0932529,Århus
10.1636913,56.0694342,Århus
10.2073754,56.0572093,Århus
10.0877544,56.0416268,Århus
10.0739398,56.111203,Århus
10.1440193,56.2524116,Århus
10.1107777,56.1912406,Århus
9.9921925,56.1434344,Århus
10.0248489,56.2154058,Århus
10.2335651,56.2360938,Århus
10.2623024,56.2433677,Århus
10.3100247,56.2706651,Århus
10.3182437,55.3119375,Odense
10.7136098,56.3967786,Norddjurs
8.531266,56.6496903,Struer
9.8963966,56.3865006,Randers
10.6171441,55.0589523,Svendborg
12.539772,55.6616076,København
12.4181416,55.91632,Fredensborg
9.6100679,55.9729248,Horsens
10.6135418,55.0650578,Svendborg
12.5613969,55.6689576,København
12.50703323,55.77119949,Lyngby-Taarbæk
12.533452406666669,55.68606222666667,Frederiksberg
12.510006142857142,55.66454685714286,København
12.576367357142855,55.66691300476191,København
12.067068185714286,55.6481998,Roskilde
12.35596534,55.67712,Albertslund
12.35797278,55.67603506,Albertslund
12.49806258,55.7038827,København
12.488731146153848,55.68173909230769,København
12.537672,55.7016075,København
9.918161242857142,56.0283187,Skanderborg
12.491434531999998,55.68675629199999,København
9.93235772105263,57.04648092105263,Aalborg
9.91943187,57.04836236,Aalborg
9.920281483333332,57.04831154166666,Aalborg
12.518395053846156,55.66097638461538,København
12.5185209,55.661454260000006,København
8.455469107142857,55.46943086428571,Esbjerg
10.0364613,56.48373472,Randers
10.032858333333332,56.46478792777779,Randers
12.604506983333332,55.66530645555555,København
10.041100005882353,56.46136918235293,Randers
10.198550100000002,56.144314703125005,Århus
8.761730166666664,55.327046091666666,Esbjerg
9.60560946,56.193813160000005,Silkeborg
8.773835036507938,55.331789353968254,Esbjerg
8.583560483333335,55.46413368333332,Esbjerg
11.545616514285715,56.703828242857135,Norddjurs
9.943289914285714,57.49665247142857,Hjørring
9.035817414285717,56.54290294285715,Skive
8.958751385714285,56.59328087142858,Skive
10.000867475,57.02765631388888,Aalborg
12.456729952631582,55.68189021052629,Rødovre
12.563904727777778,55.683467488888894,København
9.027233781481485,56.54548442962963,Skive
12.599542242857142,55.67380018571429,København
12.49825938,55.70171147,København
9.13996099230769,55.57162755384615,Vejen
12.28135322222222,55.35713177777778,Stevns
12.407182217391304,55.34137286956522,Stevns
12.222866714285717,55.37470928571429,Stevns
12.233450222222224,55.40086122222222,Stevns
12.338071545454548,55.366789454545454,Stevns
12.281842352941178,55.38418464705882,Stevns
11.567123054545457,55.64698229090909,Holbæk
10.663141284615383,55.3646025923077,Nyborg
10.375036387179485,55.38825626410255,Odense
9.660808515384616,55.60229375384616,Fredericia
9.208044352941176,55.52510817647059,Vejen
9.599514571428571,55.36201628571428,Kolding
8.73392943076923,55.43527357692308,Esbjerg
10.193670911764706,56.15512502941176,Århus
12.205066590909093,55.64919201515152,Høje Taastrup
12.615144457894738,56.03819589473684,Helsingør
12.613881066666666,56.03395133333334,Helsingør
12.581228857142856,56.02208548571428,Helsingør
12.423744459999998,55.62320912,Brøndby
12.550551662962963,55.66533186296296,København
12.60658302,56.03302682000001,Helsingør
8.79569981904762,55.42116482380952,Esbjerg
9.725454652631578,54.91824806842106,Sønderborg
8.53905132,55.502645660000006,Esbjerg
12.20624942222222,55.64930298888888,Høje Taastrup
12.529812655555556,55.64675791111112,København
9.728719723809524,54.88240836666666,Sønderborg
8.43831466,55.52475162666667,Esbjerg
8.49400502,55.49134682,Esbjerg
12.479288900000002,55.65324236666666,Hvidovre
12.576824422222222,55.680560033333336,København
8.596692919999999,56.49060797999999,Struer
12.587633525,55.7076165,København
10.10165145714286,56.26851414285714,Favrskov
10.27377928,55.42074702,Odense
10.51606496923077,56.36734213846153,Syddjurs
8.979959855555554,55.31695648888889,Haderslev
11.91508,55.92298906,Frederikssund
8.58476885,55.46231927,Esbjerg
14.813180916666663,55.07187552222222,Bornholm
10.0058734125,57.02806741249999,Aalborg
12.439020015789474,55.72688759473685,Herlev
12.505796583333334,55.68272855833334,Frederiksberg
8.697761011111112,55.258288422222215,Esbjerg
12.5403384,55.685879580000005,Frederiksberg
8.3695786,55.7614267,Varde
8.322056691666667,56.27291961944444,Holstebro
9.705506322222222,55.64031125555555,Vejle
8.416926819999999,56.23404262,Ringkøbing-Skjern
9.707547852941175,55.26205669411763,Haderslev
12.205121366666669,56.05786803333333,Gribskov
12.55343496,55.70756246,København
9.102067899999998,54.94579746363636,Aabenraa
12.54957415,55.70295224166667,København
10.38873146,55.40054146,Odense
8.690941360869566,56.95663662608696,Thisted
9.147921613636363,55.30957089545454,Vejen
9.994747257142858,57.031315642857145,Aalborg
9.996524355555556,55.36170833333333,Assens
8.534848819999999,56.01957146,Ringkøbing-Skjern
9.746684788888889,56.68843022222222,Mariagerfjord
10.48157876,55.23973761,Faaborg-Midtfyn
9.736552025,55.505679605,Middelfart
12.278551794117645,55.58997184705882,Greve
8.53367373846154,56.65092373846153,Struer
9.81585792,56.23823754,Favrskov
15.11415854,55.14316506,Bornholm
10.176566014285712,56.17635988571429,Århus
8.479727180000001,57.0439519,Thisted
8.448118200000001,55.46708945,Esbjerg
10.527554054545456,55.28476798181817,Faaborg-Midtfyn
10.081295137499998,56.038123825,Århus
11.853142484,55.95937922800001,Halsnæs
11.9780728,55.499529,Køge
10.376376028571428,55.36356513333333,Odense
10.592200181818182,55.21743843636363,Faaborg-Midtfyn
10.115504114285716,56.71801084285714,Mariagerfjord
9.888199582608696,56.83576509130434,Rebild
9.429063372727272,54.99769892727272,Aabenraa
8.968593859999999,55.24336939333336,Haderslev
12.19369892,55.59533114,Greve
12.1701756,55.59526594,Greve
8.955432835294117,55.061113294117646,Tønder
8.968242988461535,55.24769022692307,Haderslev
10.582599207692304,57.72368331538461,Frederikshavn
9.764735476190475,57.28611604761905,Jammerbugt
9.618362545454543,57.2486909090909,Jammerbugt
9.263281086666668,57.08853930666667,Jammerbugt
12.357671295,55.730798095,Ballerup
11.943943637500002,55.615448525,Lejre
8.724700776923076,56.80471273076924,Morsø
11.876578785714283,55.29976692857143,Faxe
12.01456630769231,55.292959938461536,Faxe
12.122978046153843,55.25554204615384,Faxe
12.189967705882353,55.30120045882353,Faxe
12.328181044444442,55.7521041,Ballerup
12.24205836923077,55.56638996153846,Greve
9.484987942857144,55.250428157142856,Haderslev
14.697954272727277,55.10098824545455,Bornholm
9.501932215789472,55.6562549,Vejle
9.1472799375,56.47782570625,Viborg
10.069379180000002,55.32576654,Assens
9.821946644444443,56.36935141111111,Favrskov
10.25392442142857,55.39577582142858,Odense
12.196307955555554,55.88567537777778,Hillerød
10.044071457142858,55.415636,Assens
11.345903738461535,55.28506465384616,Slagelse
9.917169309090909,56.35680869090909,Favrskov
11.950351179999997,55.12608998666666,Vordingborg
9.7213868,55.99743276,Horsens
9.743088064285716,56.22431780357143,Silkeborg
9.53423815,56.166174881818186,Silkeborg
9.69524656470588,56.18833601176471,Silkeborg
10.809846457142855,54.96274218571428,Langeland
10.704524585714283,55.31660898571429,Nyborg
8.87980808,55.33172796,Esbjerg
12.55048517272727,55.70752659090908,København
10.3699131,55.40241033333333,Odense
11.21653046,54.91051988,Lolland
9.893003433333334,55.24403364444444,Assens
10.613245764705884,55.06267110588236,Svendborg
9.01925348888889,56.56947778888888,Skive
9.999859699999998,55.75432881111112,Hedensted
10.378284714285712,55.2872464,Faaborg-Midtfyn
8.797705093333333,56.39074671333334,Holstebro
9.42701470769231,56.43454626923077,Viborg
10.59874526,54.99739828500001,Svendborg
12.303791007142856,55.65163865,Høje Taastrup
8.900973935714285,55.2607147,Esbjerg
9.897251195454544,55.270702163636365,Assens
8.979259322222223,55.35351095555556,Vejen
8.884907366666667,55.21151935714287,Tønder
8.77452904,55.3096916,Esbjerg
8.78590296,55.35390606000001,Esbjerg
8.685211554054055,55.29723042162162,Esbjerg
9.990108588888887,56.350215533333326,Favrskov
12.267363788888888,55.791864877777776,Egedal
9.89372978181818,56.39172703333332,Randers
9.416511153846152,55.045582007692296,Aabenraa
10.21333864,55.32059438,Assens
11.94328582,55.9835077,Halsnæs
10.19281074736842,56.15468860526315,Århus
10.362715823529411,56.2992903882353,Syddjurs
9.131783086046513,55.945054344186026,Ikast-Brande
9.439477277777778,56.15427373333333,Silkeborg
10.3799089,55.4078477,Odense
11.81854232,55.49463218,Ringsted
9.794221380000003,54.91127467333334,Sønderborg
8.82423401111111,55.25108383333334,Esbjerg
9.497455876923077,54.97949967692308,Aabenraa
10.3595413,55.34000642,Odense
9.031714075,55.15408765,Tønder
10.453181244444446,55.29773529999999,Faaborg-Midtfyn
10.58245870952381,55.31003687142858,Faaborg-Midtfyn
9.418094133333334,55.75481347777779,Vejle
10.315495413333332,55.45125351333333,Odense
10.41725961,55.406955190000005,Odense
9.013632283333337,56.63583214166667,Skive
9.329800845454546,54.861953863636366,Aabenraa
9.438433571428572,55.71122591428571,Vejle
12.569469645454546,55.84850492727273,Rudersdal
15.143270480000002,55.13606864,Bornholm
12.6149278,55.63592188571429,Tårnby
8.772655259999999,55.15513990666668,Tønder
8.2893684,56.5882752,Lemvig
12.50565762,55.6833493,Frederiksberg
10.165255855555555,56.15454755555556,Århus
8.688570499999999,56.362567623809525,Holstebro
11.95548618888889,54.82761351111111,Guldborgsund
9.615733207692308,54.90411796153847,Sønderborg
10.0448294,56.32558126,Favrskov
9.912405346666668,56.03697096666667,Skanderborg
10.019697623076924,55.465765161538464,Middelfart
8.591143241176473,55.62738886470587,Varde
8.4759277,55.62170374545454,Varde
9.809665114285716,56.9623827,Aalborg
11.87223973076923,54.76449125384615,Guldborgsund
9.9112535,56.03625254,Skanderborg
11.927633854545457,54.58101873636363,Guldborgsund
10.44674868,55.38684542,Odense
10.447435711764705,55.38427163529411,Odense
10.44831346,55.38559936,Odense
10.444040655555556,55.384082477777774,Odense
12.08608947,55.64122281,Roskilde
9.465419388888888,56.621509144444445,Viborg
10.803620793333334,54.96124573333332,Langeland
11.545454028571427,55.729927942857145,Holbæk
10.140753044444445,56.09275006666666,Århus
14.992401782352944,55.03132114705883,Bornholm
9.301742085714285,54.96543941428571,Aabenraa
9.102902742857143,55.10195824285715,Tønder
9.071550144444444,55.12613076666666,Tønder
12.215380938461536,55.64825973076923,Høje Taastrup
9.210784272727274,55.19914221818183,Haderslev
8.820964833333333,55.058670953333326,Tønder
8.462621072222223,55.47437187222222,Esbjerg
9.76843115,54.96124340000001,Sønderborg
12.34956876923077,55.65574678461539,Albertslund
12.57256732222222,55.73390338888888,Gentofte
8.833682448000001,56.17404372000001,Herning
10.146159714285714,56.25426405714285,Århus
10.147948760526312,56.25471414473685,Århus
10.59438620625,55.831253875000016,Samsø
10.197595723076924,55.28977546923076,Assens
12.553116425,55.65782635,København
12.530496956521738,55.71612852173912,København
10.3117898,55.43900886,Odense
9.450539433333336,56.04080007499999,Silkeborg
12.409844615384616,55.61922338461538,Brøndby
10.595733738461538,56.50500233846152,Norddjurs
9.934260828571428,56.18291131428571,Skanderborg
8.46053672,55.4764831,Esbjerg
10.062432369230768,56.10330754615384,Århus
8.476077694444445,55.53458347222222,Esbjerg
9.78406817727273,54.91313402727273,Sønderborg
8.419884255555553,56.11098387777778,Ringkøbing-Skjern
11.8413083,55.25184149090909,Næstved
10.634614171428572,55.82010127142858,Samsø
11.45495256,55.753947700000005,Odsherred
10.227703233333331,56.2409026,Århus
9.656672244827588,56.3769179862069,Viborg
10.11579517,56.133430395000005,Århus
10.122512733333332,56.13588348888889,Århus
10.12997606,56.13332846,Århus
8.61440825882353,56.168103429411765,Herning
9.930021020000002,56.03272734,Skanderborg
10.138742744827583,56.16214496896552,Århus
11.241955966666666,55.43753223333333,Slagelse
8.3556705375,55.52390857499999,Esbjerg
8.630410990909091,55.47809598181818,Esbjerg
14.704107120000002,55.09982216,Bornholm
9.64665238148148,55.641907012962974,Vejle
9.504533592307697,56.4997999076923,Viborg
8.888795207692306,55.41431603846154,Vejen
9.285836166666668,56.44711224444445,Viborg
10.393480710526315,55.35615533157894,Odense
9.77590399090909,56.177171663636365,Silkeborg
10.428862536363637,55.23820296363636,Faaborg-Midtfyn
10.090349642857143,57.28435304285714,Brønderslev
10.3993904,55.37640494,Odense
11.355624510000002,55.250293,Slagelse
9.96895235,56.20134047500001,Skanderborg
8.6221201,56.36069104285715,Holstebro
8.85127162,55.88889546,Herning
8.855099436000001,55.88830145600001,Herning
8.848109544444444,55.91332052222222,Herning
11.32991516923077,55.39810424615385,Slagelse
9.53021981111111,55.678777644444445,Vejle
9.21013029090909,56.36700683636364,Viborg
9.978819016666668,55.484444033333325,Middelfart
10.577271014285714,56.29069924285714,Syddjurs
10.505452411111111,54.93116067777778,Ærø
9.40019154375,56.45322623125001,Viborg
9.654214191304348,55.64320752608696,Vejle
10.463998522222225,55.40352256666667,Odense
10.4842598,55.07252944,Svendborg
10.197892653846155,56.105589330769234,Århus
12.477748006666667,55.65442871999999,Hvidovre
9.8445702,55.9345361894737,Horsens
9.392501642857145,56.44241912857143,Viborg
8.925925272727273,56.71262608181817,Skive
10.321166855555555,56.275332977777765,Århus
10.463015853846152,55.377140130769234,Odense
8.559498185714286,55.51038352857143,Esbjerg
11.08115888,55.69297279999999,Kalundborg
12.178350831249997,55.49413715000001,Køge
10.13078122,56.12355226000001,Århus
10.83384304,56.47205586,Norddjurs
11.870982461111108,55.109675450000005,Vordingborg
8.59546778,56.36958374000001,Holstebro
8.485167279999999,55.47284622,Esbjerg
9.744968900000002,55.0597799,Sønderborg
12.29891888846154,55.589020965384606,Greve
12.542519428571428,56.07510210714286,Helsingør
12.316307736842104,55.74659274210526,Ballerup
9.9357677,56.15124606666666,Skanderborg
10.106232445454545,56.18773404545456,Århus
10.164332166666666,56.22250813333333,Århus
12.612756833333334,55.66739154444445,København
10.213551426315789,55.319339126315775,Assens
11.312881483333332,55.68401313333334,Kalundborg
12.033944000000002,55.5469351117647,Roskilde
9.97092034,54.92576636,Sønderborg
10.2015132625,57.47228935,Hjørring
10.0035446,55.71290105555555,Hedensted
11.864223272727273,55.51527350909091,Ringsted
8.541904339999999,55.538004490000006,Esbjerg
9.339551642857144,56.77537552857143,Vesthimmerland
9.545571336363636,56.08940131818181,Silkeborg
10.32344098,56.31228212,Syddjurs
8.49170430357143,55.48539011785715,Esbjerg
12.50182866,55.63932328,Hvidovre
9.10347296,55.41338509999999,Vejen
12.29875942,55.59721874,Greve
12.2992687,55.59905304,Greve
12.33734172,55.60479432,Greve
10.446706369565218,55.07418965217391,Svendborg
11.14606904,54.84184316000001,Lolland
8.365751411111113,55.53034576666667,Esbjerg
10.71352879090909,54.93947667272728,Langeland
10.5762458125,56.360727162499984,Syddjurs
12.56101134,55.66924015333333,København
9.62215096923077,56.38026508461538,Viborg
11.419147076923077,55.66295547692308,Holbæk
9.822141055555557,56.27903676666666,Favrskov
9.549192872727271,56.60505107272727,Viborg
9.50465986,56.61480855999999,Viborg
9.50442849,56.61605395,Viborg
9.437841,55.71107070000001,Vejle
9.473619555555556,56.53502861111112,Viborg
12.326707657142858,55.58580502142858,Greve
9.513424269230768,56.0257985076923,Silkeborg
10.03025614,56.07740799999999,Skanderborg
12.21884271818182,55.92470673636364,Hillerød
10.029072714285714,57.56355987142857,Hjørring
10.3335488,57.17646684444445,Brønderslev
12.43236512222222,55.83685198888889,Rudersdal
10.07739397,55.82647699,Hedensted
12.2749493,55.60782524,Greve
8.740553783333333,55.35831633333333,Esbjerg
11.966712,55.6556751,Lejre
12.054420427272726,55.632056118181815,Roskilde
12.015108866666669,55.63554391904761,Roskilde
10.534520215384616,55.05000857692309,Svendborg
8.910527788888889,56.74372292222223,Skive
9.494923669230769,56.416772692307696,Viborg
10.01091784285714,56.18864655000001,Århus
12.253502336363637,55.59776956363637,Greve
9.70175512,56.07956590000001,Skanderborg
12.24546582,55.75335632,Egedal
12.24589888,55.75128372,Egedal
12.24387128,55.75337928,Egedal
9.12322645263158,56.136340994736834,Ikast-Brande
11.687051753846156,55.75190699230769,Holbæk
8.796442344444445,56.96647506666667,Thisted
9.533234814285716,55.762351542857154,Vejle
8.66146009,55.70001798,Varde
12.05991748235294,55.0471972117647,Vordingborg
11.89153603888889,55.24550503333333,Næstved
9.723986463636365,54.861579863636365,Sønderborg
10.20117157142857,57.14767522857142,Brønderslev
12.519197152941176,55.63733165294118,København
11.8505342,55.96469857142857,Halsnæs
10.042002076923076,56.17207794615385,Århus
10.01028652,56.13136342,Århus
11.56183855,55.40110355384616,Sorø
10.528940108695652,55.23007602173914,Faaborg-Midtfyn
11.863863616666666,55.21122721111112,Næstved
10.649954627272727,55.49834298181818,Kerteminde
10.210672384615386,56.26885257692308,Århus
11.246845333333331,55.585236966666656,Kalundborg
10.208131927272728,56.26662563636364,Århus
9.938486966666668,56.07482361111111,Skanderborg
9.928743053333337,57.40591088666667,Hjørring
9.498760399999998,54.93320796363637,Sønderborg
11.378182551851854,55.3550400037037,Slagelse
9.437965884615384,55.12418394615384,Aabenraa
10.48383643846154,55.05475005384616,Svendborg
9.87930241111111,55.71544265555556,Hedensted
9.665516954545454,56.59829428181819,Mariagerfjord
10.54354309090909,56.34134912727272,Syddjurs
8.542093354545454,55.54060690909091,Esbjerg
10.427618555555556,56.45735424444444,Norddjurs
9.053107766666669,56.473068688888894,Viborg
9.813113254545454,56.494819863636366,Randers
9.144420268421054,56.6231347263158,Skive
9.506942754545456,55.65600800909092,Vejle
9.84598048181818,56.01218671818182,Skanderborg
12.58649585,55.63538449285714,København
11.642309855555558,55.51456515555556,Sorø
11.814142418181818,55.34920507272727,Næstved
11.37372105172414,55.29315609310344,Slagelse
12.52938252,55.77905424000001,Lyngby-Taarbæk
11.571975392592597,55.29801678518519,Næstved
10.535172045454546,55.05010415454544,Svendborg
10.42268525,55.07405938749999,Svendborg
10.38139702,55.0828984,Faaborg-Midtfyn
10.605400849999995,55.05840692173911,Svendborg
10.69804527142857,55.497267,Kerteminde
8.46089132857143,55.52510272857143,Esbjerg
10.01385726,56.1863466,Århus
11.771587144444446,55.3972588,Ringsted
10.67253318,56.3344911,Syddjurs
9.91107228888889,55.404936166666666,Middelfart
9.144688471428571,56.2941870142857,Viborg
10.525322622222223,56.30752893333333,Syddjurs
9.611973626086955,57.24824022173913,Jammerbugt
12.02471152,55.54817278,Roskilde
9.65472122222222,54.96376606666667,Sønderborg
9.404077439999998,56.45519382,Viborg
10.08895085,55.8243651,Hedensted
11.8844271,54.76822076,Guldborgsund
10.161444664285714,55.201267792857145,Assens
9.45197243076923,55.48188705384616,Kolding
12.081130775000002,55.62748241999999,Roskilde
12.469136066666668,55.74421844444444,Gladsaxe
9.511167711111112,55.2522013,Haderslev
10.27088228,56.2439894,Århus
9.336883319999998,56.352045780000005,Viborg
12.55056776,55.71856256,København
10.840071600000002,56.4096837,Norddjurs
8.498214509090909,55.95575616363636,Ringkøbing-Skjern
